-- MySQL dump 10.13  Distrib 8.0.42, for Win64 (x86_64)
--
-- Host: localhost    Database: house_service
-- ------------------------------------------------------
-- Server version	8.0.42

/*!40101 SET @OLD_CHARACTER_SET_CLIENT=@@CHARACTER_SET_CLIENT */;
/*!40101 SET @OLD_CHARACTER_SET_RESULTS=@@CHARACTER_SET_RESULTS */;
/*!40101 SET @OLD_COLLATION_CONNECTION=@@COLLATION_CONNECTION */;
/*!50503 SET NAMES utf8 */;
/*!40103 SET @OLD_TIME_ZONE=@@TIME_ZONE */;
/*!40103 SET TIME_ZONE='+00:00' */;
/*!40014 SET @OLD_UNIQUE_CHECKS=@@UNIQUE_CHECKS, UNIQUE_CHECKS=0 */;
/*!40014 SET @OLD_FOREIGN_KEY_CHECKS=@@FOREIGN_KEY_CHECKS, FOREIGN_KEY_CHECKS=0 */;
/*!40101 SET @OLD_SQL_MODE=@@SQL_MODE, SQL_MODE='NO_AUTO_VALUE_ON_ZERO' */;
/*!40111 SET @OLD_SQL_NOTES=@@SQL_NOTES, SQL_NOTES=0 */;

--
-- Table structure for table `cart_items`
--

DROP TABLE IF EXISTS `cart_items`;
/*!40101 SET @saved_cs_client     = @@character_set_client */;
/*!50503 SET character_set_client = utf8mb4 */;
CREATE TABLE `cart_items` (
  `id` bigint NOT NULL AUTO_INCREMENT,
  `cart_id` bigint NOT NULL,
  `vendor_id` bigint NOT NULL,
  `vendor_service_id` bigint NOT NULL,
  `schedule_at` datetime DEFAULT NULL,
  `quantity` int NOT NULL DEFAULT '1',
  `unit_price` bigint NOT NULL,
  `subtotal` bigint NOT NULL,
  `address_snapshot` varchar(255) CHARACTER SET utf8mb4 COLLATE utf8mb4_unicode_ci DEFAULT NULL,
  `notes` tinytext CHARACTER SET utf8mb4 COLLATE utf8mb4_unicode_ci,
  `created_at` timestamp NULL DEFAULT CURRENT_TIMESTAMP,
  `updated_at` timestamp NULL DEFAULT CURRENT_TIMESTAMP ON UPDATE CURRENT_TIMESTAMP,
  PRIMARY KEY (`id`),
  UNIQUE KEY `uk_cart_service` (`cart_id`,`vendor_service_id`),
  KEY `idx_ci_cart` (`cart_id`),
  KEY `idx_ci_vs` (`vendor_service_id`),
  KEY `idx_ci_vendor` (`vendor_id`),
  CONSTRAINT `fk_ci_cart` FOREIGN KEY (`cart_id`) REFERENCES `carts` (`id`) ON DELETE CASCADE,
  CONSTRAINT `fk_ci_vendor` FOREIGN KEY (`vendor_id`) REFERENCES `vendor_profile` (`user_id`) ON DELETE RESTRICT,
  CONSTRAINT `fk_ci_vs` FOREIGN KEY (`vendor_service_id`) REFERENCES `vendor_service` (`id`) ON DELETE RESTRICT,
  CONSTRAINT `ci_chk_money` CHECK (((`unit_price` >= 0) and (`subtotal` >= 0))),
  CONSTRAINT `ci_chk_qty` CHECK ((`quantity` > 0))
) ENGINE=InnoDB AUTO_INCREMENT=93 DEFAULT CHARSET=utf8mb4 COLLATE=utf8mb4_unicode_ci;
/*!40101 SET character_set_client = @saved_cs_client */;

--
-- Dumping data for table `cart_items`
--

LOCK TABLES `cart_items` WRITE;
/*!40000 ALTER TABLE `cart_items` DISABLE KEYS */;
INSERT INTO `cart_items` VALUES (2,2,3,3,'2025-10-07 09:00:00',2,400000,800000,'Ngõ 12 Kim Mã, Ba Đình, Hà Nội',NULL,'2025-10-03 04:02:30','2025-10-03 16:07:34'),(3,3,4,4,'2025-10-08 09:00:00',1,1500000,1500000,'Ngõ 13 Kim Mã, Ba Đình, Hà Nội',NULL,'2025-10-03 04:03:30','2025-10-03 16:07:34'),(4,3,5,5,'2025-10-08 10:00:00',1,1800000,1800000,'Ngõ 13 Kim Mã, Ba Đình, Hà Nội',NULL,'2025-10-03 04:03:30','2025-10-03 16:07:34'),(5,4,5,5,'2025-10-09 09:00:00',2,1800000,3600000,'Ngõ 14 Kim Mã, Ba Đình, Hà Nội',NULL,'2025-10-03 04:04:30','2025-10-03 16:07:34'),(6,5,6,6,'2025-10-10 09:00:00',1,500000,500000,'Ngõ 15 Kim Mã, Ba Đình, Hà Nội',NULL,'2025-10-03 04:05:30','2025-10-03 16:07:34'),(7,6,7,7,'2025-10-11 09:00:00',2,250000,500000,'Ngõ 16 Kim Mã, Ba Đình, Hà Nội',NULL,'2025-10-03 04:06:30','2025-10-03 16:07:34'),(8,6,8,8,'2025-10-11 10:00:00',2,900000,1800000,'Ngõ 16 Kim Mã, Ba Đình, Hà Nội',NULL,'2025-10-03 04:06:30','2025-10-03 16:07:34'),(9,7,8,8,'2025-10-12 09:00:00',1,900000,900000,'Ngõ 17 Kim Mã, Ba Đình, Hà Nội',NULL,'2025-10-03 04:07:30','2025-10-03 16:07:34'),(10,8,9,9,'2025-10-13 09:00:00',2,5000000,10000000,'Ngõ 18 Kim Mã, Ba Đình, Hà Nội',NULL,'2025-10-03 04:08:30','2025-10-03 16:07:34'),(11,9,10,10,'2025-10-14 09:00:00',1,3500000,3500000,'Ngõ 19 Kim Mã, Ba Đình, Hà Nội',NULL,'2025-10-03 04:09:30','2025-10-03 16:07:34'),(12,9,15,11,'2025-10-14 10:00:00',1,350000,350000,'Ngõ 19 Kim Mã, Ba Đình, Hà Nội',NULL,'2025-10-03 04:09:30','2025-10-03 16:07:34'),(13,10,15,11,'2025-10-15 09:00:00',2,350000,700000,'Ngõ 20 Kim Mã, Ba Đình, Hà Nội',NULL,'2025-10-03 04:10:30','2025-10-03 16:07:34'),(91,1,15,13,'2025-10-18 17:48:00',1,250000,250000,NULL,NULL,'2025-10-18 10:48:20','2025-10-18 10:48:20'),(92,11,15,13,'2025-10-18 17:52:00',2,250000,500000,NULL,NULL,'2025-10-18 10:53:00','2025-10-18 10:53:00');
/*!40000 ALTER TABLE `cart_items` ENABLE KEYS */;
UNLOCK TABLES;

--
-- Table structure for table `carts`
--

DROP TABLE IF EXISTS `carts`;
/*!40101 SET @saved_cs_client     = @@character_set_client */;
/*!50503 SET character_set_client = utf8mb4 */;
CREATE TABLE `carts` (
  `id` bigint NOT NULL AUTO_INCREMENT,
  `customer_id` bigint NOT NULL,
  `status` enum('ACTIVE','CHECKED_OUT','ABANDONED') COLLATE utf8mb4_unicode_ci NOT NULL DEFAULT 'ACTIVE',
  `coupon_id` bigint DEFAULT NULL,
  `created_at` timestamp NULL DEFAULT CURRENT_TIMESTAMP,
  `updated_at` timestamp NULL DEFAULT CURRENT_TIMESTAMP ON UPDATE CURRENT_TIMESTAMP,
  PRIMARY KEY (`id`),
  KEY `idx_carts_customer` (`customer_id`),
  KEY `idx_carts_status` (`status`),
  KEY `fk_carts_coupon` (`coupon_id`),
  CONSTRAINT `fk_carts_coupon` FOREIGN KEY (`coupon_id`) REFERENCES `coupon` (`id`) ON DELETE SET NULL,
  CONSTRAINT `fk_carts_customer` FOREIGN KEY (`customer_id`) REFERENCES `user` (`id`) ON DELETE CASCADE
) ENGINE=InnoDB AUTO_INCREMENT=12 DEFAULT CHARSET=utf8mb4 COLLATE=utf8mb4_unicode_ci;
/*!40101 SET character_set_client = @saved_cs_client */;

--
-- Dumping data for table `carts`
--

LOCK TABLES `carts` WRITE;
/*!40000 ALTER TABLE `carts` DISABLE KEYS */;
INSERT INTO `carts` VALUES (1,14,'ACTIVE',NULL,'2025-10-03 04:00:00','2025-10-12 07:47:11'),(2,17,'ACTIVE',7,'2025-10-03 04:01:00','2025-10-03 16:07:34'),(3,18,'ACTIVE',NULL,'2025-10-03 04:02:00','2025-10-03 16:07:34'),(4,19,'ACTIVE',9,'2025-10-03 04:03:00','2025-10-03 16:07:34'),(5,20,'CHECKED_OUT',NULL,'2025-10-03 04:04:00','2025-10-03 16:07:34'),(6,999,'CHECKED_OUT',11,'2025-10-03 04:05:00','2025-10-03 16:07:34'),(7,9101,'CHECKED_OUT',12,'2025-10-03 04:06:00','2025-10-03 16:07:34'),(8,9102,'ABANDONED',NULL,'2025-10-03 04:07:00','2025-10-03 16:07:34'),(9,9103,'ABANDONED',NULL,'2025-10-03 04:08:00','2025-10-03 16:07:34'),(10,14,'ABANDONED',NULL,'2025-10-03 04:09:00','2025-10-03 16:07:34'),(11,9104,'ACTIVE',NULL,'2025-10-18 10:53:00','2025-10-18 10:53:00');
/*!40000 ALTER TABLE `carts` ENABLE KEYS */;
UNLOCK TABLES;

--
-- Table structure for table `chat_conversation`
--

DROP TABLE IF EXISTS `chat_conversation`;
/*!40101 SET @saved_cs_client     = @@character_set_client */;
/*!50503 SET character_set_client = utf8mb4 */;
CREATE TABLE `chat_conversation` (
  `id` bigint NOT NULL AUTO_INCREMENT,
  `conversation_url` varchar(255) COLLATE utf8mb4_unicode_ci DEFAULT NULL,
  `created_at` datetime(6) DEFAULT NULL,
  `conversation_id` varchar(255) COLLATE utf8mb4_unicode_ci DEFAULT NULL,
  `title` varchar(255) COLLATE utf8mb4_unicode_ci DEFAULT NULL,
  `updated_at` datetime(6) DEFAULT NULL,
  `user_id` bigint DEFAULT NULL,
  PRIMARY KEY (`id`),
  KEY `idx_cc_user` (`user_id`),
  CONSTRAINT `fk_cc_user` FOREIGN KEY (`user_id`) REFERENCES `user` (`id`) ON DELETE SET NULL
) ENGINE=InnoDB AUTO_INCREMENT=13 DEFAULT CHARSET=utf8mb4 COLLATE=utf8mb4_unicode_ci;
/*!40101 SET character_set_client = @saved_cs_client */;

--
-- Dumping data for table `chat_conversation`
--

LOCK TABLES `chat_conversation` WRITE;
/*!40000 ALTER TABLE `chat_conversation` DISABLE KEYS */;
INSERT INTO `chat_conversation` VALUES (1,'/chat/1','2025-09-20 09:00:00.000001','c1','Tư vấn vệ sinh','2025-09-20 09:10:00.000001',1),(2,'/chat/2','2025-09-20 09:05:00.000001','c2','Điều hòa','2025-09-20 09:15:00.000001',2),(3,'/chat/3','2025-09-20 09:10:00.000001','c3','Ống nước','2025-09-20 09:20:00.000001',3),(4,'/chat/4','2025-09-20 09:15:00.000001','c4','Sơn nhà','2025-09-20 09:25:00.000001',4),(5,'/chat/5','2025-09-20 09:20:00.000001','c5','Chống thấm','2025-09-20 09:30:00.000001',5),(6,'/chat/6','2025-09-20 09:25:00.000001','c6','Giặt sofa','2025-09-20 09:35:00.000001',6),(7,'/chat/7','2025-09-20 09:30:00.000001','c7','Điện','2025-09-20 09:40:00.000001',7),(8,'/chat/8','2025-09-20 09:35:00.000001','c8','Lắp đèn','2025-09-20 09:45:00.000001',8),(9,'/chat/9','2025-09-20 09:40:00.000001','c9','Bảo trì','2025-09-20 09:50:00.000001',9),(10,'/chat/10','2025-09-20 09:45:00.000001','c10','Vệ sinh CN','2025-09-20 09:55:00.000001',10),(11,'/chat/so-v15-0001','2025-09-22 22:49:15.000000','CONV-SO1','Trao đổi SO-V15-0001','2025-09-22 22:49:15.000000',19),(12,NULL,NULL,NULL,'Trao đổi với Sana',NULL,14);
/*!40000 ALTER TABLE `chat_conversation` ENABLE KEYS */;
UNLOCK TABLES;

--
-- Table structure for table `chat_message`
--

DROP TABLE IF EXISTS `chat_message`;
/*!40101 SET @saved_cs_client     = @@character_set_client */;
/*!50503 SET character_set_client = utf8mb4 */;
CREATE TABLE `chat_message` (
  `id` bigint NOT NULL AUTO_INCREMENT,
  `answer` mediumtext COLLATE utf8mb4_unicode_ci,
  `created_at` datetime(6) DEFAULT NULL,
  `question` text COLLATE utf8mb4_unicode_ci,
  `user_id` bigint DEFAULT NULL,
  `conversation_id` bigint DEFAULT NULL,
  PRIMARY KEY (`id`),
  KEY `idx_cm_conv` (`conversation_id`),
  KEY `idx_cm_user` (`user_id`),
  CONSTRAINT `fk_cm_conversation` FOREIGN KEY (`conversation_id`) REFERENCES `chat_conversation` (`id`) ON DELETE CASCADE,
  CONSTRAINT `fk_cm_user` FOREIGN KEY (`user_id`) REFERENCES `user` (`id`) ON DELETE SET NULL
) ENGINE=InnoDB AUTO_INCREMENT=14 DEFAULT CHARSET=utf8mb4 COLLATE=utf8mb4_unicode_ci;
/*!40101 SET character_set_client = @saved_cs_client */;

--
-- Dumping data for table `chat_message`
--

LOCK TABLES `chat_message` WRITE;
/*!40000 ALTER TABLE `chat_message` DISABLE KEYS */;
INSERT INTO `chat_message` VALUES (1,'Chào bạn, bạn cần vệ sinh khu vực nào?','2025-09-20 09:01:00.000001','Giá vệ sinh?',1,1),(2,'Bảo dưỡng gồm vệ sinh dàn lạnh.','2025-09-20 09:06:00.000001','Bảo dưỡng DH bao lâu?',2,2),(3,'Có thể qua trong ngày.','2025-09-20 09:11:00.000001','Ống nước rò bao lâu xong?',3,3),(4,'Sơn 2 lớp trong 5 giờ.','2025-09-20 09:16:00.000001','Mất bao lâu?',4,4),(5,'Bảo hành 6 tháng.','2025-09-20 09:21:00.000001','Chống thấm bảo hành?',5,5),(6,'Sofa 3 chỗ ~90 phút.','2025-09-20 09:26:00.000001','Giặt sofa lâu không?',6,6),(7,'Thay công tắc 30 phút.','2025-09-20 09:31:00.000001','Sửa ổ cắm?',7,7),(8,'Lắp 5 đèn trong 2 giờ.','2025-09-20 09:36:00.000001','Lắp đèn downlight?',8,8),(9,'Gói tháng gồm 2 lượt kiểm tra.','2025-09-20 09:41:00.000001','Bảo trì tòa nhà?',9,9),(10,'Vệ sinh xưởng tính theo m².','2025-09-20 09:46:00.000001','Giá tính sao?',10,10),(11,NULL,'2025-09-21 08:30:00.000000','Bên mình có thể đến sớm hơn 15 phút không?',19,11),(12,'Được, kỹ thuật sẽ có mặt 8:45.','2025-09-21 08:35:00.000000',NULL,15,11),(13,'Chào bạn, dịch vụ giặt sofa thường có giá dao động từ khoảng **250.000 VND đến 500.000 VND** trở lên, tùy thuộc vào kích thước, chất liệu và độ bẩn của sofa.\n\nĐây là mức giá ước tính từ các nhà cung cấp của chúng tôi và có thể thay đổi. Bạn có thể tham khảo giá chính xác hơn khi chọn dịch vụ trên website của VHBTV Homecare.',NULL,'Giặt sofa giá khoảng?',14,12);
/*!40000 ALTER TABLE `chat_message` ENABLE KEYS */;
UNLOCK TABLES;

--
-- Table structure for table `coupon`
--

DROP TABLE IF EXISTS `coupon`;
/*!40101 SET @saved_cs_client     = @@character_set_client */;
/*!50503 SET character_set_client = utf8mb4 */;
CREATE TABLE `coupon` (
  `id` bigint NOT NULL AUTO_INCREMENT,
  `code` varchar(100) COLLATE utf8mb4_unicode_ci NOT NULL,
  `name` varchar(200) COLLATE utf8mb4_unicode_ci NOT NULL,
  `description` text COLLATE utf8mb4_unicode_ci,
  `type` enum('FIXED','PERCENT') COLLATE utf8mb4_unicode_ci NOT NULL,
  `value` decimal(12,2) NOT NULL,
  `scope` varchar(20) COLLATE utf8mb4_unicode_ci NOT NULL DEFAULT 'SERVICE',
  `start_at` datetime DEFAULT NULL,
  `end_at` datetime DEFAULT NULL,
  `max_discount_amount` decimal(12,2) DEFAULT '0.00',
  `usage_limit_global` int DEFAULT '0',
  `usage_limit_per_user` int DEFAULT '0',
  `is_active` tinyint(1) DEFAULT '1',
  `created_at` timestamp NULL DEFAULT CURRENT_TIMESTAMP,
  `updated_at` timestamp NULL DEFAULT CURRENT_TIMESTAMP ON UPDATE CURRENT_TIMESTAMP,
  PRIMARY KEY (`id`),
  UNIQUE KEY `uk_coupon_code` (`code`),
  UNIQUE KEY `ix_coupon_code` (`code`),
  KEY `ix_coupon_active` (`is_active`),
  KEY `ix_coupon_time` (`start_at`,`end_at`),
  CONSTRAINT `chk_coupon_scope` CHECK ((`scope` = _utf8mb4'SERVICE'))
) ENGINE=InnoDB AUTO_INCREMENT=26 DEFAULT CHARSET=utf8mb4 COLLATE=utf8mb4_unicode_ci;
/*!40101 SET character_set_client = @saved_cs_client */;

--
-- Dumping data for table `coupon`
--

LOCK TABLES `coupon` WRITE;
/*!40000 ALTER TABLE `coupon` DISABLE KEYS */;
INSERT INTO `coupon` VALUES (6,'SRV10','Giảm 10% dịch vụ','Coupon 10% cho dịch vụ','PERCENT',10.00,'SERVICE',NULL,NULL,200000.00,0,0,1,'2025-09-20 05:24:29','2025-09-26 01:36:00'),(7,'SRV100K','Giảm 100K dịch vụ','Coupon 100k cho dịch vụ','FIXED',100000.00,'SERVICE',NULL,NULL,0.00,0,0,0,'2025-09-20 05:24:29','2025-09-26 01:42:34'),(8,'SRV5','Giảm 5% dịch vụ','Coupon 5% cho dịch vụ','PERCENT',5.00,'SERVICE',NULL,NULL,0.00,0,0,0,'2025-09-20 05:24:29','2025-09-26 01:42:33'),(9,'SRV200K','Giảm 200K dịch vụ','Coupon 20% cho dịch vụ','FIXED',200000.00,'SERVICE',NULL,NULL,0.00,0,0,1,'2025-09-20 05:24:29','2025-09-25 16:03:53'),(10,'SV20','Giảm 15% dịch vụ','Coupon 15% cho dịch vụ','PERCENT',20.00,'SERVICE','2025-09-27 08:35:00','2025-09-30 08:35:00',500000.00,0,1,1,'2025-09-20 05:24:29','2025-09-26 01:35:55'),(11,'VHBTV10','Giảm 10% dịch vụ','Coupon 10% cho dịch vụ','PERCENT',10.00,'SERVICE','2025-09-01 00:00:00','2025-12-31 23:59:59',100000.00,0,0,1,'2025-09-22 15:49:15','2025-09-25 16:03:53'),(12,'CLEAN50K','Giảm 50K dịch vụ','Giảm cố định 50.000đ','FIXED',50000.00,'SERVICE','2025-09-01 00:00:00','2025-12-31 23:59:59',0.00,0,0,1,'2025-09-22 15:49:15','2025-09-22 15:49:15'),(13,'VIP50K','Giảm 50k đơn hàng dưới 20000k',NULL,'FIXED',50000.00,'SERVICE','2025-09-03 08:34:00','2025-10-05 08:34:00',50000.00,0,0,1,'2025-09-26 01:35:15','2025-09-26 01:35:15'),(14,'NMTN10PCT','Giảm 10% tối đa 50K',NULL,'PERCENT',10.00,'SERVICE','2025-09-24 16:05:19','2025-10-31 16:05:19',50000.00,100,1,1,'2025-10-01 09:05:19','2025-10-01 09:05:19'),(15,'NMTN50K','Giảm 50.000đ',NULL,'FIXED',50000.00,'SERVICE','2025-09-28 16:05:19','2025-11-30 16:05:19',NULL,0,0,1,'2025-10-01 09:05:19','2025-10-01 09:05:19'),(16,'NMTN15PCT','Giảm 15% tối đa 80K',NULL,'PERCENT',15.00,'SERVICE','2025-10-01 16:05:19','2025-10-11 16:05:19',80000.00,500,2,1,'2025-10-01 09:05:19','2025-10-01 09:05:19'),(17,'NMTN100K','Giảm 100.000đ (đã hết hạn)',NULL,'FIXED',100000.00,'SERVICE','2025-09-01 16:05:19','2025-09-30 16:05:19',NULL,0,0,1,'2025-10-01 09:05:19','2025-10-01 09:05:19'),(18,'NMTNBF25','Black Friday 25% tối đa 150K',NULL,'PERCENT',25.00,'SERVICE','2025-10-31 16:05:19','2025-11-10 16:05:19',150000.00,0,1,1,'2025-10-01 09:05:19','2025-10-01 09:05:19'),(19,'NMTN30K','Giảm 30.000đ (đang tắt)',NULL,'FIXED',30000.00,'SERVICE','2025-09-30 16:05:19','2025-12-30 16:05:19',NULL,0,0,0,'2025-10-01 09:05:19','2025-10-01 09:05:19'),(20,'NMTN5PCT','Giảm 5% tối đa 20K',NULL,'PERCENT',5.00,'SERVICE','2025-09-29 16:05:19','2025-10-21 16:05:19',20000.00,0,0,1,'2025-10-01 09:05:19','2025-10-01 09:05:19'),(21,'NMTN70K','Giảm 70.000đ',NULL,'FIXED',70000.00,'SERVICE','2025-09-26 16:05:19','2025-10-26 16:05:19',NULL,200,1,1,'2025-10-01 09:05:19','2025-10-01 09:05:19'),(22,'NMTN20PCT','Giảm 20% tối đa 120K',NULL,'PERCENT',20.00,'SERVICE','2025-09-21 16:05:19','2025-10-16 16:05:19',120000.00,0,1,1,'2025-10-01 09:05:19','2025-10-01 09:05:19'),(23,'NMTN150K','Giảm 150.000đ',NULL,'FIXED',150000.00,'SERVICE','2025-09-30 16:05:19','2025-11-15 16:05:19',NULL,50,1,1,'2025-10-01 09:05:19','2025-10-01 09:05:19'),(24,'NMTN8PCT','Giảm 8% tối đa 40K',NULL,'PERCENT',8.00,'SERVICE','2025-09-27 16:05:19','2025-11-05 16:05:19',40000.00,0,0,1,'2025-10-01 09:05:19','2025-10-01 09:05:19'),(25,'NMTN200K','Giảm 200.000đ',NULL,'FIXED',200000.00,'SERVICE','2025-09-25 16:05:19','2025-12-10 16:05:19',NULL,0,1,1,'2025-10-01 09:05:19','2025-10-01 09:05:19');
/*!40000 ALTER TABLE `coupon` ENABLE KEYS */;
UNLOCK TABLES;

--
-- Table structure for table `coupon_redemption`
--

DROP TABLE IF EXISTS `coupon_redemption`;
/*!40101 SET @saved_cs_client     = @@character_set_client */;
/*!50503 SET character_set_client = utf8mb4 */;
CREATE TABLE `coupon_redemption` (
  `id` bigint NOT NULL AUTO_INCREMENT,
  `coupon_id` bigint NOT NULL,
  `user_id` bigint NOT NULL,
  `target_type` enum('PRODUCT_ORDER','SERVICE_ORDER') COLLATE utf8mb4_unicode_ci NOT NULL,
  `target_id` bigint NOT NULL,
  `amount_discounted` decimal(12,2) NOT NULL,
  `redeemed_at` datetime NOT NULL DEFAULT CURRENT_TIMESTAMP,
  `vendor_service_id` bigint DEFAULT NULL,
  PRIMARY KEY (`id`),
  UNIQUE KEY `uk_cr_once_per_target` (`coupon_id`,`target_type`,`target_id`),
  KEY `idx_cr_coupon_user` (`coupon_id`,`user_id`),
  KEY `ix_redemption_coupon` (`coupon_id`),
  KEY `ix_redemption_user` (`user_id`),
  KEY `ix_redemption_service` (`vendor_service_id`),
  KEY `ix_redemption_time` (`redeemed_at`),
  CONSTRAINT `fk_cr_coupon` FOREIGN KEY (`coupon_id`) REFERENCES `coupon` (`id`) ON DELETE CASCADE,
  CONSTRAINT `fk_cr_user` FOREIGN KEY (`user_id`) REFERENCES `user` (`id`) ON DELETE CASCADE,
  CONSTRAINT `FKjqronyv1wcbpxh7ogo3q5kex1` FOREIGN KEY (`vendor_service_id`) REFERENCES `vendor_service` (`id`)
) ENGINE=InnoDB AUTO_INCREMENT=13 DEFAULT CHARSET=utf8mb4 COLLATE=utf8mb4_unicode_ci;
/*!40101 SET character_set_client = @saved_cs_client */;

--
-- Dumping data for table `coupon_redemption`
--

LOCK TABLES `coupon_redemption` WRITE;
/*!40000 ALTER TABLE `coupon_redemption` DISABLE KEYS */;
INSERT INTO `coupon_redemption` VALUES (4,8,6,'SERVICE_ORDER',6,25000.00,'2025-09-20 10:15:00',NULL),(5,6,1,'SERVICE_ORDER',1,60000.00,'2025-09-20 10:20:00',NULL),(6,6,3,'SERVICE_ORDER',3,40000.00,'2025-09-20 10:25:00',NULL),(7,7,5,'SERVICE_ORDER',5,100000.00,'2025-09-20 10:30:00',NULL),(8,6,9,'SERVICE_ORDER',9,500000.00,'2025-09-20 10:35:00',NULL),(9,10,10,'SERVICE_ORDER',10,525000.00,'2025-09-20 10:40:00',NULL),(11,11,19,'SERVICE_ORDER',11,65000.00,'2025-09-21 08:19:00',NULL),(12,12,19,'SERVICE_ORDER',13,50000.00,'2025-09-22 11:21:00',NULL);
/*!40000 ALTER TABLE `coupon_redemption` ENABLE KEYS */;
UNLOCK TABLES;

--
-- Table structure for table `coupon_service`
--

DROP TABLE IF EXISTS `coupon_service`;
/*!40101 SET @saved_cs_client     = @@character_set_client */;
/*!50503 SET character_set_client = utf8mb4 */;
CREATE TABLE `coupon_service` (
  `id` bigint unsigned NOT NULL AUTO_INCREMENT,
  `coupon_id` bigint NOT NULL,
  `vendor_service_id` bigint NOT NULL,
  PRIMARY KEY (`id`),
  UNIQUE KEY `uk_coupon_service` (`coupon_id`,`vendor_service_id`),
  KEY `fk_csvc_vs` (`vendor_service_id`),
  CONSTRAINT `fk_csvc_coupon` FOREIGN KEY (`coupon_id`) REFERENCES `coupon` (`id`) ON DELETE CASCADE,
  CONSTRAINT `fk_csvc_vs` FOREIGN KEY (`vendor_service_id`) REFERENCES `vendor_service` (`id`) ON DELETE CASCADE
) ENGINE=InnoDB AUTO_INCREMENT=15 DEFAULT CHARSET=utf8mb4 COLLATE=utf8mb4_unicode_ci;
/*!40101 SET character_set_client = @saved_cs_client */;

--
-- Dumping data for table `coupon_service`
--

LOCK TABLES `coupon_service` WRITE;
/*!40000 ALTER TABLE `coupon_service` DISABLE KEYS */;
INSERT INTO `coupon_service` VALUES (1,6,1),(2,6,2),(3,6,9),(4,7,3),(5,7,8),(6,8,4),(7,8,7),(8,9,5),(9,10,6),(10,10,10),(11,11,11),(12,11,12),(13,12,14),(14,13,5);
/*!40000 ALTER TABLE `coupon_service` ENABLE KEYS */;
UNLOCK TABLES;

--
-- Table structure for table `coupon_user`
--

DROP TABLE IF EXISTS `coupon_user`;
/*!40101 SET @saved_cs_client     = @@character_set_client */;
/*!50503 SET character_set_client = utf8mb4 */;
CREATE TABLE `coupon_user` (
  `id` bigint unsigned NOT NULL AUTO_INCREMENT,
  `coupon_id` bigint NOT NULL,
  `user_id` bigint NOT NULL,
  PRIMARY KEY (`id`),
  UNIQUE KEY `uk_coupon_user` (`coupon_id`,`user_id`),
  KEY `fk_cu_user` (`user_id`),
  CONSTRAINT `fk_cu_coupon` FOREIGN KEY (`coupon_id`) REFERENCES `coupon` (`id`) ON DELETE CASCADE,
  CONSTRAINT `fk_cu_user` FOREIGN KEY (`user_id`) REFERENCES `user` (`id`) ON DELETE CASCADE
) ENGINE=InnoDB AUTO_INCREMENT=16 DEFAULT CHARSET=utf8mb4 COLLATE=utf8mb4_unicode_ci;
/*!40101 SET character_set_client = @saved_cs_client */;

--
-- Dumping data for table `coupon_user`
--

LOCK TABLES `coupon_user` WRITE;
/*!40000 ALTER TABLE `coupon_user` DISABLE KEYS */;
INSERT INTO `coupon_user` VALUES (1,6,6),(2,7,7),(3,8,8),(4,9,9),(5,10,10),(6,11,14),(7,11,20),(8,12,19),(9,13,18),(10,13,19),(15,25,9001),(14,25,9004),(13,25,9005),(12,25,9102);
/*!40000 ALTER TABLE `coupon_user` ENABLE KEYS */;
UNLOCK TABLES;

--
-- Table structure for table `coupon_vendor`
--

DROP TABLE IF EXISTS `coupon_vendor`;
/*!40101 SET @saved_cs_client     = @@character_set_client */;
/*!50503 SET character_set_client = utf8mb4 */;
CREATE TABLE `coupon_vendor` (
  `id` bigint NOT NULL AUTO_INCREMENT,
  `coupon_id` bigint NOT NULL,
  `vendor_id` bigint NOT NULL,
  PRIMARY KEY (`id`),
  UNIQUE KEY `uk_coupon_vendor` (`coupon_id`,`vendor_id`),
  KEY `FK4fltnac2a858pe8bew7j5wir6` (`vendor_id`),
  CONSTRAINT `FK3j7p9uh0nto0a545743k9xky8` FOREIGN KEY (`coupon_id`) REFERENCES `coupon` (`id`),
  CONSTRAINT `FK4fltnac2a858pe8bew7j5wir6` FOREIGN KEY (`vendor_id`) REFERENCES `user` (`id`)
) ENGINE=InnoDB AUTO_INCREMENT=18 DEFAULT CHARSET=utf8mb4 COLLATE=utf8mb4_unicode_ci;
/*!40101 SET character_set_client = @saved_cs_client */;

--
-- Dumping data for table `coupon_vendor`
--

LOCK TABLES `coupon_vendor` WRITE;
/*!40000 ALTER TABLE `coupon_vendor` DISABLE KEYS */;
INSERT INTO `coupon_vendor` VALUES (5,11,6),(1,13,3),(4,13,4),(2,13,5),(3,13,8),(7,14,15),(13,15,15),(9,16,15),(6,17,15),(17,18,15),(12,19,15),(14,20,15),(15,21,15),(11,22,15),(8,23,15),(16,24,15),(10,25,15);
/*!40000 ALTER TABLE `coupon_vendor` ENABLE KEYS */;
UNLOCK TABLES;

--
-- Table structure for table `customer_event`
--

DROP TABLE IF EXISTS `customer_event`;
/*!40101 SET @saved_cs_client     = @@character_set_client */;
/*!50503 SET character_set_client = utf8mb4 */;
CREATE TABLE `customer_event` (
  `id` bigint NOT NULL AUTO_INCREMENT,
  `occurred_at` datetime NOT NULL,
  `session_id` varchar(64) COLLATE utf8mb4_unicode_ci NOT NULL,
  `customer_id` bigint DEFAULT NULL,
  `service_id` bigint DEFAULT NULL,
  `vendor_id` bigint DEFAULT NULL,
  `vendor_service_id` bigint DEFAULT NULL,
  `action` varchar(32) COLLATE utf8mb4_unicode_ci NOT NULL,
  `meta` text COLLATE utf8mb4_unicode_ci,
  PRIMARY KEY (`id`),
  KEY `idx_ce_customer_time` (`customer_id`,`occurred_at`),
  KEY `idx_ce_session_time` (`session_id`,`occurred_at`),
  KEY `idx_ce_service_time` (`service_id`,`occurred_at`),
  KEY `idx_ce_vendor_time` (`vendor_id`,`occurred_at`),
  KEY `idx_ce_vs_time` (`vendor_service_id`,`occurred_at`),
  CONSTRAINT `fk_ce_customer` FOREIGN KEY (`customer_id`) REFERENCES `user` (`id`) ON DELETE SET NULL,
  CONSTRAINT `fk_ce_service` FOREIGN KEY (`service_id`) REFERENCES `service` (`id`) ON DELETE SET NULL,
  CONSTRAINT `fk_ce_vendor` FOREIGN KEY (`vendor_id`) REFERENCES `vendor_profile` (`user_id`) ON DELETE SET NULL,
  CONSTRAINT `fk_ce_vs` FOREIGN KEY (`vendor_service_id`) REFERENCES `vendor_service` (`id`) ON DELETE SET NULL
) ENGINE=InnoDB AUTO_INCREMENT=1100 DEFAULT CHARSET=utf8mb4 COLLATE=utf8mb4_unicode_ci;
/*!40101 SET character_set_client = @saved_cs_client */;

--
-- Dumping data for table `customer_event`
--

LOCK TABLES `customer_event` WRITE;
/*!40000 ALTER TABLE `customer_event` DISABLE KEYS */;
INSERT INTO `customer_event` VALUES (1,'2025-10-03 12:00:00','sess-A-001',NULL,1,NULL,NULL,'VIEW_SERVICE','source=homepage'),(2,'2025-10-03 12:00:05','sess-A-001',NULL,1,NULL,NULL,'VIEW_VENDOR_LIST','sort=popular'),(3,'2025-10-03 12:00:12','sess-A-001',NULL,NULL,1,NULL,'VIEW_VENDOR','ref=vendor-card'),(4,'2025-10-03 12:00:20','sess-A-001',NULL,NULL,NULL,1,'VIEW_VENDOR_SERVICE','ref=service-card'),(5,'2025-10-03 12:00:25','sess-A-001',NULL,NULL,1,NULL,'CLICK_VENDOR','ui=card'),(6,'2025-10-03 12:00:33','sess-A-001',NULL,NULL,NULL,1,'CLICK_VENDOR_SERVICE','ui=cta'),(7,'2025-10-03 12:05:00','sess-U-015',1,1,NULL,NULL,'VIEW_SERVICE','source=recommended'),(8,'2025-10-03 12:05:10','sess-U-015',1,NULL,NULL,1,'ADD_WISHLIST','from=detail'),(9,'2025-10-03 12:06:00','sess-U-015',1,NULL,NULL,1,'BEGIN_CHECKOUT','qty=2;schedule=2025-10-12T09:00:00'),(10,'2025-10-03 12:07:30','sess-U-015',1,NULL,NULL,1,'PURCHASE','provider=BANK_TRANSFER;amount=650000'),(11,'2025-10-03 13:00:00','sess-B-002',NULL,9405,NULL,NULL,'VIEW_SERVICE','source=search;q=giat sofa'),(12,'2025-10-03 13:00:08','sess-B-002',NULL,9405,NULL,NULL,'VIEW_VENDOR_LIST','sort=rating'),(13,'2025-10-03 13:01:00','sess-U-020',1,NULL,NULL,NULL,'CLICK_VENDOR','cta=compare'),(14,'2025-10-04 13:09:52','FB21E44110AE53F589A91B780D5F69AD',NULL,9416,NULL,NULL,'VIEW_VENDOR_LIST','q=null;sort=recommend;page=0;size=12'),(15,'2025-10-04 13:10:03','FB21E44110AE53F589A91B780D5F69AD',NULL,9415,NULL,NULL,'VIEW_VENDOR_LIST','q=null;sort=recommend;page=0;size=12'),(16,'2025-10-04 13:10:04','FB21E44110AE53F589A91B780D5F69AD',NULL,9415,NULL,NULL,'VIEW_VENDOR_LIST','q=null;sort=recommend;page=0;size=12'),(17,'2025-10-04 13:10:05','FB21E44110AE53F589A91B780D5F69AD',NULL,9415,NULL,NULL,'VIEW_VENDOR_LIST','q=null;sort=recommend;page=0;size=12'),(18,'2025-10-04 13:10:06','FB21E44110AE53F589A91B780D5F69AD',NULL,9415,NULL,NULL,'VIEW_VENDOR_LIST','q=null;sort=recommend;page=0;size=12'),(19,'2025-10-04 13:22:47','FB21E44110AE53F589A91B780D5F69AD',NULL,9415,NULL,NULL,'VIEW_VENDOR_LIST','q=null;sort=recommend;page=0;size=12'),(20,'2025-10-04 13:30:08','FB21E44110AE53F589A91B780D5F69AD',NULL,9415,NULL,NULL,'VIEW_VENDOR_LIST','q=null;sort=recommend;page=0;size=12'),(21,'2025-10-04 13:30:13','FB21E44110AE53F589A91B780D5F69AD',NULL,9415,NULL,NULL,'VIEW_VENDOR_LIST','q=null;sort=recommend;page=0;size=12'),(22,'2025-10-04 13:30:19','FB21E44110AE53F589A91B780D5F69AD',NULL,9415,NULL,NULL,'VIEW_VENDOR_LIST','q=null;sort=recommend;page=0;size=12'),(23,'2025-10-04 13:31:17','FB21E44110AE53F589A91B780D5F69AD',NULL,9415,NULL,NULL,'VIEW_VENDOR_LIST','q=null;sort=recommend;page=0;size=12'),(24,'2025-10-04 13:31:21','FB21E44110AE53F589A91B780D5F69AD',NULL,9415,NULL,NULL,'VIEW_VENDOR_LIST','q=null;sort=recommend;page=0;size=12'),(25,'2025-10-04 13:31:25','FB21E44110AE53F589A91B780D5F69AD',NULL,9415,NULL,NULL,'VIEW_VENDOR_LIST','q=null;sort=recommend;page=0;size=12'),(26,'2025-10-04 13:31:51','FB21E44110AE53F589A91B780D5F69AD',NULL,9415,NULL,NULL,'VIEW_VENDOR_LIST','q=null;sort=recommend;page=0;size=12'),(27,'2025-10-04 13:37:06','FB21E44110AE53F589A91B780D5F69AD',NULL,24,NULL,NULL,'VIEW_VENDOR_LIST','q=null;sort=recommend;page=0;size=12'),(28,'2025-10-04 13:37:11','FB21E44110AE53F589A91B780D5F69AD',NULL,24,NULL,NULL,'VIEW_VENDOR_LIST','q=null;sort=recommend;page=0;size=12'),(29,'2025-10-04 13:38:21','FB21E44110AE53F589A91B780D5F69AD',NULL,24,NULL,NULL,'VIEW_VENDOR_LIST','q=null;sort=recommend;page=0;size=12'),(30,'2025-10-04 13:38:30','FB21E44110AE53F589A91B780D5F69AD',NULL,9416,NULL,NULL,'VIEW_VENDOR_LIST','q=null;sort=recommend;page=0;size=12'),(31,'2025-10-04 13:38:34','FB21E44110AE53F589A91B780D5F69AD',NULL,9415,NULL,NULL,'VIEW_VENDOR_LIST','q=null;sort=recommend;page=0;size=12'),(32,'2025-10-04 13:38:37','FB21E44110AE53F589A91B780D5F69AD',NULL,9416,NULL,NULL,'VIEW_VENDOR_LIST','q=null;sort=recommend;page=0;size=12'),(33,'2025-10-04 13:39:10','FB21E44110AE53F589A91B780D5F69AD',NULL,9416,NULL,NULL,'VIEW_VENDOR_LIST','q=null;sort=recommend;page=0;size=12'),(34,'2025-10-04 13:39:11','FB21E44110AE53F589A91B780D5F69AD',NULL,9416,NULL,NULL,'VIEW_VENDOR_LIST','q=null;sort=recommend;page=0;size=12'),(35,'2025-10-04 13:39:12','FB21E44110AE53F589A91B780D5F69AD',NULL,9416,NULL,NULL,'VIEW_VENDOR_LIST','q=null;sort=recommend;page=0;size=12'),(36,'2025-10-04 13:39:12','FB21E44110AE53F589A91B780D5F69AD',NULL,9416,NULL,NULL,'VIEW_VENDOR_LIST','q=null;sort=recommend;page=0;size=12'),(37,'2025-10-04 13:39:12','FB21E44110AE53F589A91B780D5F69AD',NULL,9416,NULL,NULL,'VIEW_VENDOR_LIST','q=null;sort=recommend;page=0;size=12'),(38,'2025-10-04 13:39:12','FB21E44110AE53F589A91B780D5F69AD',NULL,9416,NULL,NULL,'VIEW_VENDOR_LIST','q=null;sort=recommend;page=0;size=12'),(39,'2025-10-04 13:39:13','FB21E44110AE53F589A91B780D5F69AD',NULL,9416,NULL,NULL,'VIEW_VENDOR_LIST','q=null;sort=recommend;page=0;size=12'),(40,'2025-10-04 13:41:27','FB21E44110AE53F589A91B780D5F69AD',NULL,9416,NULL,NULL,'VIEW_VENDOR_LIST','q=null;sort=recommend;page=0;size=12'),(41,'2025-10-04 13:41:27','FB21E44110AE53F589A91B780D5F69AD',NULL,9416,NULL,NULL,'VIEW_VENDOR_LIST','q=null;sort=recommend;page=0;size=12'),(42,'2025-10-04 13:41:28','FB21E44110AE53F589A91B780D5F69AD',NULL,9416,NULL,NULL,'VIEW_VENDOR_LIST','q=null;sort=recommend;page=0;size=12'),(43,'2025-10-04 13:41:28','FB21E44110AE53F589A91B780D5F69AD',NULL,9416,NULL,NULL,'VIEW_VENDOR_LIST','q=null;sort=recommend;page=0;size=12'),(44,'2025-10-04 13:41:28','FB21E44110AE53F589A91B780D5F69AD',NULL,9416,NULL,NULL,'VIEW_VENDOR_LIST','q=null;sort=recommend;page=0;size=12'),(45,'2025-10-04 13:41:28','FB21E44110AE53F589A91B780D5F69AD',NULL,9416,NULL,NULL,'VIEW_VENDOR_LIST','q=null;sort=recommend;page=0;size=12'),(46,'2025-10-04 13:41:28','FB21E44110AE53F589A91B780D5F69AD',NULL,9416,NULL,NULL,'VIEW_VENDOR_LIST','q=null;sort=recommend;page=0;size=12'),(47,'2025-10-04 13:41:28','FB21E44110AE53F589A91B780D5F69AD',NULL,9416,NULL,NULL,'VIEW_VENDOR_LIST','q=null;sort=recommend;page=0;size=12'),(48,'2025-10-04 13:41:29','FB21E44110AE53F589A91B780D5F69AD',NULL,9416,NULL,NULL,'VIEW_VENDOR_LIST','q=null;sort=recommend;page=0;size=12'),(49,'2025-10-04 13:41:29','FB21E44110AE53F589A91B780D5F69AD',NULL,9416,NULL,NULL,'VIEW_VENDOR_LIST','q=null;sort=recommend;page=0;size=12'),(50,'2025-10-04 13:41:29','FB21E44110AE53F589A91B780D5F69AD',NULL,9416,NULL,NULL,'VIEW_VENDOR_LIST','q=null;sort=recommend;page=0;size=12'),(51,'2025-10-04 13:41:29','FB21E44110AE53F589A91B780D5F69AD',NULL,9416,NULL,NULL,'VIEW_VENDOR_LIST','q=null;sort=recommend;page=0;size=12'),(52,'2025-10-04 13:41:29','FB21E44110AE53F589A91B780D5F69AD',NULL,9416,NULL,NULL,'VIEW_VENDOR_LIST','q=null;sort=recommend;page=0;size=12'),(53,'2025-10-04 13:41:31','FB21E44110AE53F589A91B780D5F69AD',NULL,9416,NULL,NULL,'VIEW_VENDOR_LIST','q=null;sort=recommend;page=0;size=12'),(54,'2025-10-04 13:41:32','FB21E44110AE53F589A91B780D5F69AD',NULL,9416,NULL,NULL,'VIEW_VENDOR_LIST','q=null;sort=recommend;page=0;size=12'),(55,'2025-10-04 13:41:32','FB21E44110AE53F589A91B780D5F69AD',NULL,9416,NULL,NULL,'VIEW_VENDOR_LIST','q=null;sort=recommend;page=0;size=12'),(56,'2025-10-04 13:41:32','FB21E44110AE53F589A91B780D5F69AD',NULL,9416,NULL,NULL,'VIEW_VENDOR_LIST','q=null;sort=recommend;page=0;size=12'),(57,'2025-10-04 13:41:32','FB21E44110AE53F589A91B780D5F69AD',NULL,9416,NULL,NULL,'VIEW_VENDOR_LIST','q=null;sort=recommend;page=0;size=12'),(58,'2025-10-04 13:41:33','FB21E44110AE53F589A91B780D5F69AD',NULL,9416,NULL,NULL,'VIEW_VENDOR_LIST','q=null;sort=recommend;page=0;size=12'),(59,'2025-10-04 13:41:33','FB21E44110AE53F589A91B780D5F69AD',NULL,9416,NULL,NULL,'VIEW_VENDOR_LIST','q=null;sort=recommend;page=0;size=12'),(60,'2025-10-04 13:41:33','FB21E44110AE53F589A91B780D5F69AD',NULL,9416,NULL,NULL,'VIEW_VENDOR_LIST','q=null;sort=recommend;page=0;size=12'),(61,'2025-10-04 13:41:33','FB21E44110AE53F589A91B780D5F69AD',NULL,9416,NULL,NULL,'VIEW_VENDOR_LIST','q=null;sort=recommend;page=0;size=12'),(62,'2025-10-04 13:41:33','FB21E44110AE53F589A91B780D5F69AD',NULL,9416,NULL,NULL,'VIEW_VENDOR_LIST','q=null;sort=recommend;page=0;size=12'),(63,'2025-10-04 13:41:34','FB21E44110AE53F589A91B780D5F69AD',NULL,9416,NULL,NULL,'VIEW_VENDOR_LIST','q=null;sort=recommend;page=0;size=12'),(64,'2025-10-04 13:41:34','FB21E44110AE53F589A91B780D5F69AD',NULL,9416,NULL,NULL,'VIEW_VENDOR_LIST','q=null;sort=recommend;page=0;size=12'),(65,'2025-10-04 13:41:35','FB21E44110AE53F589A91B780D5F69AD',NULL,9416,NULL,NULL,'VIEW_VENDOR_LIST','q=null;sort=recommend;page=0;size=12'),(66,'2025-10-04 13:41:35','FB21E44110AE53F589A91B780D5F69AD',NULL,9416,NULL,NULL,'VIEW_VENDOR_LIST','q=null;sort=recommend;page=0;size=12'),(67,'2025-10-04 13:41:35','FB21E44110AE53F589A91B780D5F69AD',NULL,9416,NULL,NULL,'VIEW_VENDOR_LIST','q=null;sort=recommend;page=0;size=12'),(68,'2025-10-04 13:41:35','FB21E44110AE53F589A91B780D5F69AD',NULL,9416,NULL,NULL,'VIEW_VENDOR_LIST','q=null;sort=recommend;page=0;size=12'),(69,'2025-10-04 13:41:35','FB21E44110AE53F589A91B780D5F69AD',NULL,9416,NULL,NULL,'VIEW_VENDOR_LIST','q=null;sort=recommend;page=0;size=12'),(70,'2025-10-04 13:41:35','FB21E44110AE53F589A91B780D5F69AD',NULL,9416,NULL,NULL,'VIEW_VENDOR_LIST','q=null;sort=recommend;page=0;size=12'),(71,'2025-10-04 13:41:36','FB21E44110AE53F589A91B780D5F69AD',NULL,9416,NULL,NULL,'VIEW_VENDOR_LIST','q=null;sort=recommend;page=0;size=12'),(72,'2025-10-04 13:41:36','FB21E44110AE53F589A91B780D5F69AD',NULL,9416,NULL,NULL,'VIEW_VENDOR_LIST','q=null;sort=recommend;page=0;size=12'),(73,'2025-10-04 13:41:36','FB21E44110AE53F589A91B780D5F69AD',NULL,9416,NULL,NULL,'VIEW_VENDOR_LIST','q=null;sort=recommend;page=0;size=12'),(74,'2025-10-04 13:41:36','FB21E44110AE53F589A91B780D5F69AD',NULL,9416,NULL,NULL,'VIEW_VENDOR_LIST','q=null;sort=recommend;page=0;size=12'),(75,'2025-10-04 13:42:00','FB21E44110AE53F589A91B780D5F69AD',NULL,9416,NULL,NULL,'VIEW_VENDOR_LIST','q=null;sort=recommend;page=0;size=12'),(76,'2025-10-04 13:42:01','FB21E44110AE53F589A91B780D5F69AD',NULL,9416,NULL,NULL,'VIEW_VENDOR_LIST','q=null;sort=recommend;page=0;size=12'),(77,'2025-10-04 13:42:01','FB21E44110AE53F589A91B780D5F69AD',NULL,9416,NULL,NULL,'VIEW_VENDOR_LIST','q=null;sort=recommend;page=0;size=12'),(78,'2025-10-04 13:42:01','FB21E44110AE53F589A91B780D5F69AD',NULL,9416,NULL,NULL,'VIEW_VENDOR_LIST','q=null;sort=recommend;page=0;size=12'),(79,'2025-10-04 13:42:01','FB21E44110AE53F589A91B780D5F69AD',NULL,9416,NULL,NULL,'VIEW_VENDOR_LIST','q=null;sort=recommend;page=0;size=12'),(80,'2025-10-04 13:42:02','FB21E44110AE53F589A91B780D5F69AD',NULL,9416,NULL,NULL,'VIEW_VENDOR_LIST','q=null;sort=recommend;page=0;size=12'),(81,'2025-10-04 13:42:02','FB21E44110AE53F589A91B780D5F69AD',NULL,9416,NULL,NULL,'VIEW_VENDOR_LIST','q=null;sort=recommend;page=0;size=12'),(82,'2025-10-04 13:42:02','FB21E44110AE53F589A91B780D5F69AD',NULL,9416,NULL,NULL,'VIEW_VENDOR_LIST','q=null;sort=recommend;page=0;size=12'),(83,'2025-10-04 13:42:02','FB21E44110AE53F589A91B780D5F69AD',NULL,9416,NULL,NULL,'VIEW_VENDOR_LIST','q=null;sort=recommend;page=0;size=12'),(84,'2025-10-04 13:42:02','FB21E44110AE53F589A91B780D5F69AD',NULL,9416,NULL,NULL,'VIEW_VENDOR_LIST','q=null;sort=recommend;page=0;size=12'),(85,'2025-10-04 13:42:03','FB21E44110AE53F589A91B780D5F69AD',NULL,9416,NULL,NULL,'VIEW_VENDOR_LIST','q=null;sort=recommend;page=0;size=12'),(86,'2025-10-04 13:42:03','FB21E44110AE53F589A91B780D5F69AD',NULL,9416,NULL,NULL,'VIEW_VENDOR_LIST','q=null;sort=recommend;page=0;size=12'),(87,'2025-10-04 13:42:03','FB21E44110AE53F589A91B780D5F69AD',NULL,9416,NULL,NULL,'VIEW_VENDOR_LIST','q=null;sort=recommend;page=0;size=12'),(88,'2025-10-04 13:42:03','FB21E44110AE53F589A91B780D5F69AD',NULL,9416,NULL,NULL,'VIEW_VENDOR_LIST','q=null;sort=recommend;page=0;size=12'),(89,'2025-10-04 13:42:03','FB21E44110AE53F589A91B780D5F69AD',NULL,9416,NULL,NULL,'VIEW_VENDOR_LIST','q=null;sort=recommend;page=0;size=12'),(90,'2025-10-04 13:42:04','FB21E44110AE53F589A91B780D5F69AD',NULL,9416,NULL,NULL,'VIEW_VENDOR_LIST','q=null;sort=recommend;page=0;size=12'),(91,'2025-10-04 13:42:04','FB21E44110AE53F589A91B780D5F69AD',NULL,9416,NULL,NULL,'VIEW_VENDOR_LIST','q=null;sort=recommend;page=0;size=12'),(92,'2025-10-04 13:42:04','FB21E44110AE53F589A91B780D5F69AD',NULL,9416,NULL,NULL,'VIEW_VENDOR_LIST','q=null;sort=recommend;page=0;size=12'),(93,'2025-10-04 13:42:04','FB21E44110AE53F589A91B780D5F69AD',NULL,9416,NULL,NULL,'VIEW_VENDOR_LIST','q=null;sort=recommend;page=0;size=12'),(94,'2025-10-04 13:42:04','FB21E44110AE53F589A91B780D5F69AD',NULL,9416,NULL,NULL,'VIEW_VENDOR_LIST','q=null;sort=recommend;page=0;size=12'),(95,'2025-10-04 13:42:05','FB21E44110AE53F589A91B780D5F69AD',NULL,9416,NULL,NULL,'VIEW_VENDOR_LIST','q=null;sort=recommend;page=0;size=12'),(96,'2025-10-04 13:42:05','FB21E44110AE53F589A91B780D5F69AD',NULL,9416,NULL,NULL,'VIEW_VENDOR_LIST','q=null;sort=recommend;page=0;size=12'),(97,'2025-10-04 13:42:05','FB21E44110AE53F589A91B780D5F69AD',NULL,9416,NULL,NULL,'VIEW_VENDOR_LIST','q=null;sort=recommend;page=0;size=12'),(98,'2025-10-04 13:42:06','FB21E44110AE53F589A91B780D5F69AD',NULL,9416,NULL,NULL,'VIEW_VENDOR_LIST','q=null;sort=recommend;page=0;size=12'),(99,'2025-10-04 13:42:06','FB21E44110AE53F589A91B780D5F69AD',NULL,9416,NULL,NULL,'VIEW_VENDOR_LIST','q=null;sort=recommend;page=0;size=12'),(100,'2025-10-04 13:42:06','FB21E44110AE53F589A91B780D5F69AD',NULL,9416,NULL,NULL,'VIEW_VENDOR_LIST','q=null;sort=recommend;page=0;size=12'),(101,'2025-10-04 13:42:06','FB21E44110AE53F589A91B780D5F69AD',NULL,9416,NULL,NULL,'VIEW_VENDOR_LIST','q=null;sort=recommend;page=0;size=12'),(102,'2025-10-04 13:42:06','FB21E44110AE53F589A91B780D5F69AD',NULL,9416,NULL,NULL,'VIEW_VENDOR_LIST','q=null;sort=recommend;page=0;size=12'),(103,'2025-10-04 13:42:07','FB21E44110AE53F589A91B780D5F69AD',NULL,9416,NULL,NULL,'VIEW_VENDOR_LIST','q=null;sort=recommend;page=0;size=12'),(104,'2025-10-04 13:42:09','FB21E44110AE53F589A91B780D5F69AD',NULL,9416,NULL,NULL,'VIEW_VENDOR_LIST','q=null;sort=recommend;page=0;size=12'),(105,'2025-10-04 13:42:10','FB21E44110AE53F589A91B780D5F69AD',NULL,9416,NULL,NULL,'VIEW_VENDOR_LIST','q=null;sort=recommend;page=0;size=12'),(106,'2025-10-04 13:42:10','FB21E44110AE53F589A91B780D5F69AD',NULL,9416,NULL,NULL,'VIEW_VENDOR_LIST','q=null;sort=recommend;page=0;size=12'),(107,'2025-10-04 13:42:10','FB21E44110AE53F589A91B780D5F69AD',NULL,9416,NULL,NULL,'VIEW_VENDOR_LIST','q=null;sort=recommend;page=0;size=12'),(108,'2025-10-04 13:42:10','FB21E44110AE53F589A91B780D5F69AD',NULL,9416,NULL,NULL,'VIEW_VENDOR_LIST','q=null;sort=recommend;page=0;size=12'),(109,'2025-10-04 13:42:10','FB21E44110AE53F589A91B780D5F69AD',NULL,9416,NULL,NULL,'VIEW_VENDOR_LIST','q=null;sort=recommend;page=0;size=12'),(110,'2025-10-04 13:42:10','FB21E44110AE53F589A91B780D5F69AD',NULL,9416,NULL,NULL,'VIEW_VENDOR_LIST','q=null;sort=recommend;page=0;size=12'),(111,'2025-10-04 13:42:11','FB21E44110AE53F589A91B780D5F69AD',NULL,9416,NULL,NULL,'VIEW_VENDOR_LIST','q=null;sort=recommend;page=0;size=12'),(112,'2025-10-04 13:42:11','FB21E44110AE53F589A91B780D5F69AD',NULL,9416,NULL,NULL,'VIEW_VENDOR_LIST','q=null;sort=recommend;page=0;size=12'),(113,'2025-10-04 13:42:11','FB21E44110AE53F589A91B780D5F69AD',NULL,9416,NULL,NULL,'VIEW_VENDOR_LIST','q=null;sort=recommend;page=0;size=12'),(114,'2025-10-04 13:42:11','FB21E44110AE53F589A91B780D5F69AD',NULL,9416,NULL,NULL,'VIEW_VENDOR_LIST','q=null;sort=recommend;page=0;size=12'),(115,'2025-10-04 13:42:11','FB21E44110AE53F589A91B780D5F69AD',NULL,9416,NULL,NULL,'VIEW_VENDOR_LIST','q=null;sort=recommend;page=0;size=12'),(116,'2025-10-04 13:42:11','FB21E44110AE53F589A91B780D5F69AD',NULL,9416,NULL,NULL,'VIEW_VENDOR_LIST','q=null;sort=recommend;page=0;size=12'),(117,'2025-10-04 13:42:11','FB21E44110AE53F589A91B780D5F69AD',NULL,9416,NULL,NULL,'VIEW_VENDOR_LIST','q=null;sort=recommend;page=0;size=12'),(118,'2025-10-04 13:42:12','FB21E44110AE53F589A91B780D5F69AD',NULL,9416,NULL,NULL,'VIEW_VENDOR_LIST','q=null;sort=recommend;page=0;size=12'),(119,'2025-10-04 13:42:12','FB21E44110AE53F589A91B780D5F69AD',NULL,9416,NULL,NULL,'VIEW_VENDOR_LIST','q=null;sort=recommend;page=0;size=12'),(120,'2025-10-04 13:42:12','FB21E44110AE53F589A91B780D5F69AD',NULL,9416,NULL,NULL,'VIEW_VENDOR_LIST','q=null;sort=recommend;page=0;size=12'),(121,'2025-10-04 13:42:12','FB21E44110AE53F589A91B780D5F69AD',NULL,9416,NULL,NULL,'VIEW_VENDOR_LIST','q=null;sort=recommend;page=0;size=12'),(122,'2025-10-04 13:42:12','FB21E44110AE53F589A91B780D5F69AD',NULL,9416,NULL,NULL,'VIEW_VENDOR_LIST','q=null;sort=recommend;page=0;size=12'),(123,'2025-10-04 13:42:12','FB21E44110AE53F589A91B780D5F69AD',NULL,9416,NULL,NULL,'VIEW_VENDOR_LIST','q=null;sort=recommend;page=0;size=12'),(124,'2025-10-04 13:42:12','FB21E44110AE53F589A91B780D5F69AD',NULL,9416,NULL,NULL,'VIEW_VENDOR_LIST','q=null;sort=recommend;page=0;size=12'),(125,'2025-10-04 13:42:12','FB21E44110AE53F589A91B780D5F69AD',NULL,9416,NULL,NULL,'VIEW_VENDOR_LIST','q=null;sort=recommend;page=0;size=12'),(126,'2025-10-04 13:42:12','FB21E44110AE53F589A91B780D5F69AD',NULL,9416,NULL,NULL,'VIEW_VENDOR_LIST','q=null;sort=recommend;page=0;size=12'),(127,'2025-10-04 13:42:13','FB21E44110AE53F589A91B780D5F69AD',NULL,9416,NULL,NULL,'VIEW_VENDOR_LIST','q=null;sort=recommend;page=0;size=12'),(128,'2025-10-04 13:42:13','FB21E44110AE53F589A91B780D5F69AD',NULL,9416,NULL,NULL,'VIEW_VENDOR_LIST','q=null;sort=recommend;page=0;size=12'),(129,'2025-10-04 13:42:13','FB21E44110AE53F589A91B780D5F69AD',NULL,9416,NULL,NULL,'VIEW_VENDOR_LIST','q=null;sort=recommend;page=0;size=12'),(130,'2025-10-04 13:42:13','FB21E44110AE53F589A91B780D5F69AD',NULL,9416,NULL,NULL,'VIEW_VENDOR_LIST','q=null;sort=recommend;page=0;size=12'),(131,'2025-10-04 13:42:13','FB21E44110AE53F589A91B780D5F69AD',NULL,9416,NULL,NULL,'VIEW_VENDOR_LIST','q=null;sort=recommend;page=0;size=12'),(132,'2025-10-04 13:42:13','FB21E44110AE53F589A91B780D5F69AD',NULL,9416,NULL,NULL,'VIEW_VENDOR_LIST','q=null;sort=recommend;page=0;size=12'),(133,'2025-10-04 13:42:13','FB21E44110AE53F589A91B780D5F69AD',NULL,9416,NULL,NULL,'VIEW_VENDOR_LIST','q=null;sort=recommend;page=0;size=12'),(134,'2025-10-04 13:42:13','FB21E44110AE53F589A91B780D5F69AD',NULL,9416,NULL,NULL,'VIEW_VENDOR_LIST','q=null;sort=recommend;page=0;size=12'),(135,'2025-10-04 13:42:14','FB21E44110AE53F589A91B780D5F69AD',NULL,9416,NULL,NULL,'VIEW_VENDOR_LIST','q=null;sort=recommend;page=0;size=12'),(136,'2025-10-04 13:42:14','FB21E44110AE53F589A91B780D5F69AD',NULL,9416,NULL,NULL,'VIEW_VENDOR_LIST','q=null;sort=recommend;page=0;size=12'),(137,'2025-10-04 13:42:14','FB21E44110AE53F589A91B780D5F69AD',NULL,9416,NULL,NULL,'VIEW_VENDOR_LIST','q=null;sort=recommend;page=0;size=12'),(138,'2025-10-04 13:42:14','FB21E44110AE53F589A91B780D5F69AD',NULL,9416,NULL,NULL,'VIEW_VENDOR_LIST','q=null;sort=recommend;page=0;size=12'),(139,'2025-10-04 13:42:14','FB21E44110AE53F589A91B780D5F69AD',NULL,9416,NULL,NULL,'VIEW_VENDOR_LIST','q=null;sort=recommend;page=0;size=12'),(140,'2025-10-04 13:42:14','FB21E44110AE53F589A91B780D5F69AD',NULL,9416,NULL,NULL,'VIEW_VENDOR_LIST','q=null;sort=recommend;page=0;size=12'),(141,'2025-10-04 13:42:15','FB21E44110AE53F589A91B780D5F69AD',NULL,9416,NULL,NULL,'VIEW_VENDOR_LIST','q=null;sort=recommend;page=0;size=12'),(142,'2025-10-04 13:42:15','FB21E44110AE53F589A91B780D5F69AD',NULL,9416,NULL,NULL,'VIEW_VENDOR_LIST','q=null;sort=recommend;page=0;size=12'),(143,'2025-10-04 13:42:15','FB21E44110AE53F589A91B780D5F69AD',NULL,9416,NULL,NULL,'VIEW_VENDOR_LIST','q=null;sort=recommend;page=0;size=12'),(144,'2025-10-04 13:42:15','FB21E44110AE53F589A91B780D5F69AD',NULL,9416,NULL,NULL,'VIEW_VENDOR_LIST','q=null;sort=recommend;page=0;size=12'),(145,'2025-10-04 13:42:15','FB21E44110AE53F589A91B780D5F69AD',NULL,9416,NULL,NULL,'VIEW_VENDOR_LIST','q=null;sort=recommend;page=0;size=12'),(146,'2025-10-04 13:42:15','FB21E44110AE53F589A91B780D5F69AD',NULL,9416,NULL,NULL,'VIEW_VENDOR_LIST','q=null;sort=recommend;page=0;size=12'),(147,'2025-10-04 13:42:15','FB21E44110AE53F589A91B780D5F69AD',NULL,9416,NULL,NULL,'VIEW_VENDOR_LIST','q=null;sort=recommend;page=0;size=12'),(148,'2025-10-04 13:42:16','FB21E44110AE53F589A91B780D5F69AD',NULL,9416,NULL,NULL,'VIEW_VENDOR_LIST','q=null;sort=recommend;page=0;size=12'),(149,'2025-10-04 13:42:16','FB21E44110AE53F589A91B780D5F69AD',NULL,9416,NULL,NULL,'VIEW_VENDOR_LIST','q=null;sort=recommend;page=0;size=12'),(150,'2025-10-04 13:42:16','FB21E44110AE53F589A91B780D5F69AD',NULL,9416,NULL,NULL,'VIEW_VENDOR_LIST','q=null;sort=recommend;page=0;size=12'),(151,'2025-10-04 13:42:16','FB21E44110AE53F589A91B780D5F69AD',NULL,9416,NULL,NULL,'VIEW_VENDOR_LIST','q=null;sort=recommend;page=0;size=12'),(152,'2025-10-04 13:42:16','FB21E44110AE53F589A91B780D5F69AD',NULL,9416,NULL,NULL,'VIEW_VENDOR_LIST','q=null;sort=recommend;page=0;size=12'),(153,'2025-10-04 13:42:18','FB21E44110AE53F589A91B780D5F69AD',NULL,9416,NULL,NULL,'VIEW_VENDOR_LIST','q=null;sort=recommend;page=0;size=12'),(154,'2025-10-04 13:42:19','FB21E44110AE53F589A91B780D5F69AD',NULL,9416,NULL,NULL,'VIEW_VENDOR_LIST','q=null;sort=recommend;page=0;size=12'),(155,'2025-10-04 13:42:19','FB21E44110AE53F589A91B780D5F69AD',NULL,9416,NULL,NULL,'VIEW_VENDOR_LIST','q=null;sort=recommend;page=0;size=12'),(156,'2025-10-04 13:42:19','FB21E44110AE53F589A91B780D5F69AD',NULL,9416,NULL,NULL,'VIEW_VENDOR_LIST','q=null;sort=recommend;page=0;size=12'),(157,'2025-10-04 13:42:19','FB21E44110AE53F589A91B780D5F69AD',NULL,9416,NULL,NULL,'VIEW_VENDOR_LIST','q=null;sort=recommend;page=0;size=12'),(158,'2025-10-04 13:42:19','FB21E44110AE53F589A91B780D5F69AD',NULL,9416,NULL,NULL,'VIEW_VENDOR_LIST','q=null;sort=recommend;page=0;size=12'),(159,'2025-10-04 13:42:20','FB21E44110AE53F589A91B780D5F69AD',NULL,9416,NULL,NULL,'VIEW_VENDOR_LIST','q=null;sort=recommend;page=0;size=12'),(160,'2025-10-04 13:42:20','FB21E44110AE53F589A91B780D5F69AD',NULL,9416,NULL,NULL,'VIEW_VENDOR_LIST','q=null;sort=recommend;page=0;size=12'),(161,'2025-10-04 13:42:26','FB21E44110AE53F589A91B780D5F69AD',NULL,9416,NULL,NULL,'VIEW_VENDOR_LIST','q=null;sort=recommend;page=0;size=12'),(162,'2025-10-04 13:42:27','FB21E44110AE53F589A91B780D5F69AD',NULL,9416,NULL,NULL,'VIEW_VENDOR_LIST','q=null;sort=recommend;page=0;size=12'),(163,'2025-10-04 13:42:31','FB21E44110AE53F589A91B780D5F69AD',NULL,9418,NULL,NULL,'VIEW_VENDOR_LIST','q=null;sort=recommend;page=0;size=12'),(164,'2025-10-04 13:42:33','FB21E44110AE53F589A91B780D5F69AD',NULL,9419,NULL,NULL,'VIEW_VENDOR_LIST','q=null;sort=recommend;page=0;size=12'),(165,'2025-10-04 13:42:36','FB21E44110AE53F589A91B780D5F69AD',NULL,9417,NULL,NULL,'VIEW_VENDOR_LIST','q=null;sort=recommend;page=0;size=12'),(166,'2025-10-04 13:42:41','FB21E44110AE53F589A91B780D5F69AD',NULL,27,NULL,NULL,'VIEW_VENDOR_LIST','q=null;sort=recommend;page=0;size=12'),(167,'2025-10-04 13:42:47','FB21E44110AE53F589A91B780D5F69AD',NULL,21,NULL,NULL,'VIEW_VENDOR_LIST','q=null;sort=recommend;page=0;size=12'),(168,'2025-10-04 13:42:53','FB21E44110AE53F589A91B780D5F69AD',NULL,24,NULL,NULL,'VIEW_VENDOR_LIST','q=null;sort=recommend;page=0;size=12'),(169,'2025-10-04 13:43:27','FB21E44110AE53F589A91B780D5F69AD',NULL,24,NULL,NULL,'VIEW_VENDOR_LIST','q=null;sort=recommend;page=0;size=12'),(170,'2025-10-04 13:43:28','FB21E44110AE53F589A91B780D5F69AD',NULL,24,NULL,NULL,'VIEW_VENDOR_LIST','q=null;sort=recommend;page=0;size=12'),(171,'2025-10-04 13:43:30','FB21E44110AE53F589A91B780D5F69AD',NULL,24,NULL,NULL,'VIEW_VENDOR_LIST','q=null;sort=recommend;page=0;size=12'),(172,'2025-10-04 13:45:22','FB21E44110AE53F589A91B780D5F69AD',NULL,21,NULL,NULL,'VIEW_VENDOR_LIST','q=null;sort=recommend;page=0;size=12'),(173,'2025-10-04 13:45:28','FB21E44110AE53F589A91B780D5F69AD',NULL,2,NULL,NULL,'VIEW_VENDOR_LIST','q=null;sort=recommend;page=0;size=12'),(174,'2025-10-04 13:46:04','FB21E44110AE53F589A91B780D5F69AD',NULL,2,NULL,NULL,'VIEW_VENDOR_LIST','q=null;sort=recommend;page=0;size=12'),(175,'2025-10-04 13:50:28','FB21E44110AE53F589A91B780D5F69AD',NULL,32,NULL,NULL,'VIEW_VENDOR_LIST','q=null;sort=recommend;page=0;size=12'),(176,'2025-10-04 13:50:29','FB21E44110AE53F589A91B780D5F69AD',NULL,32,NULL,NULL,'VIEW_VENDOR_LIST','q=null;sort=recommend;page=0;size=12'),(177,'2025-10-04 13:50:34','FB21E44110AE53F589A91B780D5F69AD',NULL,32,NULL,NULL,'VIEW_VENDOR_LIST','q=null;sort=recommend;page=0;size=12'),(178,'2025-10-04 13:52:38','FB21E44110AE53F589A91B780D5F69AD',NULL,32,NULL,NULL,'VIEW_VENDOR_LIST','q=null;sort=recommend;page=0;size=12'),(179,'2025-10-04 13:52:39','FB21E44110AE53F589A91B780D5F69AD',NULL,32,NULL,NULL,'VIEW_VENDOR_LIST','q=null;sort=recommend;page=0;size=12'),(180,'2025-10-04 13:52:53','FB21E44110AE53F589A91B780D5F69AD',NULL,9416,NULL,NULL,'VIEW_VENDOR_LIST','q=null;sort=recommend;page=0;size=12'),(181,'2025-10-04 13:53:21','FB21E44110AE53F589A91B780D5F69AD',NULL,9416,NULL,NULL,'VIEW_VENDOR_LIST','q=null;sort=recommend;page=0;size=12'),(182,'2025-10-04 13:55:47','FB21E44110AE53F589A91B780D5F69AD',NULL,9416,NULL,NULL,'VIEW_VENDOR_LIST','q=null;sort=recommend;page=0;size=12'),(183,'2025-10-04 13:55:50','FB21E44110AE53F589A91B780D5F69AD',NULL,9416,NULL,NULL,'VIEW_VENDOR_LIST','q=null;sort=recommend;page=0;size=12'),(184,'2025-10-04 13:55:51','FB21E44110AE53F589A91B780D5F69AD',NULL,9416,NULL,NULL,'VIEW_VENDOR_LIST','q=null;sort=recommend;page=0;size=12'),(185,'2025-10-04 13:56:00','FB21E44110AE53F589A91B780D5F69AD',NULL,9416,NULL,NULL,'VIEW_VENDOR_LIST','q=null;sort=price-desc;page=0;size=12'),(186,'2025-10-04 13:56:03','FB21E44110AE53F589A91B780D5F69AD',NULL,9416,NULL,NULL,'VIEW_VENDOR_LIST','q=null;sort=newest;page=0;size=12'),(187,'2025-10-04 13:58:04','FB21E44110AE53F589A91B780D5F69AD',NULL,9416,NULL,NULL,'VIEW_VENDOR_LIST','q=null;sort=newest;page=0;size=12'),(188,'2025-10-04 13:58:04','FB21E44110AE53F589A91B780D5F69AD',NULL,9416,NULL,NULL,'VIEW_VENDOR_LIST','q=null;sort=newest;page=0;size=12'),(189,'2025-10-04 13:58:05','FB21E44110AE53F589A91B780D5F69AD',NULL,9416,NULL,NULL,'VIEW_VENDOR_LIST','q=null;sort=newest;page=0;size=12'),(190,'2025-10-04 14:00:49','FB21E44110AE53F589A91B780D5F69AD',NULL,9416,NULL,NULL,'VIEW_VENDOR_LIST','q=null;sort=newest;page=0;size=12'),(191,'2025-10-04 14:00:51','FB21E44110AE53F589A91B780D5F69AD',NULL,9416,NULL,NULL,'VIEW_VENDOR_LIST','q=null;sort=newest;page=0;size=12'),(192,'2025-10-04 14:00:52','FB21E44110AE53F589A91B780D5F69AD',NULL,9416,NULL,NULL,'VIEW_VENDOR_LIST','q=null;sort=newest;page=0;size=12'),(193,'2025-10-04 14:01:38','FB21E44110AE53F589A91B780D5F69AD',NULL,9416,NULL,NULL,'VIEW_VENDOR_LIST','q=null;sort=newest;page=0;size=12'),(194,'2025-10-04 14:01:38','FB21E44110AE53F589A91B780D5F69AD',NULL,9416,NULL,NULL,'VIEW_VENDOR_LIST','q=null;sort=newest;page=0;size=12'),(195,'2025-10-04 14:01:39','FB21E44110AE53F589A91B780D5F69AD',NULL,9416,NULL,NULL,'VIEW_VENDOR_LIST','q=null;sort=newest;page=0;size=12'),(196,'2025-10-04 14:01:39','FB21E44110AE53F589A91B780D5F69AD',NULL,9416,NULL,NULL,'VIEW_VENDOR_LIST','q=null;sort=newest;page=0;size=12'),(197,'2025-10-04 14:01:39','FB21E44110AE53F589A91B780D5F69AD',NULL,9416,NULL,NULL,'VIEW_VENDOR_LIST','q=null;sort=newest;page=0;size=12'),(198,'2025-10-04 14:01:40','FB21E44110AE53F589A91B780D5F69AD',NULL,9416,NULL,NULL,'VIEW_VENDOR_LIST','q=null;sort=newest;page=0;size=12'),(199,'2025-10-04 14:01:40','FB21E44110AE53F589A91B780D5F69AD',NULL,9416,NULL,NULL,'VIEW_VENDOR_LIST','q=null;sort=newest;page=0;size=12'),(200,'2025-10-04 14:01:40','FB21E44110AE53F589A91B780D5F69AD',NULL,9416,NULL,NULL,'VIEW_VENDOR_LIST','q=null;sort=newest;page=0;size=12'),(201,'2025-10-04 14:01:48','FB21E44110AE53F589A91B780D5F69AD',NULL,9416,NULL,NULL,'VIEW_VENDOR_LIST','q=null;sort=newest;page=0;size=12'),(202,'2025-10-04 14:01:50','FB21E44110AE53F589A91B780D5F69AD',NULL,9416,NULL,NULL,'VIEW_VENDOR_LIST','q=null;sort=newest;page=0;size=12'),(203,'2025-10-04 14:03:43','FB21E44110AE53F589A91B780D5F69AD',NULL,9416,NULL,NULL,'VIEW_VENDOR_LIST','q=null;sort=newest;page=0;size=12'),(204,'2025-10-04 14:03:43','FB21E44110AE53F589A91B780D5F69AD',NULL,9416,NULL,NULL,'VIEW_VENDOR_LIST','q=null;sort=newest;page=0;size=12'),(205,'2025-10-04 14:03:44','FB21E44110AE53F589A91B780D5F69AD',NULL,9416,NULL,NULL,'VIEW_VENDOR_LIST','q=null;sort=newest;page=0;size=12'),(206,'2025-10-04 14:03:45','FB21E44110AE53F589A91B780D5F69AD',NULL,9416,NULL,NULL,'VIEW_VENDOR_LIST','q=null;sort=newest;page=0;size=12'),(207,'2025-10-04 14:03:45','FB21E44110AE53F589A91B780D5F69AD',NULL,9416,NULL,NULL,'VIEW_VENDOR_LIST','q=null;sort=newest;page=0;size=12'),(208,'2025-10-04 14:03:47','FB21E44110AE53F589A91B780D5F69AD',NULL,9416,NULL,NULL,'VIEW_VENDOR_LIST','q=null;sort=newest;page=0;size=12'),(209,'2025-10-04 14:03:47','FB21E44110AE53F589A91B780D5F69AD',NULL,9416,NULL,NULL,'VIEW_VENDOR_LIST','q=null;sort=newest;page=0;size=12'),(210,'2025-10-04 14:03:48','FB21E44110AE53F589A91B780D5F69AD',NULL,9416,NULL,NULL,'VIEW_VENDOR_LIST','q=null;sort=newest;page=0;size=12'),(211,'2025-10-04 14:03:49','FB21E44110AE53F589A91B780D5F69AD',NULL,9416,NULL,NULL,'VIEW_VENDOR_LIST','q=null;sort=newest;page=0;size=12'),(212,'2025-10-04 14:07:48','FB21E44110AE53F589A91B780D5F69AD',NULL,9416,NULL,NULL,'VIEW_VENDOR_LIST','q=null;sort=newest;page=0;size=12'),(213,'2025-10-04 14:07:51','FB21E44110AE53F589A91B780D5F69AD',NULL,9416,NULL,NULL,'VIEW_VENDOR_LIST','q=null;sort=newest;page=0;size=12'),(214,'2025-10-04 14:10:54','FB21E44110AE53F589A91B780D5F69AD',NULL,9416,NULL,NULL,'VIEW_VENDOR_LIST','q=null;sort=newest;page=0;size=12'),(215,'2025-10-04 14:10:57','FB21E44110AE53F589A91B780D5F69AD',NULL,9416,NULL,NULL,'VIEW_VENDOR_LIST','q=null;sort=newest;page=0;size=12'),(216,'2025-10-04 14:10:59','FB21E44110AE53F589A91B780D5F69AD',NULL,9416,NULL,NULL,'VIEW_VENDOR_LIST','q=null;sort=newest;page=0;size=12'),(217,'2025-10-04 14:11:02','FB21E44110AE53F589A91B780D5F69AD',NULL,9416,NULL,NULL,'VIEW_VENDOR_LIST','q=null;sort=newest;page=0;size=12'),(218,'2025-10-04 14:11:04','FB21E44110AE53F589A91B780D5F69AD',NULL,9416,NULL,NULL,'VIEW_VENDOR_LIST','q=null;sort=newest;page=0;size=12'),(219,'2025-10-04 14:11:06','FB21E44110AE53F589A91B780D5F69AD',NULL,9416,NULL,NULL,'VIEW_VENDOR_LIST','q=null;sort=newest;page=0;size=12'),(220,'2025-10-04 14:11:08','FB21E44110AE53F589A91B780D5F69AD',NULL,9416,NULL,NULL,'VIEW_VENDOR_LIST','q=null;sort=newest;page=0;size=12'),(221,'2025-10-04 14:11:09','FB21E44110AE53F589A91B780D5F69AD',NULL,9416,NULL,NULL,'VIEW_VENDOR_LIST','q=null;sort=price-desc;page=0;size=12'),(222,'2025-10-04 14:11:48','FB21E44110AE53F589A91B780D5F69AD',NULL,9416,NULL,NULL,'VIEW_VENDOR_LIST','q=null;sort=price-desc;page=0;size=12'),(223,'2025-10-04 14:11:51','FB21E44110AE53F589A91B780D5F69AD',NULL,9416,NULL,NULL,'VIEW_VENDOR_LIST','q=null;sort=price-desc;page=0;size=12'),(224,'2025-10-04 14:14:28','FB21E44110AE53F589A91B780D5F69AD',NULL,9416,NULL,NULL,'VIEW_VENDOR_LIST','q=null;sort=price-desc;page=0;size=12'),(225,'2025-10-04 14:15:22','FB21E44110AE53F589A91B780D5F69AD',NULL,9416,NULL,NULL,'VIEW_VENDOR_LIST','q=null;sort=price-desc;page=0;size=12'),(226,'2025-10-04 14:17:08','FB21E44110AE53F589A91B780D5F69AD',NULL,9416,NULL,NULL,'VIEW_VENDOR_LIST','q=null;sort=price-desc;page=0;size=12'),(227,'2025-10-04 14:17:09','FB21E44110AE53F589A91B780D5F69AD',NULL,9416,NULL,NULL,'VIEW_VENDOR_LIST','q=null;sort=price-desc;page=0;size=12'),(228,'2025-10-04 14:17:10','FB21E44110AE53F589A91B780D5F69AD',NULL,9416,NULL,NULL,'VIEW_VENDOR_LIST','q=null;sort=price-desc;page=0;size=12'),(229,'2025-10-04 14:17:11','FB21E44110AE53F589A91B780D5F69AD',NULL,9416,NULL,NULL,'VIEW_VENDOR_LIST','q=null;sort=price-desc;page=0;size=12'),(230,'2025-10-04 14:17:12','FB21E44110AE53F589A91B780D5F69AD',NULL,9416,NULL,NULL,'VIEW_VENDOR_LIST','q=null;sort=price-desc;page=0;size=12'),(231,'2025-10-04 14:17:13','FB21E44110AE53F589A91B780D5F69AD',NULL,9416,NULL,NULL,'VIEW_VENDOR_LIST','q=null;sort=price-desc;page=0;size=12'),(232,'2025-10-04 14:17:13','FB21E44110AE53F589A91B780D5F69AD',NULL,9416,NULL,NULL,'VIEW_VENDOR_LIST','q=null;sort=price-desc;page=0;size=12'),(233,'2025-10-04 14:17:14','FB21E44110AE53F589A91B780D5F69AD',NULL,9416,NULL,NULL,'VIEW_VENDOR_LIST','q=null;sort=price-desc;page=0;size=12'),(234,'2025-10-04 14:17:14','FB21E44110AE53F589A91B780D5F69AD',NULL,9416,NULL,NULL,'VIEW_VENDOR_LIST','q=null;sort=price-desc;page=0;size=12'),(235,'2025-10-04 14:17:15','FB21E44110AE53F589A91B780D5F69AD',NULL,9416,NULL,NULL,'VIEW_VENDOR_LIST','q=null;sort=price-desc;page=0;size=12'),(236,'2025-10-04 14:17:15','FB21E44110AE53F589A91B780D5F69AD',NULL,9416,NULL,NULL,'VIEW_VENDOR_LIST','q=null;sort=price-desc;page=0;size=12'),(237,'2025-10-04 14:17:15','FB21E44110AE53F589A91B780D5F69AD',NULL,9416,NULL,NULL,'VIEW_VENDOR_LIST','q=null;sort=price-desc;page=0;size=12'),(238,'2025-10-04 14:17:16','FB21E44110AE53F589A91B780D5F69AD',NULL,9416,NULL,NULL,'VIEW_VENDOR_LIST','q=null;sort=price-desc;page=0;size=12'),(239,'2025-10-04 14:19:14','FB21E44110AE53F589A91B780D5F69AD',NULL,9416,NULL,NULL,'VIEW_VENDOR_LIST','q=null;sort=price-desc;page=0;size=12'),(240,'2025-10-04 14:19:14','FB21E44110AE53F589A91B780D5F69AD',NULL,9416,NULL,NULL,'VIEW_VENDOR_LIST','q=null;sort=price-desc;page=0;size=12'),(241,'2025-10-04 14:19:15','FB21E44110AE53F589A91B780D5F69AD',NULL,9416,NULL,NULL,'VIEW_VENDOR_LIST','q=null;sort=price-desc;page=0;size=12'),(242,'2025-10-04 14:19:15','FB21E44110AE53F589A91B780D5F69AD',NULL,9416,NULL,NULL,'VIEW_VENDOR_LIST','q=null;sort=price-desc;page=0;size=12'),(243,'2025-10-04 14:19:16','FB21E44110AE53F589A91B780D5F69AD',NULL,9416,NULL,NULL,'VIEW_VENDOR_LIST','q=null;sort=price-desc;page=0;size=12'),(244,'2025-10-04 14:19:17','FB21E44110AE53F589A91B780D5F69AD',NULL,9416,NULL,NULL,'VIEW_VENDOR_LIST','q=null;sort=price-desc;page=0;size=12'),(245,'2025-10-04 14:19:37','FB21E44110AE53F589A91B780D5F69AD',NULL,9416,NULL,NULL,'VIEW_VENDOR_LIST','q=null;sort=price-desc;page=0;size=12'),(246,'2025-10-04 14:19:48','FB21E44110AE53F589A91B780D5F69AD',NULL,9416,NULL,NULL,'VIEW_VENDOR_LIST','q=null;sort=price-desc;page=0;size=12'),(247,'2025-10-04 14:20:54','FB21E44110AE53F589A91B780D5F69AD',NULL,9416,NULL,NULL,'VIEW_VENDOR_LIST','q=null;sort=price-desc;page=0;size=12'),(248,'2025-10-04 14:25:34','FB21E44110AE53F589A91B780D5F69AD',NULL,9416,NULL,NULL,'VIEW_VENDOR_LIST','q=null;sort=price-desc;page=0;size=12'),(249,'2025-10-04 14:25:35','FB21E44110AE53F589A91B780D5F69AD',NULL,9416,NULL,NULL,'VIEW_VENDOR_LIST','q=null;sort=price-desc;page=0;size=12'),(250,'2025-10-04 14:28:57','FB21E44110AE53F589A91B780D5F69AD',NULL,9416,NULL,NULL,'VIEW_VENDOR_LIST','q=null;sort=price-desc;page=0;size=12'),(251,'2025-10-04 14:28:59','FB21E44110AE53F589A91B780D5F69AD',NULL,9416,NULL,NULL,'VIEW_VENDOR_LIST','q=null;sort=price-desc;page=0;size=12'),(252,'2025-10-04 14:29:00','FB21E44110AE53F589A91B780D5F69AD',NULL,9416,NULL,NULL,'VIEW_VENDOR_LIST','q=null;sort=price-desc;page=0;size=12'),(253,'2025-10-04 14:29:00','FB21E44110AE53F589A91B780D5F69AD',NULL,9416,NULL,NULL,'VIEW_VENDOR_LIST','q=null;sort=price-desc;page=0;size=12'),(254,'2025-10-04 14:29:00','FB21E44110AE53F589A91B780D5F69AD',NULL,9416,NULL,NULL,'VIEW_VENDOR_LIST','q=null;sort=price-desc;page=0;size=12'),(255,'2025-10-04 14:29:01','FB21E44110AE53F589A91B780D5F69AD',NULL,9416,NULL,NULL,'VIEW_VENDOR_LIST','q=null;sort=price-desc;page=0;size=12'),(256,'2025-10-04 14:29:01','FB21E44110AE53F589A91B780D5F69AD',NULL,9416,NULL,NULL,'VIEW_VENDOR_LIST','q=null;sort=price-desc;page=0;size=12'),(257,'2025-10-04 14:29:01','FB21E44110AE53F589A91B780D5F69AD',NULL,9416,NULL,NULL,'VIEW_VENDOR_LIST','q=null;sort=price-desc;page=0;size=12'),(258,'2025-10-04 14:29:01','FB21E44110AE53F589A91B780D5F69AD',NULL,9416,NULL,NULL,'VIEW_VENDOR_LIST','q=null;sort=price-desc;page=0;size=12'),(259,'2025-10-04 14:30:04','FB21E44110AE53F589A91B780D5F69AD',NULL,9416,NULL,NULL,'VIEW_VENDOR_LIST','q=null;sort=price-desc;page=0;size=12'),(260,'2025-10-04 14:30:05','FB21E44110AE53F589A91B780D5F69AD',NULL,9416,NULL,NULL,'VIEW_VENDOR_LIST','q=null;sort=price-desc;page=0;size=12'),(261,'2025-10-04 14:32:11','FB21E44110AE53F589A91B780D5F69AD',NULL,9416,NULL,NULL,'VIEW_VENDOR_LIST','q=null;sort=price-desc;page=0;size=12'),(262,'2025-10-04 14:32:12','FB21E44110AE53F589A91B780D5F69AD',NULL,9416,NULL,NULL,'VIEW_VENDOR_LIST','q=null;sort=price-desc;page=0;size=12'),(263,'2025-10-04 14:32:13','FB21E44110AE53F589A91B780D5F69AD',NULL,9416,NULL,NULL,'VIEW_VENDOR_LIST','q=null;sort=price-desc;page=0;size=12'),(264,'2025-10-04 14:32:13','FB21E44110AE53F589A91B780D5F69AD',NULL,9416,NULL,NULL,'VIEW_VENDOR_LIST','q=null;sort=price-desc;page=0;size=12'),(265,'2025-10-04 14:32:13','FB21E44110AE53F589A91B780D5F69AD',NULL,9416,NULL,NULL,'VIEW_VENDOR_LIST','q=null;sort=price-desc;page=0;size=12'),(266,'2025-10-04 14:32:13','FB21E44110AE53F589A91B780D5F69AD',NULL,9416,NULL,NULL,'VIEW_VENDOR_LIST','q=null;sort=price-desc;page=0;size=12'),(267,'2025-10-04 14:32:13','FB21E44110AE53F589A91B780D5F69AD',NULL,9416,NULL,NULL,'VIEW_VENDOR_LIST','q=null;sort=price-desc;page=0;size=12'),(268,'2025-10-04 14:32:14','FB21E44110AE53F589A91B780D5F69AD',NULL,9416,NULL,NULL,'VIEW_VENDOR_LIST','q=null;sort=price-desc;page=0;size=12'),(269,'2025-10-04 14:32:14','FB21E44110AE53F589A91B780D5F69AD',NULL,9416,NULL,NULL,'VIEW_VENDOR_LIST','q=null;sort=price-desc;page=0;size=12'),(270,'2025-10-04 14:32:14','FB21E44110AE53F589A91B780D5F69AD',NULL,9416,NULL,NULL,'VIEW_VENDOR_LIST','q=null;sort=price-desc;page=0;size=12'),(271,'2025-10-04 14:32:15','FB21E44110AE53F589A91B780D5F69AD',NULL,9416,NULL,NULL,'VIEW_VENDOR_LIST','q=null;sort=price-desc;page=0;size=12'),(272,'2025-10-04 14:32:15','FB21E44110AE53F589A91B780D5F69AD',NULL,9416,NULL,NULL,'VIEW_VENDOR_LIST','q=null;sort=price-desc;page=0;size=12'),(273,'2025-10-04 14:33:42','FB21E44110AE53F589A91B780D5F69AD',NULL,9416,NULL,NULL,'VIEW_VENDOR_LIST','q=null;sort=price-desc;page=0;size=12'),(274,'2025-10-04 14:38:46','FB21E44110AE53F589A91B780D5F69AD',NULL,9416,NULL,NULL,'VIEW_VENDOR_LIST','q=null;sort=price-desc;page=0;size=12'),(275,'2025-10-04 14:38:46','FB21E44110AE53F589A91B780D5F69AD',NULL,9416,NULL,NULL,'VIEW_VENDOR_LIST','q=null;sort=price-desc;page=0;size=12'),(276,'2025-10-04 14:38:47','FB21E44110AE53F589A91B780D5F69AD',NULL,9416,NULL,NULL,'VIEW_VENDOR_LIST','q=null;sort=price-desc;page=0;size=12'),(277,'2025-10-04 14:38:47','FB21E44110AE53F589A91B780D5F69AD',NULL,9416,NULL,NULL,'VIEW_VENDOR_LIST','q=null;sort=price-desc;page=0;size=12'),(278,'2025-10-04 14:38:47','FB21E44110AE53F589A91B780D5F69AD',NULL,9416,NULL,NULL,'VIEW_VENDOR_LIST','q=null;sort=price-desc;page=0;size=12'),(279,'2025-10-04 14:38:47','FB21E44110AE53F589A91B780D5F69AD',NULL,9416,NULL,NULL,'VIEW_VENDOR_LIST','q=null;sort=price-desc;page=0;size=12'),(280,'2025-10-04 14:38:48','FB21E44110AE53F589A91B780D5F69AD',NULL,9416,NULL,NULL,'VIEW_VENDOR_LIST','q=null;sort=price-desc;page=0;size=12'),(281,'2025-10-04 14:38:48','FB21E44110AE53F589A91B780D5F69AD',NULL,9416,NULL,NULL,'VIEW_VENDOR_LIST','q=null;sort=price-desc;page=0;size=12'),(282,'2025-10-04 14:38:48','FB21E44110AE53F589A91B780D5F69AD',NULL,9416,NULL,NULL,'VIEW_VENDOR_LIST','q=null;sort=price-desc;page=0;size=12'),(283,'2025-10-04 14:38:48','FB21E44110AE53F589A91B780D5F69AD',NULL,9416,NULL,NULL,'VIEW_VENDOR_LIST','q=null;sort=price-desc;page=0;size=12'),(284,'2025-10-04 14:38:48','FB21E44110AE53F589A91B780D5F69AD',NULL,9416,NULL,NULL,'VIEW_VENDOR_LIST','q=null;sort=price-desc;page=0;size=12'),(285,'2025-10-04 14:39:06','FB21E44110AE53F589A91B780D5F69AD',NULL,9416,NULL,NULL,'VIEW_VENDOR_LIST','q=null;sort=price-desc;page=0;size=12'),(286,'2025-10-04 14:39:22','FB21E44110AE53F589A91B780D5F69AD',NULL,9416,NULL,NULL,'VIEW_VENDOR_LIST','q=null;sort=recommend;page=0;size=12'),(287,'2025-10-04 14:39:25','FB21E44110AE53F589A91B780D5F69AD',NULL,9415,NULL,NULL,'VIEW_VENDOR_LIST','q=null;sort=recommend;page=0;size=12'),(288,'2025-10-04 14:39:29','FB21E44110AE53F589A91B780D5F69AD',NULL,9418,NULL,NULL,'VIEW_VENDOR_LIST','q=null;sort=recommend;page=0;size=12'),(289,'2025-10-04 14:39:52','FB21E44110AE53F589A91B780D5F69AD',NULL,9411,NULL,NULL,'VIEW_VENDOR_LIST','q=null;sort=recommend;page=0;size=12'),(290,'2025-10-04 14:39:56','FB21E44110AE53F589A91B780D5F69AD',NULL,8,NULL,NULL,'VIEW_VENDOR_LIST','q=null;sort=recommend;page=0;size=12'),(291,'2025-10-04 14:46:17','FB21E44110AE53F589A91B780D5F69AD',NULL,29,NULL,NULL,'VIEW_VENDOR_LIST','q=null;sort=recommend;page=0;size=12'),(292,'2025-10-04 14:46:24','FB21E44110AE53F589A91B780D5F69AD',NULL,29,NULL,NULL,'VIEW_VENDOR_LIST','q=null;sort=recommend;page=0;size=12'),(293,'2025-10-04 14:46:24','FB21E44110AE53F589A91B780D5F69AD',NULL,29,NULL,NULL,'VIEW_VENDOR_LIST','q=null;sort=recommend;page=0;size=12'),(294,'2025-10-04 14:46:24','FB21E44110AE53F589A91B780D5F69AD',NULL,29,NULL,NULL,'VIEW_VENDOR_LIST','q=null;sort=recommend;page=0;size=12'),(295,'2025-10-04 14:46:25','FB21E44110AE53F589A91B780D5F69AD',NULL,29,NULL,NULL,'VIEW_VENDOR_LIST','q=null;sort=recommend;page=0;size=12'),(296,'2025-10-04 14:46:25','FB21E44110AE53F589A91B780D5F69AD',NULL,29,NULL,NULL,'VIEW_VENDOR_LIST','q=null;sort=recommend;page=0;size=12'),(297,'2025-10-04 14:46:25','FB21E44110AE53F589A91B780D5F69AD',NULL,29,NULL,NULL,'VIEW_VENDOR_LIST','q=null;sort=recommend;page=0;size=12'),(298,'2025-10-04 14:46:25','FB21E44110AE53F589A91B780D5F69AD',NULL,29,NULL,NULL,'VIEW_VENDOR_LIST','q=null;sort=recommend;page=0;size=12'),(299,'2025-10-04 14:46:27','FB21E44110AE53F589A91B780D5F69AD',NULL,29,NULL,NULL,'VIEW_VENDOR_LIST','q=null;sort=recommend;page=0;size=12'),(300,'2025-10-04 14:46:37','FB21E44110AE53F589A91B780D5F69AD',NULL,29,NULL,NULL,'VIEW_VENDOR_LIST','q=null;sort=recommend;page=0;size=12'),(301,'2025-10-04 14:46:53','FB21E44110AE53F589A91B780D5F69AD',NULL,2,NULL,NULL,'VIEW_VENDOR_LIST','q=null;sort=recommend;page=0;size=12'),(302,'2025-10-04 17:03:46','30A44A3B08837E78787A24170050646D',NULL,2,NULL,NULL,'VIEW_VENDOR_LIST','q=null;sort=recommend;page=0;size=12'),(303,'2025-10-04 17:03:54','30A44A3B08837E78787A24170050646D',NULL,26,NULL,NULL,'VIEW_VENDOR_LIST','q=null;sort=recommend;page=0;size=12'),(304,'2025-10-04 17:04:00','30A44A3B08837E78787A24170050646D',NULL,9407,NULL,NULL,'VIEW_VENDOR_LIST','q=null;sort=recommend;page=0;size=12'),(305,'2025-10-04 17:04:27','30A44A3B08837E78787A24170050646D',NULL,9407,NULL,NULL,'VIEW_VENDOR_LIST','q=null;sort=recommend;page=0;size=12'),(306,'2025-10-04 17:08:08','30A44A3B08837E78787A24170050646D',NULL,9416,NULL,NULL,'VIEW_VENDOR_LIST','q=null;sort=recommend;page=0;size=12'),(307,'2025-10-04 17:08:11','30A44A3B08837E78787A24170050646D',NULL,9416,NULL,NULL,'VIEW_VENDOR_LIST','q=null;sort=recommend;page=0;size=12'),(308,'2025-10-04 17:14:56','30A44A3B08837E78787A24170050646D',NULL,9415,NULL,NULL,'VIEW_VENDOR_LIST','q=null;sort=recommend;page=0;size=12'),(309,'2025-10-04 17:15:01','30A44A3B08837E78787A24170050646D',NULL,9415,NULL,NULL,'VIEW_VENDOR_LIST','q=null;sort=recommend;page=0;size=12'),(310,'2025-10-04 17:52:56','1F66143182B7FA88D069B16E48DD91AB',NULL,9415,NULL,NULL,'VIEW_VENDOR_LIST','q=null;sort=recommend;page=0;size=12'),(311,'2025-10-04 17:56:50','1F66143182B7FA88D069B16E48DD91AB',NULL,9415,NULL,NULL,'VIEW_VENDOR_LIST','q=null;sort=recommend;page=0;size=12'),(312,'2025-10-04 17:57:05','1F66143182B7FA88D069B16E48DD91AB',NULL,9415,NULL,NULL,'VIEW_VENDOR_LIST','q=null;sort=recommend;page=0;size=12'),(313,'2025-10-04 17:57:08','1F66143182B7FA88D069B16E48DD91AB',NULL,30,NULL,NULL,'VIEW_VENDOR_LIST','q=null;sort=recommend;page=0;size=12'),(314,'2025-10-04 17:57:11','1F66143182B7FA88D069B16E48DD91AB',NULL,32,NULL,NULL,'VIEW_VENDOR_LIST','q=null;sort=recommend;page=0;size=12'),(315,'2025-10-04 17:57:12','1F66143182B7FA88D069B16E48DD91AB',NULL,9419,NULL,NULL,'VIEW_VENDOR_LIST','q=null;sort=recommend;page=0;size=12'),(316,'2025-10-04 17:57:14','1F66143182B7FA88D069B16E48DD91AB',NULL,9418,NULL,NULL,'VIEW_VENDOR_LIST','q=null;sort=recommend;page=0;size=12'),(317,'2025-10-04 17:57:15','1F66143182B7FA88D069B16E48DD91AB',NULL,10,NULL,NULL,'VIEW_VENDOR_LIST','q=null;sort=recommend;page=0;size=12'),(318,'2025-10-04 17:57:18','1F66143182B7FA88D069B16E48DD91AB',NULL,27,NULL,NULL,'VIEW_VENDOR_LIST','q=null;sort=recommend;page=0;size=12'),(319,'2025-10-04 17:57:20','1F66143182B7FA88D069B16E48DD91AB',NULL,9412,NULL,NULL,'VIEW_VENDOR_LIST','q=null;sort=recommend;page=0;size=12'),(320,'2025-10-04 17:57:22','1F66143182B7FA88D069B16E48DD91AB',NULL,9413,NULL,NULL,'VIEW_VENDOR_LIST','q=null;sort=recommend;page=0;size=12'),(321,'2025-10-04 17:57:28','1F66143182B7FA88D069B16E48DD91AB',NULL,24,NULL,NULL,'VIEW_VENDOR_LIST','q=null;sort=recommend;page=0;size=12'),(322,'2025-10-04 18:03:53','6DE8F533426AFEF080E9EA504F4CC9B4',NULL,9413,NULL,NULL,'VIEW_VENDOR_LIST','q=null;sort=recommend;page=0;size=12'),(323,'2025-10-04 18:04:03','6DE8F533426AFEF080E9EA504F4CC9B4',NULL,22,NULL,NULL,'VIEW_VENDOR_LIST','q=null;sort=recommend;page=0;size=12'),(324,'2025-10-04 18:04:11','6DE8F533426AFEF080E9EA504F4CC9B4',NULL,24,NULL,NULL,'VIEW_VENDOR_LIST','q=null;sort=recommend;page=0;size=12'),(325,'2025-10-04 18:06:28','6DE8F533426AFEF080E9EA504F4CC9B4',NULL,24,NULL,NULL,'VIEW_VENDOR_LIST','q=null;sort=recommend;page=0;size=12'),(326,'2025-10-04 22:47:32','61018DEE6766235EDE1A85720C8EAA0A',NULL,9416,NULL,NULL,'VIEW_VENDOR_LIST','q=null;sort=recommend;page=0;size=12'),(327,'2025-10-04 22:47:43','61018DEE6766235EDE1A85720C8EAA0A',NULL,24,NULL,NULL,'VIEW_VENDOR_LIST','q=null;sort=recommend;page=0;size=12'),(328,'2025-10-04 22:48:54','09200508DA973F8DDB87A33BDA71610F',NULL,24,NULL,NULL,'VIEW_VENDOR_LIST','q=null;sort=recommend;page=0;size=12'),(329,'2025-10-04 22:50:53','CC118A4AA81D47E530252BA8AA61C026',NULL,9416,NULL,NULL,'VIEW_VENDOR_LIST','q=null;sort=recommend;page=0;size=12'),(330,'2025-10-04 22:51:05','CC118A4AA81D47E530252BA8AA61C026',NULL,24,NULL,NULL,'VIEW_VENDOR_LIST','q=null;sort=recommend;page=0;size=12'),(331,'2025-10-04 22:52:14','CC118A4AA81D47E530252BA8AA61C026',NULL,24,NULL,NULL,'VIEW_VENDOR_LIST','q=null;sort=recommend;page=0;size=12'),(332,'2025-10-04 23:19:25','CC118A4AA81D47E530252BA8AA61C026',NULL,24,NULL,NULL,'VIEW_VENDOR_LIST','q=null;sort=recommend;page=0;size=12'),(333,'2025-10-04 23:25:14','CC118A4AA81D47E530252BA8AA61C026',NULL,24,NULL,NULL,'VIEW_VENDOR_LIST','q=null;sort=recommend;page=0;size=12'),(334,'2025-10-05 16:43:21','257935A62632428FF2D2E4F2FB4773D6',NULL,9417,NULL,NULL,'VIEW_VENDOR_LIST','q=null;sort=recommend;page=0;size=12'),(335,'2025-10-05 16:43:31','257935A62632428FF2D2E4F2FB4773D6',NULL,24,NULL,NULL,'VIEW_VENDOR_LIST','q=null;sort=recommend;page=0;size=12'),(336,'2025-10-05 17:26:44','257935A62632428FF2D2E4F2FB4773D6',NULL,24,NULL,NULL,'VIEW_VENDOR_LIST','q=null;sort=recommend;page=0;size=12'),(337,'2025-10-05 17:31:53','257935A62632428FF2D2E4F2FB4773D6',NULL,24,NULL,NULL,'VIEW_VENDOR_LIST','q=null;sort=recommend;page=0;size=12'),(338,'2025-10-05 17:56:17','257935A62632428FF2D2E4F2FB4773D6',NULL,9417,NULL,NULL,'VIEW_VENDOR_LIST','q=null;sort=recommend;page=0;size=12'),(339,'2025-10-05 17:56:24','257935A62632428FF2D2E4F2FB4773D6',NULL,24,NULL,NULL,'VIEW_VENDOR_LIST','q=null;sort=recommend;page=0;size=12'),(340,'2025-10-05 17:57:46','257935A62632428FF2D2E4F2FB4773D6',NULL,24,NULL,NULL,'VIEW_VENDOR_LIST','q=null;sort=recommend;page=0;size=12'),(341,'2025-10-05 18:08:43','6BB243801BD4CB500746FB1F1D75AE7D',NULL,24,NULL,NULL,'VIEW_VENDOR_LIST','q=null;sort=recommend;page=0;size=12'),(342,'2025-10-05 18:17:48','6BB243801BD4CB500746FB1F1D75AE7D',NULL,24,NULL,NULL,'VIEW_VENDOR_LIST','q=null;sort=recommend;page=0;size=12'),(343,'2025-10-06 16:09:01','2408AB0F4377106983AAE921105CB9BA',NULL,24,NULL,NULL,'VIEW_VENDOR_LIST','q=null;sort=recommend;page=0;size=12'),(344,'2025-10-06 16:15:17','2408AB0F4377106983AAE921105CB9BA',NULL,25,NULL,NULL,'VIEW_VENDOR_LIST','q=null;sort=recommend;page=0;size=12'),(345,'2025-10-06 16:15:46','2408AB0F4377106983AAE921105CB9BA',NULL,24,NULL,NULL,'VIEW_VENDOR_LIST','q=null;sort=recommend;page=0;size=12'),(346,'2025-10-06 16:43:26','2408AB0F4377106983AAE921105CB9BA',NULL,9416,NULL,NULL,'VIEW_VENDOR_LIST','q=null;sort=recommend;page=0;size=12'),(347,'2025-10-06 16:47:10','2408AB0F4377106983AAE921105CB9BA',NULL,21,NULL,NULL,'VIEW_VENDOR_LIST','q=null;sort=recommend;page=0;size=12'),(348,'2025-10-06 16:47:13','2408AB0F4377106983AAE921105CB9BA',NULL,24,NULL,NULL,'VIEW_VENDOR_LIST','q=null;sort=recommend;page=0;size=12'),(349,'2025-10-06 16:56:46','2408AB0F4377106983AAE921105CB9BA',NULL,24,NULL,NULL,'VIEW_VENDOR_LIST','q=null;sort=recommend;page=0;size=12'),(350,'2025-10-06 16:56:49','2408AB0F4377106983AAE921105CB9BA',NULL,26,NULL,NULL,'VIEW_VENDOR_LIST','q=null;sort=recommend;page=0;size=12'),(351,'2025-10-06 16:56:56','2408AB0F4377106983AAE921105CB9BA',NULL,12,NULL,NULL,'VIEW_VENDOR_LIST','q=null;sort=recommend;page=0;size=12'),(352,'2025-10-06 16:57:51','2408AB0F4377106983AAE921105CB9BA',NULL,12,NULL,NULL,'VIEW_VENDOR_LIST','q=null;sort=recommend;page=0;size=12'),(353,'2025-10-06 16:57:59','2408AB0F4377106983AAE921105CB9BA',NULL,12,NULL,NULL,'VIEW_VENDOR_LIST','q=null;sort=recommend;page=0;size=12'),(354,'2025-10-06 17:02:27','2408AB0F4377106983AAE921105CB9BA',NULL,24,NULL,NULL,'VIEW_VENDOR_LIST','q=null;sort=recommend;page=0;size=12'),(355,'2025-10-06 17:02:35','2408AB0F4377106983AAE921105CB9BA',NULL,24,NULL,NULL,'VIEW_VENDOR_LIST','q=null;sort=recommend;page=0;size=12'),(356,'2025-10-06 17:03:11','2408AB0F4377106983AAE921105CB9BA',NULL,24,NULL,NULL,'VIEW_VENDOR_LIST','q=null;sort=recommend;page=0;size=12'),(357,'2025-10-06 17:03:18','2408AB0F4377106983AAE921105CB9BA',NULL,2,NULL,NULL,'VIEW_VENDOR_LIST','q=null;sort=recommend;page=0;size=12'),(358,'2025-10-06 17:03:31','2408AB0F4377106983AAE921105CB9BA',NULL,24,NULL,NULL,'VIEW_VENDOR_LIST','q=null;sort=recommend;page=0;size=12'),(359,'2025-10-06 17:03:44','2408AB0F4377106983AAE921105CB9BA',NULL,24,NULL,NULL,'VIEW_VENDOR_LIST','q=null;sort=recommend;page=0;size=12'),(360,'2025-10-06 17:04:27','2408AB0F4377106983AAE921105CB9BA',NULL,24,NULL,NULL,'VIEW_VENDOR_LIST','q=null;sort=recommend;page=0;size=12'),(361,'2025-10-06 17:05:59','2408AB0F4377106983AAE921105CB9BA',NULL,24,NULL,NULL,'VIEW_VENDOR_LIST','q=null;sort=recommend;page=0;size=12'),(362,'2025-10-06 17:12:11','2408AB0F4377106983AAE921105CB9BA',NULL,24,NULL,NULL,'VIEW_VENDOR_LIST','q=null;sort=recommend;page=0;size=12'),(363,'2025-10-06 17:13:57','2408AB0F4377106983AAE921105CB9BA',NULL,24,NULL,NULL,'VIEW_VENDOR_LIST','q=null;sort=recommend;page=0;size=12'),(364,'2025-10-06 17:22:17','2408AB0F4377106983AAE921105CB9BA',NULL,24,NULL,NULL,'VIEW_VENDOR_LIST','q=null;sort=recommend;page=0;size=12'),(365,'2025-10-06 17:40:03','2408AB0F4377106983AAE921105CB9BA',NULL,24,NULL,NULL,'VIEW_VENDOR_LIST','q=null;sort=recommend;page=0;size=12'),(366,'2025-10-06 17:47:15','2408AB0F4377106983AAE921105CB9BA',NULL,24,NULL,NULL,'VIEW_VENDOR_LIST','q=null;sort=recommend;page=0;size=12'),(367,'2025-10-06 17:48:58','2408AB0F4377106983AAE921105CB9BA',NULL,24,NULL,NULL,'VIEW_VENDOR_LIST','q=null;sort=recommend;page=0;size=12'),(368,'2025-10-06 17:52:39','2408AB0F4377106983AAE921105CB9BA',NULL,24,NULL,NULL,'VIEW_VENDOR_LIST','q=null;sort=recommend;page=0;size=12'),(369,'2025-10-06 17:52:44','2408AB0F4377106983AAE921105CB9BA',NULL,24,NULL,NULL,'VIEW_VENDOR_LIST','q=null;sort=recommend;page=0;size=12'),(370,'2025-10-06 17:52:51','2408AB0F4377106983AAE921105CB9BA',NULL,24,NULL,NULL,'VIEW_VENDOR_LIST','q=null;sort=recommend;page=0;size=12'),(371,'2025-10-06 18:00:13','2408AB0F4377106983AAE921105CB9BA',NULL,24,NULL,NULL,'VIEW_VENDOR_LIST','q=null;sort=recommend;page=0;size=12'),(372,'2025-10-06 18:08:14','6F6825F33C0C5A87581A2AD24F41758C',NULL,24,NULL,NULL,'VIEW_VENDOR_LIST','q=null;sort=recommend;page=0;size=12'),(373,'2025-10-06 18:08:14','6F6825F33C0C5A87581A2AD24F41758C',NULL,24,NULL,NULL,'VIEW_VENDOR_LIST','q=null;sort=recommend;page=0;size=12'),(374,'2025-10-06 18:13:53','6F6825F33C0C5A87581A2AD24F41758C',NULL,24,NULL,NULL,'VIEW_VENDOR_LIST','q=null;sort=recommend;page=0;size=12'),(375,'2025-10-06 18:13:54','6F6825F33C0C5A87581A2AD24F41758C',NULL,24,NULL,NULL,'VIEW_VENDOR_LIST','q=null;sort=recommend;page=0;size=12'),(376,'2025-10-06 18:13:55','6F6825F33C0C5A87581A2AD24F41758C',NULL,24,NULL,NULL,'VIEW_VENDOR_LIST','q=null;sort=recommend;page=0;size=12'),(377,'2025-10-06 18:13:55','6F6825F33C0C5A87581A2AD24F41758C',NULL,24,NULL,NULL,'VIEW_VENDOR_LIST','q=null;sort=recommend;page=0;size=12'),(378,'2025-10-06 18:13:55','6F6825F33C0C5A87581A2AD24F41758C',NULL,24,NULL,NULL,'VIEW_VENDOR_LIST','q=null;sort=recommend;page=0;size=12'),(379,'2025-10-06 18:13:55','6F6825F33C0C5A87581A2AD24F41758C',NULL,24,NULL,NULL,'VIEW_VENDOR_LIST','q=null;sort=recommend;page=0;size=12'),(380,'2025-10-06 18:14:05','6F6825F33C0C5A87581A2AD24F41758C',NULL,24,NULL,NULL,'VIEW_VENDOR_LIST','q=null;sort=recommend;page=0;size=12'),(381,'2025-10-06 18:14:11','6F6825F33C0C5A87581A2AD24F41758C',NULL,24,NULL,NULL,'VIEW_VENDOR_LIST','q=null;sort=recommend;page=0;size=12'),(382,'2025-10-06 18:14:37','6F6825F33C0C5A87581A2AD24F41758C',NULL,24,NULL,NULL,'VIEW_VENDOR_LIST','q=null;sort=recommend;page=0;size=12'),(383,'2025-10-06 18:25:03','6F6825F33C0C5A87581A2AD24F41758C',NULL,24,NULL,NULL,'VIEW_VENDOR_LIST','q=null;sort=recommend;page=0;size=12'),(384,'2025-10-06 18:25:04','6F6825F33C0C5A87581A2AD24F41758C',NULL,24,NULL,NULL,'VIEW_VENDOR_LIST','q=null;sort=recommend;page=0;size=12'),(385,'2025-10-06 18:25:05','6F6825F33C0C5A87581A2AD24F41758C',NULL,24,NULL,NULL,'VIEW_VENDOR_LIST','q=null;sort=recommend;page=0;size=12'),(386,'2025-10-06 18:25:15','6F6825F33C0C5A87581A2AD24F41758C',NULL,24,NULL,NULL,'VIEW_VENDOR_LIST','q=null;sort=recommend;page=0;size=12'),(387,'2025-10-06 18:28:30','6F6825F33C0C5A87581A2AD24F41758C',NULL,24,NULL,NULL,'VIEW_VENDOR_LIST','q=null;sort=recommend;page=0;size=12'),(388,'2025-10-06 18:28:30','6F6825F33C0C5A87581A2AD24F41758C',NULL,24,NULL,NULL,'VIEW_VENDOR_LIST','q=null;sort=recommend;page=0;size=12'),(389,'2025-10-06 18:28:31','6F6825F33C0C5A87581A2AD24F41758C',NULL,24,NULL,NULL,'VIEW_VENDOR_LIST','q=null;sort=recommend;page=0;size=12'),(390,'2025-10-06 18:28:31','6F6825F33C0C5A87581A2AD24F41758C',NULL,24,NULL,NULL,'VIEW_VENDOR_LIST','q=null;sort=recommend;page=0;size=12'),(391,'2025-10-06 18:28:31','6F6825F33C0C5A87581A2AD24F41758C',NULL,24,NULL,NULL,'VIEW_VENDOR_LIST','q=null;sort=recommend;page=0;size=12'),(392,'2025-10-06 18:28:32','6F6825F33C0C5A87581A2AD24F41758C',NULL,24,NULL,NULL,'VIEW_VENDOR_LIST','q=null;sort=recommend;page=0;size=12'),(393,'2025-10-06 18:28:32','6F6825F33C0C5A87581A2AD24F41758C',NULL,24,NULL,NULL,'VIEW_VENDOR_LIST','q=null;sort=recommend;page=0;size=12'),(394,'2025-10-06 18:28:33','6F6825F33C0C5A87581A2AD24F41758C',NULL,24,NULL,NULL,'VIEW_VENDOR_LIST','q=null;sort=recommend;page=0;size=12'),(395,'2025-10-06 18:28:33','6F6825F33C0C5A87581A2AD24F41758C',NULL,24,NULL,NULL,'VIEW_VENDOR_LIST','q=null;sort=recommend;page=0;size=12'),(396,'2025-10-06 18:28:34','6F6825F33C0C5A87581A2AD24F41758C',NULL,24,NULL,NULL,'VIEW_VENDOR_LIST','q=null;sort=recommend;page=0;size=12'),(397,'2025-10-06 18:28:53','6F6825F33C0C5A87581A2AD24F41758C',NULL,24,NULL,NULL,'VIEW_VENDOR_LIST','q=null;sort=recommend;page=0;size=12'),(398,'2025-10-06 18:31:10','6F6825F33C0C5A87581A2AD24F41758C',NULL,24,NULL,NULL,'VIEW_VENDOR_LIST','q=null;sort=recommend;page=0;size=12'),(399,'2025-10-06 18:31:31','6F6825F33C0C5A87581A2AD24F41758C',NULL,24,NULL,NULL,'VIEW_VENDOR_LIST','q=null;sort=recommend;page=0;size=12'),(400,'2025-10-06 18:31:32','6F6825F33C0C5A87581A2AD24F41758C',NULL,24,NULL,NULL,'VIEW_VENDOR_LIST','q=null;sort=recommend;page=0;size=12'),(401,'2025-10-06 18:31:32','6F6825F33C0C5A87581A2AD24F41758C',NULL,24,NULL,NULL,'VIEW_VENDOR_LIST','q=null;sort=recommend;page=0;size=12'),(402,'2025-10-06 18:31:32','6F6825F33C0C5A87581A2AD24F41758C',NULL,24,NULL,NULL,'VIEW_VENDOR_LIST','q=null;sort=recommend;page=0;size=12'),(403,'2025-10-06 18:31:32','6F6825F33C0C5A87581A2AD24F41758C',NULL,24,NULL,NULL,'VIEW_VENDOR_LIST','q=null;sort=recommend;page=0;size=12'),(404,'2025-10-06 18:31:33','6F6825F33C0C5A87581A2AD24F41758C',NULL,24,NULL,NULL,'VIEW_VENDOR_LIST','q=null;sort=recommend;page=0;size=12'),(405,'2025-10-06 18:31:33','6F6825F33C0C5A87581A2AD24F41758C',NULL,24,NULL,NULL,'VIEW_VENDOR_LIST','q=null;sort=recommend;page=0;size=12'),(406,'2025-10-06 18:31:33','6F6825F33C0C5A87581A2AD24F41758C',NULL,24,NULL,NULL,'VIEW_VENDOR_LIST','q=null;sort=recommend;page=0;size=12'),(407,'2025-10-06 18:31:33','6F6825F33C0C5A87581A2AD24F41758C',NULL,24,NULL,NULL,'VIEW_VENDOR_LIST','q=null;sort=recommend;page=0;size=12'),(408,'2025-10-06 18:31:33','6F6825F33C0C5A87581A2AD24F41758C',NULL,24,NULL,NULL,'VIEW_VENDOR_LIST','q=null;sort=recommend;page=0;size=12'),(409,'2025-10-06 18:31:33','6F6825F33C0C5A87581A2AD24F41758C',NULL,24,NULL,NULL,'VIEW_VENDOR_LIST','q=null;sort=recommend;page=0;size=12'),(410,'2025-10-06 18:31:33','6F6825F33C0C5A87581A2AD24F41758C',NULL,24,NULL,NULL,'VIEW_VENDOR_LIST','q=null;sort=recommend;page=0;size=12'),(411,'2025-10-06 18:31:33','6F6825F33C0C5A87581A2AD24F41758C',NULL,24,NULL,NULL,'VIEW_VENDOR_LIST','q=null;sort=recommend;page=0;size=12'),(412,'2025-10-06 18:31:33','6F6825F33C0C5A87581A2AD24F41758C',NULL,24,NULL,NULL,'VIEW_VENDOR_LIST','q=null;sort=recommend;page=0;size=12'),(413,'2025-10-06 18:31:34','6F6825F33C0C5A87581A2AD24F41758C',NULL,24,NULL,NULL,'VIEW_VENDOR_LIST','q=null;sort=recommend;page=0;size=12'),(414,'2025-10-06 18:31:34','6F6825F33C0C5A87581A2AD24F41758C',NULL,24,NULL,NULL,'VIEW_VENDOR_LIST','q=null;sort=recommend;page=0;size=12'),(415,'2025-10-06 18:31:34','6F6825F33C0C5A87581A2AD24F41758C',NULL,24,NULL,NULL,'VIEW_VENDOR_LIST','q=null;sort=recommend;page=0;size=12'),(416,'2025-10-06 18:31:34','6F6825F33C0C5A87581A2AD24F41758C',NULL,24,NULL,NULL,'VIEW_VENDOR_LIST','q=null;sort=recommend;page=0;size=12'),(417,'2025-10-06 18:31:34','6F6825F33C0C5A87581A2AD24F41758C',NULL,24,NULL,NULL,'VIEW_VENDOR_LIST','q=null;sort=recommend;page=0;size=12'),(418,'2025-10-06 18:31:34','6F6825F33C0C5A87581A2AD24F41758C',NULL,24,NULL,NULL,'VIEW_VENDOR_LIST','q=null;sort=recommend;page=0;size=12'),(419,'2025-10-06 18:31:34','6F6825F33C0C5A87581A2AD24F41758C',NULL,24,NULL,NULL,'VIEW_VENDOR_LIST','q=null;sort=recommend;page=0;size=12'),(420,'2025-10-06 18:31:34','6F6825F33C0C5A87581A2AD24F41758C',NULL,24,NULL,NULL,'VIEW_VENDOR_LIST','q=null;sort=recommend;page=0;size=12'),(421,'2025-10-06 18:31:35','6F6825F33C0C5A87581A2AD24F41758C',NULL,24,NULL,NULL,'VIEW_VENDOR_LIST','q=null;sort=recommend;page=0;size=12'),(422,'2025-10-06 18:31:35','6F6825F33C0C5A87581A2AD24F41758C',NULL,24,NULL,NULL,'VIEW_VENDOR_LIST','q=null;sort=recommend;page=0;size=12'),(423,'2025-10-06 18:31:35','6F6825F33C0C5A87581A2AD24F41758C',NULL,24,NULL,NULL,'VIEW_VENDOR_LIST','q=null;sort=recommend;page=0;size=12'),(424,'2025-10-06 18:31:35','6F6825F33C0C5A87581A2AD24F41758C',NULL,24,NULL,NULL,'VIEW_VENDOR_LIST','q=null;sort=recommend;page=0;size=12'),(425,'2025-10-06 18:31:35','6F6825F33C0C5A87581A2AD24F41758C',NULL,24,NULL,NULL,'VIEW_VENDOR_LIST','q=null;sort=recommend;page=0;size=12'),(426,'2025-10-06 18:31:35','6F6825F33C0C5A87581A2AD24F41758C',NULL,24,NULL,NULL,'VIEW_VENDOR_LIST','q=null;sort=recommend;page=0;size=12'),(427,'2025-10-06 18:31:35','6F6825F33C0C5A87581A2AD24F41758C',NULL,24,NULL,NULL,'VIEW_VENDOR_LIST','q=null;sort=recommend;page=0;size=12'),(428,'2025-10-06 18:32:41','6F6825F33C0C5A87581A2AD24F41758C',NULL,24,NULL,NULL,'VIEW_VENDOR_LIST','q=null;sort=recommend;page=0;size=12'),(429,'2025-10-06 18:32:42','6F6825F33C0C5A87581A2AD24F41758C',NULL,24,NULL,NULL,'VIEW_VENDOR_LIST','q=null;sort=recommend;page=0;size=12'),(430,'2025-10-06 18:32:42','6F6825F33C0C5A87581A2AD24F41758C',NULL,24,NULL,NULL,'VIEW_VENDOR_LIST','q=null;sort=recommend;page=0;size=12'),(431,'2025-10-06 18:32:42','6F6825F33C0C5A87581A2AD24F41758C',NULL,24,NULL,NULL,'VIEW_VENDOR_LIST','q=null;sort=recommend;page=0;size=12'),(432,'2025-10-06 18:32:43','6F6825F33C0C5A87581A2AD24F41758C',NULL,24,NULL,NULL,'VIEW_VENDOR_LIST','q=null;sort=recommend;page=0;size=12'),(433,'2025-10-06 18:32:43','6F6825F33C0C5A87581A2AD24F41758C',NULL,24,NULL,NULL,'VIEW_VENDOR_LIST','q=null;sort=recommend;page=0;size=12'),(434,'2025-10-06 18:32:43','6F6825F33C0C5A87581A2AD24F41758C',NULL,24,NULL,NULL,'VIEW_VENDOR_LIST','q=null;sort=recommend;page=0;size=12'),(435,'2025-10-06 18:32:43','6F6825F33C0C5A87581A2AD24F41758C',NULL,24,NULL,NULL,'VIEW_VENDOR_LIST','q=null;sort=recommend;page=0;size=12'),(436,'2025-10-06 18:32:43','6F6825F33C0C5A87581A2AD24F41758C',NULL,24,NULL,NULL,'VIEW_VENDOR_LIST','q=null;sort=recommend;page=0;size=12'),(437,'2025-10-06 18:32:43','6F6825F33C0C5A87581A2AD24F41758C',NULL,24,NULL,NULL,'VIEW_VENDOR_LIST','q=null;sort=recommend;page=0;size=12'),(438,'2025-10-06 18:32:43','6F6825F33C0C5A87581A2AD24F41758C',NULL,24,NULL,NULL,'VIEW_VENDOR_LIST','q=null;sort=recommend;page=0;size=12'),(439,'2025-10-06 18:32:43','6F6825F33C0C5A87581A2AD24F41758C',NULL,24,NULL,NULL,'VIEW_VENDOR_LIST','q=null;sort=recommend;page=0;size=12'),(440,'2025-10-06 18:32:44','6F6825F33C0C5A87581A2AD24F41758C',NULL,24,NULL,NULL,'VIEW_VENDOR_LIST','q=null;sort=recommend;page=0;size=12'),(441,'2025-10-06 18:32:44','6F6825F33C0C5A87581A2AD24F41758C',NULL,24,NULL,NULL,'VIEW_VENDOR_LIST','q=null;sort=recommend;page=0;size=12'),(442,'2025-10-06 18:32:44','6F6825F33C0C5A87581A2AD24F41758C',NULL,24,NULL,NULL,'VIEW_VENDOR_LIST','q=null;sort=recommend;page=0;size=12'),(443,'2025-10-06 18:32:44','6F6825F33C0C5A87581A2AD24F41758C',NULL,24,NULL,NULL,'VIEW_VENDOR_LIST','q=null;sort=recommend;page=0;size=12'),(444,'2025-10-06 18:32:45','6F6825F33C0C5A87581A2AD24F41758C',NULL,24,NULL,NULL,'VIEW_VENDOR_LIST','q=null;sort=recommend;page=0;size=12'),(445,'2025-10-06 18:32:45','6F6825F33C0C5A87581A2AD24F41758C',NULL,24,NULL,NULL,'VIEW_VENDOR_LIST','q=null;sort=recommend;page=0;size=12'),(446,'2025-10-06 18:32:45','6F6825F33C0C5A87581A2AD24F41758C',NULL,24,NULL,NULL,'VIEW_VENDOR_LIST','q=null;sort=recommend;page=0;size=12'),(447,'2025-10-06 18:32:45','6F6825F33C0C5A87581A2AD24F41758C',NULL,24,NULL,NULL,'VIEW_VENDOR_LIST','q=null;sort=recommend;page=0;size=12'),(448,'2025-10-06 18:32:45','6F6825F33C0C5A87581A2AD24F41758C',NULL,24,NULL,NULL,'VIEW_VENDOR_LIST','q=null;sort=recommend;page=0;size=12'),(449,'2025-10-06 18:32:45','6F6825F33C0C5A87581A2AD24F41758C',NULL,24,NULL,NULL,'VIEW_VENDOR_LIST','q=null;sort=recommend;page=0;size=12'),(450,'2025-10-06 18:32:46','6F6825F33C0C5A87581A2AD24F41758C',NULL,24,NULL,NULL,'VIEW_VENDOR_LIST','q=null;sort=recommend;page=0;size=12'),(451,'2025-10-06 18:32:46','6F6825F33C0C5A87581A2AD24F41758C',NULL,24,NULL,NULL,'VIEW_VENDOR_LIST','q=null;sort=recommend;page=0;size=12'),(452,'2025-10-06 18:34:03','6F6825F33C0C5A87581A2AD24F41758C',NULL,24,NULL,NULL,'VIEW_VENDOR_LIST','q=null;sort=recommend;page=0;size=12'),(453,'2025-10-06 18:34:03','6F6825F33C0C5A87581A2AD24F41758C',NULL,24,NULL,NULL,'VIEW_VENDOR_LIST','q=null;sort=recommend;page=0;size=12'),(454,'2025-10-06 18:34:04','6F6825F33C0C5A87581A2AD24F41758C',NULL,24,NULL,NULL,'VIEW_VENDOR_LIST','q=null;sort=recommend;page=0;size=12'),(455,'2025-10-06 18:34:04','6F6825F33C0C5A87581A2AD24F41758C',NULL,24,NULL,NULL,'VIEW_VENDOR_LIST','q=null;sort=recommend;page=0;size=12'),(456,'2025-10-06 18:34:04','6F6825F33C0C5A87581A2AD24F41758C',NULL,24,NULL,NULL,'VIEW_VENDOR_LIST','q=null;sort=recommend;page=0;size=12'),(457,'2025-10-06 18:34:04','6F6825F33C0C5A87581A2AD24F41758C',NULL,24,NULL,NULL,'VIEW_VENDOR_LIST','q=null;sort=recommend;page=0;size=12'),(458,'2025-10-06 18:34:04','6F6825F33C0C5A87581A2AD24F41758C',NULL,24,NULL,NULL,'VIEW_VENDOR_LIST','q=null;sort=recommend;page=0;size=12'),(459,'2025-10-06 18:34:04','6F6825F33C0C5A87581A2AD24F41758C',NULL,24,NULL,NULL,'VIEW_VENDOR_LIST','q=null;sort=recommend;page=0;size=12'),(460,'2025-10-06 18:34:04','6F6825F33C0C5A87581A2AD24F41758C',NULL,24,NULL,NULL,'VIEW_VENDOR_LIST','q=null;sort=recommend;page=0;size=12'),(461,'2025-10-06 18:34:05','6F6825F33C0C5A87581A2AD24F41758C',NULL,24,NULL,NULL,'VIEW_VENDOR_LIST','q=null;sort=recommend;page=0;size=12'),(462,'2025-10-06 18:34:06','6F6825F33C0C5A87581A2AD24F41758C',NULL,24,NULL,NULL,'VIEW_VENDOR_LIST','q=null;sort=recommend;page=0;size=12'),(463,'2025-10-06 18:34:06','6F6825F33C0C5A87581A2AD24F41758C',NULL,24,NULL,NULL,'VIEW_VENDOR_LIST','q=null;sort=recommend;page=0;size=12'),(464,'2025-10-06 18:34:06','6F6825F33C0C5A87581A2AD24F41758C',NULL,24,NULL,NULL,'VIEW_VENDOR_LIST','q=null;sort=recommend;page=0;size=12'),(465,'2025-10-06 18:34:06','6F6825F33C0C5A87581A2AD24F41758C',NULL,24,NULL,NULL,'VIEW_VENDOR_LIST','q=null;sort=recommend;page=0;size=12'),(466,'2025-10-06 18:34:06','6F6825F33C0C5A87581A2AD24F41758C',NULL,24,NULL,NULL,'VIEW_VENDOR_LIST','q=null;sort=recommend;page=0;size=12'),(467,'2025-10-06 18:34:07','6F6825F33C0C5A87581A2AD24F41758C',NULL,24,NULL,NULL,'VIEW_VENDOR_LIST','q=null;sort=recommend;page=0;size=12'),(468,'2025-10-06 18:34:07','6F6825F33C0C5A87581A2AD24F41758C',NULL,24,NULL,NULL,'VIEW_VENDOR_LIST','q=null;sort=recommend;page=0;size=12'),(469,'2025-10-06 21:42:29','DEE922215E0458AB8F2F283FC666EE55',NULL,24,NULL,NULL,'VIEW_VENDOR_LIST','q=null;sort=recommend;page=0;size=12'),(470,'2025-10-06 21:42:32','DEE922215E0458AB8F2F283FC666EE55',NULL,24,NULL,NULL,'VIEW_VENDOR_LIST','q=null;sort=recommend;page=0;size=12'),(471,'2025-10-06 21:42:37','DEE922215E0458AB8F2F283FC666EE55',NULL,24,NULL,NULL,'VIEW_VENDOR_LIST','q=null;sort=recommend;page=0;size=12'),(472,'2025-10-06 22:00:37','DEE922215E0458AB8F2F283FC666EE55',NULL,24,NULL,NULL,'VIEW_VENDOR_LIST','q=null;sort=recommend;page=0;size=12'),(473,'2025-10-06 22:44:50','E8075852346F61EEFF6C2ACFC0333A3A',NULL,24,NULL,NULL,'VIEW_VENDOR_LIST','q=null;sort=recommend;page=0;size=12'),(474,'2025-10-06 22:44:53','E8075852346F61EEFF6C2ACFC0333A3A',NULL,24,NULL,NULL,'VIEW_VENDOR_LIST','q=null;sort=recommend;page=0;size=12'),(475,'2025-10-06 22:58:01','B71FBEDDFE0EEE41ED176D760DD6AF9B',NULL,24,NULL,NULL,'VIEW_VENDOR_LIST','q=null;sort=recommend;page=0;size=12'),(476,'2025-10-06 23:00:30','B71FBEDDFE0EEE41ED176D760DD6AF9B',NULL,24,NULL,NULL,'VIEW_VENDOR_LIST','q=null;sort=recommend;page=0;size=12'),(477,'2025-10-06 23:05:33','B71FBEDDFE0EEE41ED176D760DD6AF9B',NULL,24,NULL,NULL,'VIEW_VENDOR_LIST','q=null;sort=recommend;page=0;size=12'),(478,'2025-10-06 23:05:37','B71FBEDDFE0EEE41ED176D760DD6AF9B',NULL,24,NULL,NULL,'VIEW_VENDOR_LIST','q=null;sort=recommend;page=0;size=12'),(479,'2025-10-06 23:19:52','B71FBEDDFE0EEE41ED176D760DD6AF9B',NULL,24,NULL,NULL,'VIEW_VENDOR_LIST','q=null;sort=recommend;page=0;size=12'),(480,'2025-10-06 23:39:30','B71FBEDDFE0EEE41ED176D760DD6AF9B',NULL,24,NULL,NULL,'VIEW_VENDOR_LIST','q=null;sort=recommend;page=0;size=12'),(481,'2025-10-06 23:40:57','B71FBEDDFE0EEE41ED176D760DD6AF9B',NULL,24,NULL,NULL,'VIEW_VENDOR_LIST','q=null;sort=recommend;page=0;size=12'),(482,'2025-10-06 23:54:14','B71FBEDDFE0EEE41ED176D760DD6AF9B',NULL,24,NULL,NULL,'VIEW_VENDOR_LIST','q=null;sort=recommend;page=0;size=12'),(483,'2025-10-06 23:54:44','B71FBEDDFE0EEE41ED176D760DD6AF9B',NULL,24,NULL,NULL,'VIEW_VENDOR_LIST','q=null;sort=recommend;page=0;size=12'),(484,'2025-10-07 00:35:48','B71FBEDDFE0EEE41ED176D760DD6AF9B',NULL,24,NULL,NULL,'VIEW_VENDOR_LIST','q=null;sort=recommend;page=0;size=12'),(485,'2025-10-07 00:43:37','B71FBEDDFE0EEE41ED176D760DD6AF9B',NULL,24,NULL,NULL,'VIEW_VENDOR_LIST','q=null;sort=recommend;page=0;size=12'),(486,'2025-10-07 00:50:53','B71FBEDDFE0EEE41ED176D760DD6AF9B',NULL,24,NULL,NULL,'VIEW_VENDOR_LIST','q=null;sort=recommend;page=0;size=12'),(487,'2025-10-07 15:37:35','DDC924AE3A2B7233B8A2F3A49C01E13C',NULL,9416,NULL,NULL,'VIEW_VENDOR_LIST','q=null;sort=recommend;page=0;size=12'),(488,'2025-10-07 15:37:37','DDC924AE3A2B7233B8A2F3A49C01E13C',NULL,9416,NULL,NULL,'VIEW_VENDOR_LIST','q=null;sort=recommend;page=0;size=12'),(489,'2025-10-07 15:38:07','DDC924AE3A2B7233B8A2F3A49C01E13C',NULL,9416,NULL,NULL,'VIEW_VENDOR_LIST','q=null;sort=recommend;page=0;size=12'),(490,'2025-10-07 15:38:07','DDC924AE3A2B7233B8A2F3A49C01E13C',NULL,9416,NULL,NULL,'VIEW_VENDOR_LIST','q=null;sort=recommend;page=0;size=12'),(491,'2025-10-07 15:38:07','DDC924AE3A2B7233B8A2F3A49C01E13C',NULL,9416,NULL,NULL,'VIEW_VENDOR_LIST','q=null;sort=recommend;page=0;size=12'),(492,'2025-10-07 15:38:07','DDC924AE3A2B7233B8A2F3A49C01E13C',NULL,9416,NULL,NULL,'VIEW_VENDOR_LIST','q=null;sort=recommend;page=0;size=12'),(493,'2025-10-07 15:38:07','DDC924AE3A2B7233B8A2F3A49C01E13C',NULL,9416,NULL,NULL,'VIEW_VENDOR_LIST','q=null;sort=recommend;page=0;size=12'),(494,'2025-10-07 15:38:07','DDC924AE3A2B7233B8A2F3A49C01E13C',NULL,9416,NULL,NULL,'VIEW_VENDOR_LIST','q=null;sort=recommend;page=0;size=12'),(495,'2025-10-07 15:38:08','DDC924AE3A2B7233B8A2F3A49C01E13C',NULL,9416,NULL,NULL,'VIEW_VENDOR_LIST','q=null;sort=recommend;page=0;size=12'),(496,'2025-10-07 15:38:08','DDC924AE3A2B7233B8A2F3A49C01E13C',NULL,9416,NULL,NULL,'VIEW_VENDOR_LIST','q=null;sort=recommend;page=0;size=12'),(497,'2025-10-07 15:38:08','DDC924AE3A2B7233B8A2F3A49C01E13C',NULL,9416,NULL,NULL,'VIEW_VENDOR_LIST','q=null;sort=recommend;page=0;size=12'),(498,'2025-10-07 15:38:08','DDC924AE3A2B7233B8A2F3A49C01E13C',NULL,9416,NULL,NULL,'VIEW_VENDOR_LIST','q=null;sort=recommend;page=0;size=12'),(499,'2025-10-07 15:38:08','DDC924AE3A2B7233B8A2F3A49C01E13C',NULL,9416,NULL,NULL,'VIEW_VENDOR_LIST','q=null;sort=recommend;page=0;size=12'),(500,'2025-10-07 15:38:08','DDC924AE3A2B7233B8A2F3A49C01E13C',NULL,9416,NULL,NULL,'VIEW_VENDOR_LIST','q=null;sort=recommend;page=0;size=12'),(501,'2025-10-07 15:38:08','DDC924AE3A2B7233B8A2F3A49C01E13C',NULL,9416,NULL,NULL,'VIEW_VENDOR_LIST','q=null;sort=recommend;page=0;size=12'),(502,'2025-10-07 23:41:54','0BCDE54D8D1452757868DA3A944901EE',NULL,24,NULL,NULL,'VIEW_VENDOR_LIST','q=null;sort=recommend;page=0;size=12'),(503,'2025-10-07 23:41:58','0BCDE54D8D1452757868DA3A944901EE',NULL,24,NULL,NULL,'VIEW_VENDOR_LIST','q=null;sort=recommend;page=0;size=12'),(504,'2025-10-07 23:42:00','0BCDE54D8D1452757868DA3A944901EE',NULL,24,NULL,NULL,'VIEW_VENDOR_LIST','q=null;sort=recommend;page=0;size=12'),(505,'2025-10-07 23:42:22','859F16202F501188F19C155761E59DDA',NULL,24,NULL,NULL,'VIEW_VENDOR_LIST','q=null;sort=recommend;page=0;size=12'),(506,'2025-10-07 23:42:27','859F16202F501188F19C155761E59DDA',NULL,24,NULL,NULL,'VIEW_VENDOR_LIST','q=null;sort=recommend;page=0;size=12'),(507,'2025-10-07 23:42:32','859F16202F501188F19C155761E59DDA',NULL,24,NULL,NULL,'VIEW_VENDOR_LIST','q=null;sort=recommend;page=0;size=12'),(508,'2025-10-08 00:03:19','859F16202F501188F19C155761E59DDA',NULL,24,NULL,NULL,'VIEW_VENDOR_LIST','q=null;sort=recommend;page=0;size=12'),(509,'2025-10-08 00:03:43','0945BA714158C64FE71FD35861455996',NULL,24,NULL,NULL,'VIEW_VENDOR_LIST','q=null;sort=recommend;page=0;size=12'),(510,'2025-10-08 00:03:56','0945BA714158C64FE71FD35861455996',NULL,24,NULL,NULL,'VIEW_VENDOR_LIST','q=null;sort=recommend;page=0;size=12'),(511,'2025-10-08 00:04:02','0945BA714158C64FE71FD35861455996',NULL,24,NULL,NULL,'VIEW_VENDOR_LIST','q=null;sort=recommend;page=0;size=12'),(512,'2025-10-08 00:06:54','0945BA714158C64FE71FD35861455996',NULL,24,NULL,NULL,'VIEW_VENDOR_LIST','q=null;sort=recommend;page=0;size=12'),(513,'2025-10-08 00:06:56','0945BA714158C64FE71FD35861455996',NULL,24,NULL,NULL,'VIEW_VENDOR_LIST','q=null;sort=recommend;page=0;size=12'),(514,'2025-10-08 00:07:06','0945BA714158C64FE71FD35861455996',NULL,24,NULL,NULL,'VIEW_VENDOR_LIST','q=null;sort=recommend;page=0;size=12'),(515,'2025-10-08 17:10:03','40D2F5C6C2CCF7FC84247C83961CB4EC',NULL,24,NULL,NULL,'VIEW_VENDOR_LIST','q=null;sort=recommend;page=0;size=12'),(516,'2025-10-08 17:10:24','40D2F5C6C2CCF7FC84247C83961CB4EC',NULL,24,NULL,NULL,'VIEW_VENDOR_LIST','q=null;sort=recommend;page=0;size=12'),(517,'2025-10-08 17:10:44','40D2F5C6C2CCF7FC84247C83961CB4EC',NULL,24,NULL,NULL,'VIEW_VENDOR_LIST','q=null;sort=recommend;page=0;size=12'),(518,'2025-10-08 17:20:54','40D2F5C6C2CCF7FC84247C83961CB4EC',NULL,24,NULL,NULL,'VIEW_VENDOR_LIST','q=null;sort=recommend;page=0;size=12'),(519,'2025-10-08 17:20:58','40D2F5C6C2CCF7FC84247C83961CB4EC',NULL,24,NULL,NULL,'VIEW_VENDOR_LIST','q=null;sort=recommend;page=0;size=12'),(520,'2025-10-08 17:21:04','40D2F5C6C2CCF7FC84247C83961CB4EC',NULL,24,NULL,NULL,'VIEW_VENDOR_LIST','q=null;sort=recommend;page=0;size=12'),(521,'2025-10-08 17:21:04','40D2F5C6C2CCF7FC84247C83961CB4EC',NULL,24,NULL,NULL,'VIEW_VENDOR_LIST','q=null;sort=recommend;page=0;size=12'),(522,'2025-10-08 17:21:04','40D2F5C6C2CCF7FC84247C83961CB4EC',NULL,24,NULL,NULL,'VIEW_VENDOR_LIST','q=null;sort=recommend;page=0;size=12'),(523,'2025-10-08 17:21:04','40D2F5C6C2CCF7FC84247C83961CB4EC',NULL,24,NULL,NULL,'VIEW_VENDOR_LIST','q=null;sort=recommend;page=0;size=12'),(524,'2025-10-08 17:21:05','40D2F5C6C2CCF7FC84247C83961CB4EC',NULL,24,NULL,NULL,'VIEW_VENDOR_LIST','q=null;sort=recommend;page=0;size=12'),(525,'2025-10-08 17:21:05','40D2F5C6C2CCF7FC84247C83961CB4EC',NULL,24,NULL,NULL,'VIEW_VENDOR_LIST','q=null;sort=recommend;page=0;size=12'),(526,'2025-10-08 17:21:05','40D2F5C6C2CCF7FC84247C83961CB4EC',NULL,24,NULL,NULL,'VIEW_VENDOR_LIST','q=null;sort=recommend;page=0;size=12'),(527,'2025-10-08 17:21:05','40D2F5C6C2CCF7FC84247C83961CB4EC',NULL,24,NULL,NULL,'VIEW_VENDOR_LIST','q=null;sort=recommend;page=0;size=12'),(528,'2025-10-08 17:21:05','40D2F5C6C2CCF7FC84247C83961CB4EC',NULL,24,NULL,NULL,'VIEW_VENDOR_LIST','q=null;sort=recommend;page=0;size=12'),(529,'2025-10-08 17:21:05','40D2F5C6C2CCF7FC84247C83961CB4EC',NULL,24,NULL,NULL,'VIEW_VENDOR_LIST','q=null;sort=recommend;page=0;size=12'),(530,'2025-10-08 17:21:05','40D2F5C6C2CCF7FC84247C83961CB4EC',NULL,24,NULL,NULL,'VIEW_VENDOR_LIST','q=null;sort=recommend;page=0;size=12'),(531,'2025-10-08 17:21:05','40D2F5C6C2CCF7FC84247C83961CB4EC',NULL,24,NULL,NULL,'VIEW_VENDOR_LIST','q=null;sort=recommend;page=0;size=12'),(532,'2025-10-08 17:21:06','40D2F5C6C2CCF7FC84247C83961CB4EC',NULL,24,NULL,NULL,'VIEW_VENDOR_LIST','q=null;sort=recommend;page=0;size=12'),(533,'2025-10-08 17:21:06','40D2F5C6C2CCF7FC84247C83961CB4EC',NULL,24,NULL,NULL,'VIEW_VENDOR_LIST','q=null;sort=recommend;page=0;size=12'),(534,'2025-10-08 17:21:06','40D2F5C6C2CCF7FC84247C83961CB4EC',NULL,24,NULL,NULL,'VIEW_VENDOR_LIST','q=null;sort=recommend;page=0;size=12'),(535,'2025-10-08 17:21:06','40D2F5C6C2CCF7FC84247C83961CB4EC',NULL,24,NULL,NULL,'VIEW_VENDOR_LIST','q=null;sort=recommend;page=0;size=12'),(536,'2025-10-08 17:21:06','40D2F5C6C2CCF7FC84247C83961CB4EC',NULL,24,NULL,NULL,'VIEW_VENDOR_LIST','q=null;sort=recommend;page=0;size=12'),(537,'2025-10-08 17:21:06','40D2F5C6C2CCF7FC84247C83961CB4EC',NULL,24,NULL,NULL,'VIEW_VENDOR_LIST','q=null;sort=recommend;page=0;size=12'),(538,'2025-10-08 17:21:06','40D2F5C6C2CCF7FC84247C83961CB4EC',NULL,24,NULL,NULL,'VIEW_VENDOR_LIST','q=null;sort=recommend;page=0;size=12'),(539,'2025-10-08 17:21:06','40D2F5C6C2CCF7FC84247C83961CB4EC',NULL,24,NULL,NULL,'VIEW_VENDOR_LIST','q=null;sort=recommend;page=0;size=12'),(540,'2025-10-08 17:21:07','40D2F5C6C2CCF7FC84247C83961CB4EC',NULL,24,NULL,NULL,'VIEW_VENDOR_LIST','q=null;sort=recommend;page=0;size=12'),(541,'2025-10-08 17:21:07','40D2F5C6C2CCF7FC84247C83961CB4EC',NULL,24,NULL,NULL,'VIEW_VENDOR_LIST','q=null;sort=recommend;page=0;size=12'),(542,'2025-10-08 17:21:07','40D2F5C6C2CCF7FC84247C83961CB4EC',NULL,24,NULL,NULL,'VIEW_VENDOR_LIST','q=null;sort=recommend;page=0;size=12'),(543,'2025-10-08 17:21:07','40D2F5C6C2CCF7FC84247C83961CB4EC',NULL,24,NULL,NULL,'VIEW_VENDOR_LIST','q=null;sort=recommend;page=0;size=12'),(544,'2025-10-08 17:21:07','40D2F5C6C2CCF7FC84247C83961CB4EC',NULL,24,NULL,NULL,'VIEW_VENDOR_LIST','q=null;sort=recommend;page=0;size=12'),(545,'2025-10-08 17:21:07','40D2F5C6C2CCF7FC84247C83961CB4EC',NULL,24,NULL,NULL,'VIEW_VENDOR_LIST','q=null;sort=recommend;page=0;size=12'),(546,'2025-10-08 17:21:07','40D2F5C6C2CCF7FC84247C83961CB4EC',NULL,24,NULL,NULL,'VIEW_VENDOR_LIST','q=null;sort=recommend;page=0;size=12'),(547,'2025-10-08 17:21:07','40D2F5C6C2CCF7FC84247C83961CB4EC',NULL,24,NULL,NULL,'VIEW_VENDOR_LIST','q=null;sort=recommend;page=0;size=12'),(548,'2025-10-08 17:21:08','40D2F5C6C2CCF7FC84247C83961CB4EC',NULL,24,NULL,NULL,'VIEW_VENDOR_LIST','q=null;sort=recommend;page=0;size=12'),(549,'2025-10-08 17:21:08','40D2F5C6C2CCF7FC84247C83961CB4EC',NULL,24,NULL,NULL,'VIEW_VENDOR_LIST','q=null;sort=recommend;page=0;size=12'),(550,'2025-10-08 17:21:08','40D2F5C6C2CCF7FC84247C83961CB4EC',NULL,24,NULL,NULL,'VIEW_VENDOR_LIST','q=null;sort=recommend;page=0;size=12'),(551,'2025-10-08 17:21:08','40D2F5C6C2CCF7FC84247C83961CB4EC',NULL,24,NULL,NULL,'VIEW_VENDOR_LIST','q=null;sort=recommend;page=0;size=12'),(552,'2025-10-08 17:21:08','40D2F5C6C2CCF7FC84247C83961CB4EC',NULL,24,NULL,NULL,'VIEW_VENDOR_LIST','q=null;sort=recommend;page=0;size=12'),(553,'2025-10-08 17:21:08','40D2F5C6C2CCF7FC84247C83961CB4EC',NULL,24,NULL,NULL,'VIEW_VENDOR_LIST','q=null;sort=recommend;page=0;size=12'),(554,'2025-10-08 17:30:11','40D2F5C6C2CCF7FC84247C83961CB4EC',NULL,24,NULL,NULL,'VIEW_VENDOR_LIST','q=null;sort=recommend;page=0;size=12'),(555,'2025-10-08 17:30:12','40D2F5C6C2CCF7FC84247C83961CB4EC',NULL,24,NULL,NULL,'VIEW_VENDOR_LIST','q=null;sort=recommend;page=0;size=12'),(556,'2025-10-08 17:30:12','40D2F5C6C2CCF7FC84247C83961CB4EC',NULL,24,NULL,NULL,'VIEW_VENDOR_LIST','q=null;sort=recommend;page=0;size=12'),(557,'2025-10-08 17:30:13','40D2F5C6C2CCF7FC84247C83961CB4EC',NULL,24,NULL,NULL,'VIEW_VENDOR_LIST','q=null;sort=recommend;page=0;size=12'),(558,'2025-10-08 17:30:13','40D2F5C6C2CCF7FC84247C83961CB4EC',NULL,24,NULL,NULL,'VIEW_VENDOR_LIST','q=null;sort=recommend;page=0;size=12'),(559,'2025-10-08 17:30:14','40D2F5C6C2CCF7FC84247C83961CB4EC',NULL,24,NULL,NULL,'VIEW_VENDOR_LIST','q=null;sort=recommend;page=0;size=12'),(560,'2025-10-08 17:30:14','40D2F5C6C2CCF7FC84247C83961CB4EC',NULL,24,NULL,NULL,'VIEW_VENDOR_LIST','q=null;sort=recommend;page=0;size=12'),(561,'2025-10-08 17:30:40','40D2F5C6C2CCF7FC84247C83961CB4EC',NULL,24,NULL,NULL,'VIEW_VENDOR_LIST','q=null;sort=recommend;page=0;size=12'),(562,'2025-10-08 17:30:51','D5E3324C0846D4CE3EE2DDD8A91CB255',NULL,9413,NULL,NULL,'VIEW_VENDOR_LIST','q=null;sort=recommend;page=0;size=12'),(563,'2025-10-08 17:30:57','D5E3324C0846D4CE3EE2DDD8A91CB255',NULL,24,NULL,NULL,'VIEW_VENDOR_LIST','q=null;sort=recommend;page=0;size=12'),(564,'2025-10-08 17:31:08','D5E3324C0846D4CE3EE2DDD8A91CB255',NULL,24,NULL,NULL,'VIEW_VENDOR_LIST','q=null;sort=recommend;page=0;size=12'),(565,'2025-10-08 17:31:09','D5E3324C0846D4CE3EE2DDD8A91CB255',NULL,24,NULL,NULL,'VIEW_VENDOR_LIST','q=null;sort=recommend;page=0;size=12'),(566,'2025-10-08 17:40:32','D5E3324C0846D4CE3EE2DDD8A91CB255',NULL,24,NULL,NULL,'VIEW_VENDOR_LIST','q=null;sort=recommend;page=0;size=12'),(567,'2025-10-08 17:40:33','D5E3324C0846D4CE3EE2DDD8A91CB255',NULL,24,NULL,NULL,'VIEW_VENDOR_LIST','q=null;sort=recommend;page=0;size=12'),(568,'2025-10-08 17:40:34','D5E3324C0846D4CE3EE2DDD8A91CB255',NULL,24,NULL,NULL,'VIEW_VENDOR_LIST','q=null;sort=recommend;page=0;size=12'),(569,'2025-10-08 17:41:07','D5E3324C0846D4CE3EE2DDD8A91CB255',NULL,24,NULL,NULL,'VIEW_VENDOR_LIST','q=null;sort=recommend;page=0;size=12'),(570,'2025-10-08 17:41:26','27D4212EB81045A85A313D3F6785CE07',NULL,24,NULL,NULL,'VIEW_VENDOR_LIST','q=null;sort=recommend;page=0;size=12'),(571,'2025-10-08 17:41:36','27D4212EB81045A85A313D3F6785CE07',NULL,24,NULL,NULL,'VIEW_VENDOR_LIST','q=null;sort=recommend;page=0;size=12'),(572,'2025-10-08 17:49:10','27D4212EB81045A85A313D3F6785CE07',NULL,24,NULL,NULL,'VIEW_VENDOR_LIST','q=null;sort=recommend;page=0;size=12'),(573,'2025-10-08 17:49:11','27D4212EB81045A85A313D3F6785CE07',NULL,24,NULL,NULL,'VIEW_VENDOR_LIST','q=null;sort=recommend;page=0;size=12'),(574,'2025-10-08 17:49:39','27D4212EB81045A85A313D3F6785CE07',NULL,24,NULL,NULL,'VIEW_VENDOR_LIST','q=null;sort=recommend;page=0;size=12'),(575,'2025-10-08 17:50:06','4428F0205767627A07FF3E2E03EFEFEB',NULL,24,NULL,NULL,'VIEW_VENDOR_LIST','q=null;sort=recommend;page=0;size=12'),(576,'2025-10-08 17:53:43','4428F0205767627A07FF3E2E03EFEFEB',NULL,24,NULL,NULL,'VIEW_VENDOR_LIST','q=null;sort=recommend;page=0;size=12'),(577,'2025-10-08 17:54:02','4428F0205767627A07FF3E2E03EFEFEB',NULL,24,NULL,NULL,'VIEW_VENDOR_LIST','q=null;sort=recommend;page=0;size=12'),(578,'2025-10-08 17:54:09','4428F0205767627A07FF3E2E03EFEFEB',NULL,24,NULL,NULL,'VIEW_VENDOR_LIST','q=null;sort=recommend;page=0;size=12'),(579,'2025-10-08 17:54:12','4428F0205767627A07FF3E2E03EFEFEB',NULL,24,NULL,NULL,'VIEW_VENDOR_LIST','q=null;sort=recommend;page=0;size=12'),(580,'2025-10-08 17:54:13','4428F0205767627A07FF3E2E03EFEFEB',NULL,24,NULL,NULL,'VIEW_VENDOR_LIST','q=null;sort=recommend;page=0;size=12'),(581,'2025-10-08 17:54:27','2AD050C1BA9D28A8F9D484B07CF914DE',NULL,24,NULL,NULL,'VIEW_VENDOR_LIST','q=null;sort=recommend;page=0;size=12'),(582,'2025-10-08 17:56:40','2AD050C1BA9D28A8F9D484B07CF914DE',NULL,24,NULL,NULL,'VIEW_VENDOR_LIST','q=null;sort=recommend;page=0;size=12'),(583,'2025-10-08 18:04:25','2AD050C1BA9D28A8F9D484B07CF914DE',NULL,24,NULL,NULL,'VIEW_VENDOR_LIST','q=null;sort=recommend;page=0;size=12'),(584,'2025-10-08 18:04:30','2AD050C1BA9D28A8F9D484B07CF914DE',NULL,24,NULL,NULL,'VIEW_VENDOR_LIST','q=null;sort=recommend;page=0;size=12'),(585,'2025-10-08 18:08:42','2AD050C1BA9D28A8F9D484B07CF914DE',NULL,24,NULL,NULL,'VIEW_VENDOR_LIST','q=null;sort=recommend;page=0;size=12'),(586,'2025-10-08 18:09:09','71D99B905BE8EC49C9A78228115FBE0D',NULL,24,NULL,NULL,'VIEW_VENDOR_LIST','q=null;sort=recommend;page=0;size=12'),(587,'2025-10-08 18:09:11','71D99B905BE8EC49C9A78228115FBE0D',NULL,24,NULL,NULL,'VIEW_VENDOR_LIST','q=null;sort=recommend;page=0;size=12'),(588,'2025-10-08 18:15:50','71D99B905BE8EC49C9A78228115FBE0D',NULL,24,NULL,NULL,'VIEW_VENDOR_LIST','q=null;sort=recommend;page=0;size=12'),(589,'2025-10-08 18:15:55','71D99B905BE8EC49C9A78228115FBE0D',NULL,24,NULL,NULL,'VIEW_VENDOR_LIST','q=null;sort=recommend;page=0;size=12'),(590,'2025-10-08 21:37:44','BD689A37BA3EBE226D7F02AF3DEEFEA7',NULL,24,NULL,NULL,'VIEW_VENDOR_LIST','q=null;sort=recommend;page=0;size=12'),(591,'2025-10-08 21:37:58','4F79731609807CE3FBC99E1C9AC6A770',NULL,24,NULL,NULL,'VIEW_VENDOR_LIST','q=null;sort=recommend;page=0;size=12'),(592,'2025-10-08 21:38:07','4F79731609807CE3FBC99E1C9AC6A770',NULL,24,NULL,NULL,'VIEW_VENDOR_LIST','q=null;sort=recommend;page=0;size=12'),(593,'2025-10-08 21:38:28','4F79731609807CE3FBC99E1C9AC6A770',NULL,24,NULL,NULL,'VIEW_VENDOR_LIST','q=null;sort=recommend;page=0;size=12'),(594,'2025-10-08 21:39:20','4F79731609807CE3FBC99E1C9AC6A770',NULL,24,NULL,NULL,'VIEW_VENDOR_LIST','q=null;sort=recommend;page=0;size=12'),(595,'2025-10-08 21:39:49','4F79731609807CE3FBC99E1C9AC6A770',NULL,24,NULL,NULL,'VIEW_VENDOR_LIST','q=null;sort=recommend;page=0;size=12'),(596,'2025-10-08 21:44:12','4F79731609807CE3FBC99E1C9AC6A770',NULL,24,NULL,NULL,'VIEW_VENDOR_LIST','q=null;sort=recommend;page=0;size=12'),(597,'2025-10-08 21:44:38','622A0248D6B769349C2C2065EB74F340',NULL,24,NULL,NULL,'VIEW_VENDOR_LIST','q=null;sort=recommend;page=0;size=12'),(598,'2025-10-08 21:51:46','622A0248D6B769349C2C2065EB74F340',NULL,24,NULL,NULL,'VIEW_VENDOR_LIST','q=null;sort=recommend;page=0;size=12'),(599,'2025-10-08 21:52:09','C1E844A0EC4629EB8BC83B92EA0E5990',NULL,24,NULL,NULL,'VIEW_VENDOR_LIST','q=null;sort=recommend;page=0;size=12'),(600,'2025-10-08 21:52:38','C1E844A0EC4629EB8BC83B92EA0E5990',NULL,24,NULL,NULL,'VIEW_VENDOR_LIST','q=null;sort=recommend;page=0;size=12'),(601,'2025-10-08 21:59:09','C1E844A0EC4629EB8BC83B92EA0E5990',NULL,24,NULL,NULL,'VIEW_VENDOR_LIST','q=null;sort=recommend;page=0;size=12'),(602,'2025-10-08 21:59:13','C1E844A0EC4629EB8BC83B92EA0E5990',NULL,24,NULL,NULL,'VIEW_VENDOR_LIST','q=null;sort=recommend;page=0;size=12'),(603,'2025-10-08 21:59:15','C1E844A0EC4629EB8BC83B92EA0E5990',NULL,24,NULL,NULL,'VIEW_VENDOR_LIST','q=null;sort=recommend;page=0;size=12'),(604,'2025-10-08 21:59:20','C1E844A0EC4629EB8BC83B92EA0E5990',NULL,9416,NULL,NULL,'VIEW_VENDOR_LIST','q=null;sort=recommend;page=0;size=12'),(605,'2025-10-08 22:06:09','C1E844A0EC4629EB8BC83B92EA0E5990',NULL,9416,NULL,NULL,'VIEW_VENDOR_LIST','q=null;sort=recommend;page=0;size=12'),(606,'2025-10-08 22:06:13','C1E844A0EC4629EB8BC83B92EA0E5990',NULL,9416,NULL,NULL,'VIEW_VENDOR_LIST','q=null;sort=recommend;page=0;size=12'),(607,'2025-10-08 22:06:17','C1E844A0EC4629EB8BC83B92EA0E5990',NULL,24,NULL,NULL,'VIEW_VENDOR_LIST','q=null;sort=recommend;page=0;size=12'),(608,'2025-10-08 22:06:33','5164A6B4AA6D38FB0CAE6178B42A24F2',NULL,24,NULL,NULL,'VIEW_VENDOR_LIST','q=null;sort=recommend;page=0;size=12'),(609,'2025-10-08 22:21:01','24165FFB8E87723DECA97B2404C8410D',NULL,9416,NULL,NULL,'VIEW_VENDOR_LIST','q=null;sort=recommend;page=0;size=12'),(610,'2025-10-08 22:22:12','24165FFB8E87723DECA97B2404C8410D',NULL,21,NULL,NULL,'VIEW_VENDOR_LIST','q=null;sort=recommend;page=0;size=12'),(611,'2025-10-08 22:22:41','24165FFB8E87723DECA97B2404C8410D',NULL,21,NULL,NULL,'VIEW_VENDOR_LIST','q=null;sort=recommend;page=0;size=12'),(612,'2025-10-08 22:23:09','24165FFB8E87723DECA97B2404C8410D',NULL,26,NULL,NULL,'VIEW_VENDOR_LIST','q=null;sort=recommend;page=0;size=12'),(613,'2025-10-08 22:29:26','EE804471890CE6C49CA023D57D4F0093',NULL,24,NULL,NULL,'VIEW_VENDOR_LIST','q=null;sort=recommend;page=0;size=12'),(614,'2025-10-08 23:25:20','D019AD8D23A99E2CCE2D35EFDA8C6EFF',NULL,24,NULL,NULL,'VIEW_VENDOR_LIST','q=null;sort=recommend;page=0;size=12'),(615,'2025-10-08 23:25:52','D019AD8D23A99E2CCE2D35EFDA8C6EFF',NULL,24,NULL,NULL,'VIEW_VENDOR_LIST','q=null;sort=recommend;page=0;size=12'),(616,'2025-10-09 00:37:14','1CA43096A9384E598BFEA4439D9C9073',NULL,9416,NULL,NULL,'VIEW_VENDOR_LIST','q=null;sort=recommend;page=0;size=12'),(617,'2025-10-09 00:37:38','1CA43096A9384E598BFEA4439D9C9073',NULL,9413,NULL,NULL,'VIEW_VENDOR_LIST','q=null;sort=recommend;page=0;size=12'),(618,'2025-10-09 00:37:58','1CA43096A9384E598BFEA4439D9C9073',NULL,9413,NULL,NULL,'VIEW_VENDOR_LIST','q=null;sort=recommend;page=0;size=12'),(619,'2025-10-09 00:38:53','1CA43096A9384E598BFEA4439D9C9073',NULL,9416,NULL,NULL,'VIEW_VENDOR_LIST','q=null;sort=recommend;page=0;size=12'),(620,'2025-10-09 00:39:03','1CA43096A9384E598BFEA4439D9C9073',NULL,9416,NULL,NULL,'VIEW_VENDOR_LIST','q=null;sort=recommend;page=0;size=12'),(621,'2025-10-09 00:39:05','1CA43096A9384E598BFEA4439D9C9073',NULL,9416,NULL,NULL,'VIEW_VENDOR_LIST','q=null;sort=recommend;page=0;size=12'),(622,'2025-10-09 08:21:28','8341930023C61AB94A94CC7345201915',NULL,24,NULL,NULL,'VIEW_VENDOR_LIST','q=null;sort=recommend;page=0;size=12'),(623,'2025-10-10 12:41:53','CAD15BDE57EEB1782709B59EDC4E776E',NULL,9413,NULL,NULL,'VIEW_VENDOR_LIST','q=null;sort=recommend;page=0;size=12'),(624,'2025-10-10 14:02:40','79D2C65E7AC9999E301B83B612A16888',NULL,9417,NULL,NULL,'VIEW_VENDOR_LIST','q=null;sort=recommend;page=0;size=12'),(625,'2025-10-10 14:03:56','9C2EE8F5056BFBE794A441C8F07092F4',NULL,24,NULL,NULL,'VIEW_VENDOR_LIST','q=null;sort=recommend;page=0;size=12'),(626,'2025-10-10 14:15:31','9C2EE8F5056BFBE794A441C8F07092F4',NULL,24,NULL,NULL,'VIEW_VENDOR_LIST','q=null;sort=recommend;page=0;size=12'),(627,'2025-10-10 14:16:12','40DBBBD583D33EB8DC4C9C8104D5D1EB',NULL,9416,NULL,NULL,'VIEW_VENDOR_LIST','q=null;sort=recommend;page=0;size=12'),(628,'2025-10-10 14:16:24','40DBBBD583D33EB8DC4C9C8104D5D1EB',NULL,25,NULL,NULL,'VIEW_VENDOR_LIST','q=null;sort=recommend;page=0;size=12'),(629,'2025-10-10 14:16:34','40DBBBD583D33EB8DC4C9C8104D5D1EB',NULL,25,NULL,NULL,'VIEW_VENDOR_LIST','q=null;sort=recommend;page=0;size=12'),(630,'2025-10-10 14:16:36','40DBBBD583D33EB8DC4C9C8104D5D1EB',NULL,25,NULL,NULL,'VIEW_VENDOR_LIST','q=null;sort=recommend;page=0;size=12'),(631,'2025-10-10 14:16:47','40DBBBD583D33EB8DC4C9C8104D5D1EB',NULL,12,NULL,NULL,'VIEW_VENDOR_LIST','q=null;sort=recommend;page=0;size=12'),(632,'2025-10-10 14:16:53','40DBBBD583D33EB8DC4C9C8104D5D1EB',NULL,24,NULL,NULL,'VIEW_VENDOR_LIST','q=null;sort=recommend;page=0;size=12'),(633,'2025-10-10 14:27:21','CE97B534E85E882DC8D69918A9AD8752',NULL,24,NULL,NULL,'VIEW_VENDOR_LIST','q=null;sort=recommend;page=0;size=12'),(634,'2025-10-10 14:27:47','CE97B534E85E882DC8D69918A9AD8752',NULL,24,NULL,NULL,'VIEW_VENDOR_LIST','q=null;sort=recommend;page=0;size=12'),(635,'2025-10-10 14:27:47','CE97B534E85E882DC8D69918A9AD8752',NULL,24,NULL,NULL,'VIEW_VENDOR_LIST','q=null;sort=recommend;page=0;size=12'),(636,'2025-10-10 14:27:48','CE97B534E85E882DC8D69918A9AD8752',NULL,24,NULL,NULL,'VIEW_VENDOR_LIST','q=null;sort=recommend;page=0;size=12'),(637,'2025-10-10 14:27:48','CE97B534E85E882DC8D69918A9AD8752',NULL,24,NULL,NULL,'VIEW_VENDOR_LIST','q=null;sort=recommend;page=0;size=12'),(638,'2025-10-10 14:27:48','CE97B534E85E882DC8D69918A9AD8752',NULL,24,NULL,NULL,'VIEW_VENDOR_LIST','q=null;sort=recommend;page=0;size=12'),(639,'2025-10-10 14:27:49','CE97B534E85E882DC8D69918A9AD8752',NULL,24,NULL,NULL,'VIEW_VENDOR_LIST','q=null;sort=recommend;page=0;size=12'),(640,'2025-10-10 14:27:49','CE97B534E85E882DC8D69918A9AD8752',NULL,24,NULL,NULL,'VIEW_VENDOR_LIST','q=null;sort=recommend;page=0;size=12'),(641,'2025-10-10 14:27:50','CE97B534E85E882DC8D69918A9AD8752',NULL,24,NULL,NULL,'VIEW_VENDOR_LIST','q=null;sort=recommend;page=0;size=12'),(642,'2025-10-10 14:27:50','CE97B534E85E882DC8D69918A9AD8752',NULL,24,NULL,NULL,'VIEW_VENDOR_LIST','q=null;sort=recommend;page=0;size=12'),(643,'2025-10-10 14:27:50','CE97B534E85E882DC8D69918A9AD8752',NULL,24,NULL,NULL,'VIEW_VENDOR_LIST','q=null;sort=recommend;page=0;size=12'),(644,'2025-10-10 14:27:58','CE97B534E85E882DC8D69918A9AD8752',NULL,24,NULL,NULL,'VIEW_VENDOR_LIST','q=null;sort=recommend;page=0;size=12'),(645,'2025-10-10 14:30:54','CE97B534E85E882DC8D69918A9AD8752',NULL,24,NULL,NULL,'VIEW_VENDOR_LIST','q=null;sort=recommend;page=0;size=12'),(646,'2025-10-10 14:30:54','CE97B534E85E882DC8D69918A9AD8752',NULL,24,NULL,NULL,'VIEW_VENDOR_LIST','q=null;sort=recommend;page=0;size=12'),(647,'2025-10-10 14:31:03','CE97B534E85E882DC8D69918A9AD8752',NULL,9408,NULL,NULL,'VIEW_VENDOR_LIST','q=null;sort=recommend;page=0;size=12'),(648,'2025-10-10 14:38:23','EAB17AA0DE57D31192A73BDDAC543175',NULL,8,NULL,NULL,'VIEW_VENDOR_LIST','q=null;sort=recommend;page=0;size=12'),(649,'2025-10-10 14:47:15','871163D0EC7946A1B18E7271CCB0101B',NULL,9419,NULL,NULL,'VIEW_VENDOR_LIST','q=null;sort=recommend;page=0;size=12'),(650,'2025-10-10 14:47:18','871163D0EC7946A1B18E7271CCB0101B',NULL,9414,NULL,NULL,'VIEW_VENDOR_LIST','q=null;sort=recommend;page=0;size=12'),(651,'2025-10-10 14:47:20','871163D0EC7946A1B18E7271CCB0101B',NULL,9417,NULL,NULL,'VIEW_VENDOR_LIST','q=null;sort=recommend;page=0;size=12'),(652,'2025-10-10 14:47:22','871163D0EC7946A1B18E7271CCB0101B',NULL,30,NULL,NULL,'VIEW_VENDOR_LIST','q=null;sort=recommend;page=0;size=12'),(653,'2025-10-10 14:47:25','871163D0EC7946A1B18E7271CCB0101B',NULL,9419,NULL,NULL,'VIEW_VENDOR_LIST','q=null;sort=recommend;page=0;size=12'),(654,'2025-10-10 14:47:29','871163D0EC7946A1B18E7271CCB0101B',NULL,9413,NULL,NULL,'VIEW_VENDOR_LIST','q=null;sort=recommend;page=0;size=12'),(655,'2025-10-10 14:47:34','871163D0EC7946A1B18E7271CCB0101B',NULL,9412,NULL,NULL,'VIEW_VENDOR_LIST','q=null;sort=recommend;page=0;size=12'),(656,'2025-10-10 14:47:37','871163D0EC7946A1B18E7271CCB0101B',NULL,27,NULL,NULL,'VIEW_VENDOR_LIST','q=null;sort=recommend;page=0;size=12'),(657,'2025-10-10 14:47:46','871163D0EC7946A1B18E7271CCB0101B',NULL,29,NULL,NULL,'VIEW_VENDOR_LIST','q=null;sort=recommend;page=0;size=12'),(658,'2025-10-10 14:47:48','871163D0EC7946A1B18E7271CCB0101B',NULL,9411,NULL,NULL,'VIEW_VENDOR_LIST','q=null;sort=recommend;page=0;size=12'),(659,'2025-10-10 14:47:50','871163D0EC7946A1B18E7271CCB0101B',NULL,28,NULL,NULL,'VIEW_VENDOR_LIST','q=null;sort=recommend;page=0;size=12'),(660,'2025-10-10 14:47:52','871163D0EC7946A1B18E7271CCB0101B',NULL,9410,NULL,NULL,'VIEW_VENDOR_LIST','q=null;sort=recommend;page=0;size=12'),(661,'2025-10-10 14:47:56','871163D0EC7946A1B18E7271CCB0101B',NULL,19,NULL,NULL,'VIEW_VENDOR_LIST','q=null;sort=recommend;page=0;size=12'),(662,'2025-10-10 14:48:00','871163D0EC7946A1B18E7271CCB0101B',NULL,24,NULL,NULL,'VIEW_VENDOR_LIST','q=null;sort=recommend;page=0;size=12'),(663,'2025-10-10 14:48:19','871163D0EC7946A1B18E7271CCB0101B',NULL,8,NULL,NULL,'VIEW_VENDOR_LIST','q=null;sort=recommend;page=0;size=12'),(664,'2025-10-10 14:49:48','871163D0EC7946A1B18E7271CCB0101B',NULL,8,NULL,NULL,'VIEW_VENDOR_LIST','q=null;sort=recommend;page=0;size=12'),(665,'2025-10-10 14:49:53','871163D0EC7946A1B18E7271CCB0101B',NULL,9416,NULL,NULL,'VIEW_VENDOR_LIST','q=null;sort=recommend;page=0;size=12'),(666,'2025-10-10 14:50:00','871163D0EC7946A1B18E7271CCB0101B',NULL,2,NULL,NULL,'VIEW_VENDOR_LIST','q=null;sort=recommend;page=0;size=12'),(667,'2025-10-10 14:50:23','4C4C0732E6C56205529DB4B840209FC2',NULL,24,NULL,NULL,'VIEW_VENDOR_LIST','q=null;sort=recommend;page=0;size=12'),(668,'2025-10-10 14:50:26','4C4C0732E6C56205529DB4B840209FC2',NULL,24,NULL,NULL,'VIEW_VENDOR_LIST','q=null;sort=recommend;page=0;size=12'),(669,'2025-10-10 14:50:31','4C4C0732E6C56205529DB4B840209FC2',NULL,24,NULL,NULL,'VIEW_VENDOR_LIST','q=null;sort=recommend;page=0;size=12'),(670,'2025-10-10 14:56:35','4C4C0732E6C56205529DB4B840209FC2',NULL,9411,NULL,NULL,'VIEW_VENDOR_LIST','q=null;sort=recommend;page=0;size=12'),(671,'2025-10-10 14:57:07','0BED8D5F6AD32FAEAAA1A6E57996C930',NULL,8,NULL,NULL,'VIEW_VENDOR_LIST','q=null;sort=recommend;page=0;size=12'),(672,'2025-10-10 15:09:09','89EBF0A35FD4C5BE005E15A8E9D600A4',NULL,9413,NULL,NULL,'VIEW_VENDOR_LIST','q=null;sort=recommend;page=0;size=12'),(673,'2025-10-10 15:09:21','89EBF0A35FD4C5BE005E15A8E9D600A4',NULL,9413,NULL,NULL,'VIEW_VENDOR_LIST','q=null;sort=recommend;page=0;size=12'),(674,'2025-10-10 15:09:49','89EBF0A35FD4C5BE005E15A8E9D600A4',NULL,9413,NULL,NULL,'VIEW_VENDOR_LIST','q=null;sort=recommend;page=0;size=12'),(675,'2025-10-10 15:19:37','79095D33BC647C96FAEA85580E78C96F',NULL,9416,NULL,NULL,'VIEW_VENDOR_LIST','q=null;sort=recommend;page=0;size=12'),(676,'2025-10-10 15:19:47','79095D33BC647C96FAEA85580E78C96F',NULL,9416,NULL,NULL,'VIEW_VENDOR_LIST','q=null;sort=recommend;page=0;size=12'),(677,'2025-10-10 15:45:51','541CF03B75010AE98EBC65BBEE94D6A4',NULL,9411,NULL,NULL,'VIEW_VENDOR_LIST','q=null;sort=recommend;page=0;size=12'),(678,'2025-10-10 15:45:59','541CF03B75010AE98EBC65BBEE94D6A4',NULL,9411,NULL,NULL,'VIEW_VENDOR_LIST','q=null;sort=recommend;page=0;size=12'),(679,'2025-10-10 15:55:27','36587A30295B898C2B88AC6B8B45C231',NULL,9417,NULL,NULL,'VIEW_VENDOR_LIST','q=null;sort=recommend;page=0;size=12'),(680,'2025-10-10 15:55:33','36587A30295B898C2B88AC6B8B45C231',NULL,9416,NULL,NULL,'VIEW_VENDOR_LIST','q=null;sort=recommend;page=0;size=12'),(681,'2025-10-10 16:04:42','36587A30295B898C2B88AC6B8B45C231',NULL,9416,NULL,NULL,'VIEW_VENDOR_LIST','q=null;sort=recommend;page=0;size=12'),(682,'2025-10-10 16:04:53','E657511BD1B2EA6FCA8B5A1D607217C4',NULL,9416,NULL,NULL,'VIEW_VENDOR_LIST','q=null;sort=recommend;page=0;size=12'),(683,'2025-10-10 16:04:58','E657511BD1B2EA6FCA8B5A1D607217C4',NULL,9416,NULL,NULL,'VIEW_VENDOR_LIST','q=null;sort=recommend;page=0;size=12'),(684,'2025-10-10 16:05:00','E657511BD1B2EA6FCA8B5A1D607217C4',NULL,9416,NULL,NULL,'VIEW_VENDOR_LIST','q=null;sort=recommend;page=0;size=12'),(685,'2025-10-10 16:09:38','10134BDE52C5AB721A4B6DA129627FA2',NULL,9416,NULL,NULL,'VIEW_VENDOR_LIST','q=null;sort=recommend;page=0;size=12'),(686,'2025-10-10 16:09:40','10134BDE52C5AB721A4B6DA129627FA2',NULL,9416,NULL,NULL,'VIEW_VENDOR_LIST','q=null;sort=recommend;page=0;size=12'),(687,'2025-10-10 16:20:55','04218043DF3BC50B0FB5BC68E209879A',NULL,9413,NULL,NULL,'VIEW_VENDOR_LIST','q=null;sort=recommend;page=0;size=12'),(688,'2025-10-10 16:20:59','04218043DF3BC50B0FB5BC68E209879A',NULL,24,NULL,NULL,'VIEW_VENDOR_LIST','q=null;sort=recommend;page=0;size=12'),(689,'2025-10-10 16:22:11','04218043DF3BC50B0FB5BC68E209879A',NULL,24,NULL,NULL,'VIEW_VENDOR_LIST','q=null;sort=recommend;page=0;size=12'),(690,'2025-10-10 17:56:35','D8A7104BF6261AE77D89D1F93CF58733',NULL,9413,NULL,NULL,'VIEW_VENDOR_LIST','q=null;sort=recommend;page=0;size=12'),(691,'2025-10-10 17:56:38','D8A7104BF6261AE77D89D1F93CF58733',NULL,9413,NULL,NULL,'VIEW_VENDOR_LIST','q=null;sort=recommend;page=0;size=12'),(692,'2025-10-10 17:56:58','D8A7104BF6261AE77D89D1F93CF58733',NULL,9416,NULL,NULL,'VIEW_VENDOR_LIST','q=null;sort=recommend;page=0;size=12'),(693,'2025-10-10 17:57:10','D8A7104BF6261AE77D89D1F93CF58733',NULL,9416,NULL,NULL,'VIEW_VENDOR_LIST','q=null;sort=recommend;page=0;size=12'),(694,'2025-10-10 18:06:40','459C61F25E2C339095E17D68949A1AA9',NULL,9416,NULL,NULL,'VIEW_VENDOR_LIST','q=null;sort=recommend;page=0;size=12'),(695,'2025-10-10 18:06:47','459C61F25E2C339095E17D68949A1AA9',NULL,9416,NULL,NULL,'VIEW_VENDOR_LIST','q=null;sort=recommend;page=0;size=12'),(696,'2025-10-10 20:15:53','B664669C4823C73E490E9C21AD499599',NULL,9417,NULL,NULL,'VIEW_VENDOR_LIST','q=null;sort=recommend;page=0;size=12'),(697,'2025-10-10 20:25:09','218A30370AC89069BD2C1D06B4501B30',NULL,9416,NULL,NULL,'VIEW_VENDOR_LIST','q=null;sort=recommend;page=0;size=12'),(698,'2025-10-10 21:05:17','2D418D067A0CC3DB8295084C6454CFC2',NULL,9413,NULL,NULL,'VIEW_VENDOR_LIST','q=null;sort=recommend;page=0;size=12'),(699,'2025-10-10 21:06:32','2D418D067A0CC3DB8295084C6454CFC2',NULL,9413,NULL,NULL,'VIEW_VENDOR_LIST','q=null;sort=recommend;page=0;size=12'),(700,'2025-10-10 21:20:53','974D0E1C486B7BE902A4491EDFD96953',NULL,9416,NULL,NULL,'VIEW_VENDOR_LIST','q=null;sort=recommend;page=0;size=12'),(701,'2025-10-10 21:22:33','974D0E1C486B7BE902A4491EDFD96953',NULL,24,NULL,NULL,'VIEW_VENDOR_LIST','q=null;sort=recommend;page=0;size=12'),(702,'2025-10-10 21:22:55','974D0E1C486B7BE902A4491EDFD96953',NULL,24,NULL,NULL,'VIEW_VENDOR_LIST','q=null;sort=recommend;page=0;size=12'),(703,'2025-10-10 21:22:56','974D0E1C486B7BE902A4491EDFD96953',NULL,24,NULL,NULL,'VIEW_VENDOR_LIST','q=null;sort=recommend;page=0;size=12'),(704,'2025-10-10 21:22:56','974D0E1C486B7BE902A4491EDFD96953',NULL,24,NULL,NULL,'VIEW_VENDOR_LIST','q=null;sort=recommend;page=0;size=12'),(705,'2025-10-10 21:22:56','974D0E1C486B7BE902A4491EDFD96953',NULL,24,NULL,NULL,'VIEW_VENDOR_LIST','q=null;sort=recommend;page=0;size=12'),(706,'2025-10-10 21:22:56','974D0E1C486B7BE902A4491EDFD96953',NULL,24,NULL,NULL,'VIEW_VENDOR_LIST','q=null;sort=recommend;page=0;size=12'),(707,'2025-10-10 21:22:57','974D0E1C486B7BE902A4491EDFD96953',NULL,24,NULL,NULL,'VIEW_VENDOR_LIST','q=null;sort=recommend;page=0;size=12'),(708,'2025-10-10 21:22:57','974D0E1C486B7BE902A4491EDFD96953',NULL,24,NULL,NULL,'VIEW_VENDOR_LIST','q=null;sort=recommend;page=0;size=12'),(709,'2025-10-10 21:22:57','974D0E1C486B7BE902A4491EDFD96953',NULL,24,NULL,NULL,'VIEW_VENDOR_LIST','q=null;sort=recommend;page=0;size=12'),(710,'2025-10-10 21:22:57','974D0E1C486B7BE902A4491EDFD96953',NULL,24,NULL,NULL,'VIEW_VENDOR_LIST','q=null;sort=recommend;page=0;size=12'),(711,'2025-10-10 21:23:34','D1C74F8D97D1C1E2C971A00E200ED05E',NULL,9416,NULL,NULL,'VIEW_VENDOR_LIST','q=null;sort=recommend;page=0;size=12'),(712,'2025-10-10 21:25:32','95BE144914A9935068C0722F5FFC638B',NULL,32,NULL,NULL,'VIEW_VENDOR_LIST','q=null;sort=recommend;page=0;size=12'),(713,'2025-10-10 21:25:37','95BE144914A9935068C0722F5FFC638B',NULL,32,NULL,NULL,'VIEW_VENDOR_LIST','q=null;sort=recommend;page=0;size=12'),(714,'2025-10-10 21:25:45','95BE144914A9935068C0722F5FFC638B',NULL,9416,NULL,NULL,'VIEW_VENDOR_LIST','q=null;sort=recommend;page=0;size=12'),(715,'2025-10-10 21:26:49','01C00B3FC15CF7D8A7151A9336D80D2E',NULL,9416,NULL,NULL,'VIEW_VENDOR_LIST','q=null;sort=recommend;page=0;size=12'),(716,'2025-10-10 21:28:31','5529061760F0640F9C0A54A61D3D8C35',NULL,28,NULL,NULL,'VIEW_VENDOR_LIST','q=null;sort=recommend;page=0;size=12'),(717,'2025-10-10 21:41:58','46496B41BC5FBF9800359D7CF46DCCD7',NULL,9413,NULL,NULL,'VIEW_VENDOR_LIST','q=null;sort=recommend;page=0;size=12'),(718,'2025-10-10 21:42:14','46496B41BC5FBF9800359D7CF46DCCD7',NULL,32,NULL,NULL,'VIEW_VENDOR_LIST','q=null;sort=recommend;page=0;size=12'),(719,'2025-10-10 21:42:28','46496B41BC5FBF9800359D7CF46DCCD7',NULL,32,NULL,NULL,'VIEW_VENDOR_LIST','q=null;sort=recommend;page=0;size=12'),(720,'2025-10-10 21:43:05','46496B41BC5FBF9800359D7CF46DCCD7',NULL,32,NULL,NULL,'VIEW_VENDOR_LIST','q=null;sort=recommend;page=0;size=12'),(721,'2025-10-10 21:50:52','887C956642F1D470A28CE34DE18D389F',NULL,9416,NULL,NULL,'VIEW_VENDOR_LIST','q=null;sort=recommend;page=0;size=12'),(722,'2025-10-10 21:58:10','903A22A986CB1A56C4FBE8151B57AF82',NULL,9416,NULL,NULL,'VIEW_VENDOR_LIST','q=null;sort=recommend;page=0;size=12'),(723,'2025-10-10 22:00:34','903A22A986CB1A56C4FBE8151B57AF82',NULL,9416,NULL,NULL,'VIEW_VENDOR_LIST','q=null;sort=recommend;page=0;size=12'),(724,'2025-10-10 22:00:38','903A22A986CB1A56C4FBE8151B57AF82',NULL,24,NULL,NULL,'VIEW_VENDOR_LIST','q=null;sort=recommend;page=0;size=12'),(725,'2025-10-10 22:00:46','903A22A986CB1A56C4FBE8151B57AF82',NULL,7,NULL,NULL,'VIEW_VENDOR_LIST','q=null;sort=recommend;page=0;size=12'),(726,'2025-10-10 22:00:54','903A22A986CB1A56C4FBE8151B57AF82',NULL,24,NULL,NULL,'VIEW_VENDOR_LIST','q=null;sort=recommend;page=0;size=12'),(727,'2025-10-10 22:01:08','903A22A986CB1A56C4FBE8151B57AF82',NULL,9411,NULL,NULL,'VIEW_VENDOR_LIST','q=null;sort=recommend;page=0;size=12'),(728,'2025-10-10 22:01:10','903A22A986CB1A56C4FBE8151B57AF82',NULL,28,NULL,NULL,'VIEW_VENDOR_LIST','q=null;sort=recommend;page=0;size=12'),(729,'2025-10-10 22:01:13','903A22A986CB1A56C4FBE8151B57AF82',NULL,9410,NULL,NULL,'VIEW_VENDOR_LIST','q=null;sort=recommend;page=0;size=12'),(730,'2025-10-10 22:01:45','903A22A986CB1A56C4FBE8151B57AF82',NULL,16,NULL,NULL,'VIEW_VENDOR_LIST','q=null;sort=recommend;page=0;size=12'),(731,'2025-10-10 22:42:48','D98310EDD51DCFCA80A735183F826074',NULL,9416,NULL,NULL,'VIEW_VENDOR_LIST','q=null;sort=recommend;page=0;size=12'),(732,'2025-10-10 22:42:56','D98310EDD51DCFCA80A735183F826074',NULL,9416,NULL,NULL,'VIEW_VENDOR_LIST','q=null;sort=recommend;page=0;size=12'),(733,'2025-10-10 22:48:27','20D7FAF69498F766E5250FD855A3B050',NULL,9416,NULL,NULL,'VIEW_VENDOR_LIST','q=null;sort=recommend;page=0;size=12'),(734,'2025-10-10 22:49:14','20D7FAF69498F766E5250FD855A3B050',NULL,9416,NULL,NULL,'VIEW_VENDOR_LIST','q=null;sort=recommend;page=0;size=12'),(735,'2025-10-10 22:51:40','20D7FAF69498F766E5250FD855A3B050',NULL,9416,NULL,NULL,'VIEW_VENDOR_LIST','q=null;sort=recommend;page=0;size=12'),(736,'2025-10-10 23:06:46','20D7FAF69498F766E5250FD855A3B050',NULL,9416,NULL,NULL,'VIEW_VENDOR_LIST','q=null;sort=recommend;page=0;size=12'),(737,'2025-10-10 23:06:55','20D7FAF69498F766E5250FD855A3B050',NULL,24,NULL,NULL,'VIEW_VENDOR_LIST','q=null;sort=recommend;page=0;size=12'),(738,'2025-10-10 23:06:58','20D7FAF69498F766E5250FD855A3B050',NULL,24,NULL,NULL,'VIEW_VENDOR_LIST','q=null;sort=recommend;page=0;size=12'),(739,'2025-10-10 23:12:49','15797D8199BFA24FE455F2080FBEEF3E',NULL,9416,NULL,NULL,'VIEW_VENDOR_LIST','q=null;sort=recommend;page=0;size=12'),(740,'2025-10-10 23:12:52','15797D8199BFA24FE455F2080FBEEF3E',NULL,9416,NULL,NULL,'VIEW_VENDOR_LIST','q=null;sort=recommend;page=0;size=12'),(741,'2025-10-11 13:07:54','358D4628D242D4D1BA1ABB164DE651F6',NULL,9416,NULL,NULL,'VIEW_VENDOR_LIST','q=null;sort=recommend;page=0;size=12'),(742,'2025-10-11 13:09:05','3A5E234A6A42D3416DC38A04F7284166',NULL,9416,NULL,NULL,'VIEW_VENDOR_LIST','q=null;sort=recommend;page=0;size=12'),(743,'2025-10-11 13:09:09','3A5E234A6A42D3416DC38A04F7284166',NULL,9416,NULL,NULL,'VIEW_VENDOR_LIST','q=null;sort=recommend;page=0;size=12'),(744,'2025-10-11 13:09:19','3A5E234A6A42D3416DC38A04F7284166',NULL,9416,NULL,NULL,'VIEW_VENDOR_LIST','q=null;sort=recommend;page=0;size=12'),(745,'2025-10-11 13:09:36','3A5E234A6A42D3416DC38A04F7284166',NULL,9416,NULL,NULL,'VIEW_VENDOR_LIST','q=null;sort=recommend;page=0;size=12'),(746,'2025-10-11 13:13:15','3A5E234A6A42D3416DC38A04F7284166',NULL,9416,NULL,NULL,'VIEW_VENDOR_LIST','q=null;sort=recommend;page=0;size=12'),(747,'2025-10-11 13:16:49','3A5E234A6A42D3416DC38A04F7284166',NULL,9416,NULL,NULL,'VIEW_VENDOR_LIST','q=null;sort=recommend;page=0;size=12'),(748,'2025-10-11 13:17:03','010610F5668E7A22717E7A2F44F935E5',NULL,9416,NULL,NULL,'VIEW_VENDOR_LIST','q=null;sort=recommend;page=0;size=12'),(749,'2025-10-11 13:17:17','010610F5668E7A22717E7A2F44F935E5',NULL,9416,NULL,NULL,'VIEW_VENDOR_LIST','q=null;sort=recommend;page=0;size=12'),(750,'2025-10-11 13:17:28','010610F5668E7A22717E7A2F44F935E5',NULL,9416,NULL,NULL,'VIEW_VENDOR_LIST','q=null;sort=recommend;page=0;size=12'),(751,'2025-10-11 13:22:24','0A6C46E6F760821B4ED6F1EC3B342E1B',NULL,9416,NULL,NULL,'VIEW_VENDOR_LIST','q=null;sort=recommend;page=0;size=12'),(752,'2025-10-11 13:22:41','0A6C46E6F760821B4ED6F1EC3B342E1B',NULL,9416,NULL,NULL,'VIEW_VENDOR_LIST','q=null;sort=recommend;page=0;size=12'),(753,'2025-10-11 13:22:46','0A6C46E6F760821B4ED6F1EC3B342E1B',NULL,9416,NULL,NULL,'VIEW_VENDOR_LIST','q=null;sort=recommend;page=0;size=12'),(754,'2025-10-11 13:23:17','0A6C46E6F760821B4ED6F1EC3B342E1B',NULL,9416,NULL,NULL,'VIEW_VENDOR_LIST','q=null;sort=recommend;page=0;size=12'),(755,'2025-10-11 13:33:57','22C42C2F16630D22AB3E054233B13031',NULL,9416,NULL,NULL,'VIEW_VENDOR_LIST','q=null;sort=recommend;page=0;size=12'),(756,'2025-10-11 13:34:00','22C42C2F16630D22AB3E054233B13031',NULL,9416,NULL,NULL,'VIEW_VENDOR_LIST','q=null;sort=recommend;page=0;size=12'),(757,'2025-10-11 13:34:02','22C42C2F16630D22AB3E054233B13031',NULL,9416,NULL,NULL,'VIEW_VENDOR_LIST','q=null;sort=recommend;page=0;size=12'),(758,'2025-10-11 13:34:22','22C42C2F16630D22AB3E054233B13031',NULL,9416,NULL,NULL,'VIEW_VENDOR_LIST','q=null;sort=recommend;page=0;size=12'),(759,'2025-10-11 13:35:04','22C42C2F16630D22AB3E054233B13031',NULL,9416,NULL,NULL,'VIEW_VENDOR_LIST','q=null;sort=recommend;page=0;size=12'),(760,'2025-10-11 13:35:13','22C42C2F16630D22AB3E054233B13031',NULL,9416,NULL,NULL,'VIEW_VENDOR_LIST','q=null;sort=recommend;page=0;size=12'),(761,'2025-10-11 13:35:15','22C42C2F16630D22AB3E054233B13031',NULL,9416,NULL,NULL,'VIEW_VENDOR_LIST','q=null;sort=recommend;page=0;size=12'),(762,'2025-10-11 14:19:52','68052D1FDC216B8D13D52D79F7A5B0FC',NULL,9416,NULL,NULL,'VIEW_VENDOR_LIST','q=null;sort=recommend;page=0;size=12'),(763,'2025-10-11 14:20:05','5539A31A90256236CF440DC65B34BC66',NULL,9416,NULL,NULL,'VIEW_VENDOR_LIST','q=null;sort=recommend;page=0;size=12'),(764,'2025-10-11 14:20:08','5539A31A90256236CF440DC65B34BC66',NULL,9416,NULL,NULL,'VIEW_VENDOR_LIST','q=null;sort=recommend;page=0;size=12'),(765,'2025-10-11 14:20:15','5539A31A90256236CF440DC65B34BC66',NULL,9416,NULL,NULL,'VIEW_VENDOR_LIST','q=null;sort=recommend;page=0;size=12'),(766,'2025-10-11 14:20:17','5539A31A90256236CF440DC65B34BC66',NULL,30,NULL,NULL,'VIEW_VENDOR_LIST','q=null;sort=recommend;page=0;size=12'),(767,'2025-10-11 14:20:34','5539A31A90256236CF440DC65B34BC66',NULL,9416,NULL,NULL,'VIEW_VENDOR_LIST','q=null;sort=recommend;page=0;size=12'),(768,'2025-10-11 14:20:38','5539A31A90256236CF440DC65B34BC66',NULL,9416,NULL,NULL,'VIEW_VENDOR_LIST','q=null;sort=recommend;page=0;size=12'),(769,'2025-10-11 14:21:20','5539A31A90256236CF440DC65B34BC66',NULL,9416,NULL,NULL,'VIEW_VENDOR_LIST','q=null;sort=recommend;page=0;size=12'),(770,'2025-10-11 14:27:07','9FECBA54418885A5EF6D313A40C12D93',NULL,9416,NULL,NULL,'VIEW_VENDOR_LIST','q=null;sort=recommend;page=0;size=12'),(771,'2025-10-11 14:27:09','9FECBA54418885A5EF6D313A40C12D93',NULL,9419,NULL,NULL,'VIEW_VENDOR_LIST','q=null;sort=recommend;page=0;size=12'),(772,'2025-10-11 14:27:13','9FECBA54418885A5EF6D313A40C12D93',NULL,9419,NULL,NULL,'VIEW_VENDOR_LIST','q=null;sort=recommend;page=0;size=12'),(773,'2025-10-11 14:27:58','9FECBA54418885A5EF6D313A40C12D93',NULL,9419,NULL,NULL,'VIEW_VENDOR_LIST','q=null;sort=recommend;page=0;size=12'),(774,'2025-10-11 14:29:02','9FECBA54418885A5EF6D313A40C12D93',NULL,9413,NULL,NULL,'VIEW_VENDOR_LIST','q=null;sort=recommend;page=0;size=12'),(775,'2025-10-11 14:29:18','9FECBA54418885A5EF6D313A40C12D93',NULL,9413,NULL,NULL,'VIEW_VENDOR_LIST','q=null;sort=recommend;page=0;size=12'),(776,'2025-10-11 14:32:11','9FECBA54418885A5EF6D313A40C12D93',NULL,9413,NULL,NULL,'VIEW_VENDOR_LIST','q=null;sort=recommend;page=0;size=12'),(777,'2025-10-11 14:32:11','9FECBA54418885A5EF6D313A40C12D93',NULL,9413,NULL,NULL,'VIEW_VENDOR_LIST','q=null;sort=recommend;page=0;size=12'),(778,'2025-10-11 14:32:12','9FECBA54418885A5EF6D313A40C12D93',NULL,9413,NULL,NULL,'VIEW_VENDOR_LIST','q=null;sort=recommend;page=0;size=12'),(779,'2025-10-11 14:32:12','9FECBA54418885A5EF6D313A40C12D93',NULL,9413,NULL,NULL,'VIEW_VENDOR_LIST','q=null;sort=recommend;page=0;size=12'),(780,'2025-10-11 14:32:12','9FECBA54418885A5EF6D313A40C12D93',NULL,9413,NULL,NULL,'VIEW_VENDOR_LIST','q=null;sort=recommend;page=0;size=12'),(781,'2025-10-11 14:32:12','9FECBA54418885A5EF6D313A40C12D93',NULL,9413,NULL,NULL,'VIEW_VENDOR_LIST','q=null;sort=recommend;page=0;size=12'),(782,'2025-10-11 14:32:13','9FECBA54418885A5EF6D313A40C12D93',NULL,9413,NULL,NULL,'VIEW_VENDOR_LIST','q=null;sort=recommend;page=0;size=12'),(783,'2025-10-11 14:32:31','9FECBA54418885A5EF6D313A40C12D93',NULL,9417,NULL,NULL,'VIEW_VENDOR_LIST','q=null;sort=recommend;page=0;size=12'),(784,'2025-10-11 14:32:40','7076A769470D5FD970248BEE1A248522',NULL,9416,NULL,NULL,'VIEW_VENDOR_LIST','q=null;sort=recommend;page=0;size=12'),(785,'2025-10-11 14:32:43','7076A769470D5FD970248BEE1A248522',NULL,9414,NULL,NULL,'VIEW_VENDOR_LIST','q=null;sort=recommend;page=0;size=12'),(786,'2025-10-11 14:32:47','7076A769470D5FD970248BEE1A248522',NULL,9414,NULL,NULL,'VIEW_VENDOR_LIST','q=null;sort=recommend;page=0;size=12'),(787,'2025-10-11 14:32:57','7076A769470D5FD970248BEE1A248522',NULL,9414,NULL,NULL,'VIEW_VENDOR_LIST','q=null;sort=recommend;page=0;size=12'),(788,'2025-10-11 14:45:40','7076A769470D5FD970248BEE1A248522',NULL,9418,NULL,NULL,'VIEW_VENDOR_LIST','q=null;sort=recommend;page=0;size=12'),(789,'2025-10-11 14:45:51','E88C1E98FF0B687B66013B6BDE60E303',NULL,32,NULL,NULL,'VIEW_VENDOR_LIST','q=null;sort=recommend;page=0;size=12'),(790,'2025-10-11 14:46:15','E88C1E98FF0B687B66013B6BDE60E303',NULL,32,NULL,NULL,'VIEW_VENDOR_LIST','q=null;sort=recommend;page=0;size=12'),(791,'2025-10-11 14:46:53','E88C1E98FF0B687B66013B6BDE60E303',NULL,32,NULL,NULL,'VIEW_VENDOR_LIST','q=null;sort=recommend;page=0;size=12'),(792,'2025-10-11 14:50:41','E88C1E98FF0B687B66013B6BDE60E303',NULL,9416,NULL,NULL,'VIEW_VENDOR_LIST','q=null;sort=recommend;page=0;size=12'),(793,'2025-10-11 14:50:45','E88C1E98FF0B687B66013B6BDE60E303',NULL,9416,NULL,NULL,'VIEW_VENDOR_LIST','q=null;sort=recommend;page=0;size=12'),(794,'2025-10-11 14:54:48','E88C1E98FF0B687B66013B6BDE60E303',NULL,9416,NULL,NULL,'VIEW_VENDOR_LIST','q=null;sort=recommend;page=0;size=12'),(795,'2025-10-11 14:55:01','715222C078AD623F7B86CF7E313889CB',NULL,9419,NULL,NULL,'VIEW_VENDOR_LIST','q=null;sort=recommend;page=0;size=12'),(796,'2025-10-11 15:20:09','5631AE530EF1C178F1E65ECBE4AF02B2',NULL,9412,NULL,NULL,'VIEW_VENDOR_LIST','q=null;sort=recommend;page=0;size=12'),(797,'2025-10-11 15:27:38','EFA77CFEE156AC5FBD58EB120EB253A8',NULL,9417,NULL,NULL,'VIEW_VENDOR_LIST','q=null;sort=recommend;page=0;size=12'),(798,'2025-10-11 15:27:40','EFA77CFEE156AC5FBD58EB120EB253A8',NULL,9415,NULL,NULL,'VIEW_VENDOR_LIST','q=null;sort=recommend;page=0;size=12'),(799,'2025-10-11 16:08:14','8E43A4B9915E4B7C4C45E472838E2DE6',NULL,9412,NULL,NULL,'VIEW_VENDOR_LIST','q=null;sort=recommend;page=0;size=12'),(800,'2025-10-11 16:08:53','8E43A4B9915E4B7C4C45E472838E2DE6',NULL,9408,NULL,NULL,'VIEW_VENDOR_LIST','q=null;sort=recommend;page=0;size=12'),(801,'2025-10-11 16:09:52','8E43A4B9915E4B7C4C45E472838E2DE6',NULL,9407,NULL,NULL,'VIEW_VENDOR_LIST','q=null;sort=recommend;page=0;size=12'),(802,'2025-10-11 16:10:34','A600B241BD9BB78BBEE24D807EB27F68',NULL,11,NULL,NULL,'VIEW_VENDOR_LIST','q=null;sort=recommend;page=0;size=12'),(803,'2025-10-11 16:16:18','A600B241BD9BB78BBEE24D807EB27F68',NULL,9412,NULL,NULL,'VIEW_VENDOR_LIST','q=null;sort=recommend;page=0;size=12'),(804,'2025-10-11 16:16:44','12C0296CCA056F530E26F4A0E87E3880',NULL,12,NULL,NULL,'VIEW_VENDOR_LIST','q=null;sort=recommend;page=0;size=12'),(805,'2025-10-11 17:25:35','A1FD36AC1CEC01147ACFE6D4B2E27BF2',NULL,19,NULL,NULL,'VIEW_VENDOR_LIST','q=null;sort=recommend;page=0;size=12'),(806,'2025-10-11 17:26:28','A1FD36AC1CEC01147ACFE6D4B2E27BF2',NULL,9418,NULL,NULL,'VIEW_VENDOR_LIST','q=null;sort=recommend;page=0;size=12'),(807,'2025-10-11 17:26:36','A1FD36AC1CEC01147ACFE6D4B2E27BF2',NULL,24,NULL,NULL,'VIEW_VENDOR_LIST','q=null;sort=recommend;page=0;size=12'),(808,'2025-10-11 17:33:15','A1FD36AC1CEC01147ACFE6D4B2E27BF2',NULL,9417,NULL,NULL,'VIEW_VENDOR_LIST','q=null;sort=recommend;page=0;size=12'),(809,'2025-10-11 17:34:51','0A177ACB339193828965F0CCB4ADB348',NULL,24,NULL,NULL,'VIEW_VENDOR_LIST','q=null;sort=recommend;page=0;size=12'),(810,'2025-10-11 17:40:12','0A177ACB339193828965F0CCB4ADB348',NULL,9417,NULL,NULL,'VIEW_VENDOR_LIST','q=null;sort=recommend;page=0;size=12'),(811,'2025-10-11 17:40:26','578499585750BA262102349E2B52ECDF',NULL,9416,NULL,NULL,'VIEW_VENDOR_LIST','q=null;sort=recommend;page=0;size=12'),(812,'2025-10-11 17:40:29','578499585750BA262102349E2B52ECDF',NULL,24,NULL,NULL,'VIEW_VENDOR_LIST','q=null;sort=recommend;page=0;size=12'),(813,'2025-10-11 18:16:15','B8C92639D8461D87BEA12CE583B1C4CD',NULL,9416,NULL,NULL,'VIEW_VENDOR_LIST','q=null;sort=recommend;page=0;size=12'),(814,'2025-10-11 18:16:21','B8C92639D8461D87BEA12CE583B1C4CD',NULL,9416,NULL,NULL,'VIEW_VENDOR_LIST','q=null;sort=recommend;page=0;size=12'),(815,'2025-10-11 18:19:10','71C67C49720D1175DB74D97E03060A68',NULL,9417,NULL,NULL,'VIEW_VENDOR_LIST','q=null;sort=recommend;page=0;size=12'),(816,'2025-10-11 18:21:34','71C67C49720D1175DB74D97E03060A68',NULL,9417,NULL,NULL,'VIEW_VENDOR_LIST','q=null;sort=recommend;page=0;size=12'),(817,'2025-10-11 18:21:35','71C67C49720D1175DB74D97E03060A68',NULL,9417,NULL,NULL,'VIEW_VENDOR_LIST','q=null;sort=recommend;page=0;size=12'),(818,'2025-10-11 18:21:35','71C67C49720D1175DB74D97E03060A68',NULL,9417,NULL,NULL,'VIEW_VENDOR_LIST','q=null;sort=recommend;page=0;size=12'),(819,'2025-10-11 18:21:35','71C67C49720D1175DB74D97E03060A68',NULL,9417,NULL,NULL,'VIEW_VENDOR_LIST','q=null;sort=recommend;page=0;size=12'),(820,'2025-10-11 18:21:35','71C67C49720D1175DB74D97E03060A68',NULL,9417,NULL,NULL,'VIEW_VENDOR_LIST','q=null;sort=recommend;page=0;size=12'),(821,'2025-10-11 18:21:36','71C67C49720D1175DB74D97E03060A68',NULL,9417,NULL,NULL,'VIEW_VENDOR_LIST','q=null;sort=recommend;page=0;size=12'),(822,'2025-10-11 18:21:36','71C67C49720D1175DB74D97E03060A68',NULL,9417,NULL,NULL,'VIEW_VENDOR_LIST','q=null;sort=recommend;page=0;size=12'),(823,'2025-10-11 18:22:24','D2FDC21B8C47BB62938C38E206FB4053',NULL,32,NULL,NULL,'VIEW_VENDOR_LIST','q=null;sort=recommend;page=0;size=12'),(824,'2025-10-11 18:22:32','D2FDC21B8C47BB62938C38E206FB4053',NULL,32,NULL,NULL,'VIEW_VENDOR_LIST','q=null;sort=recommend;page=0;size=12'),(825,'2025-10-11 18:24:17','D2FDC21B8C47BB62938C38E206FB4053',NULL,32,NULL,NULL,'VIEW_VENDOR_LIST','q=null;sort=recommend;page=0;size=12'),(826,'2025-10-11 18:24:36','2961E53B6A06B32C3D8CD55A3553172B',NULL,9417,NULL,NULL,'VIEW_VENDOR_LIST','q=null;sort=recommend;page=0;size=12'),(827,'2025-10-11 18:26:02','2961E53B6A06B32C3D8CD55A3553172B',NULL,9416,NULL,NULL,'VIEW_VENDOR_LIST','q=null;sort=recommend;page=0;size=12'),(828,'2025-10-11 18:27:13','2961E53B6A06B32C3D8CD55A3553172B',NULL,9417,NULL,NULL,'VIEW_VENDOR_LIST','q=null;sort=recommend;page=0;size=12'),(829,'2025-10-11 22:28:14','B27702D4EA8931391B82A81CB9539FFE',NULL,9418,NULL,NULL,'VIEW_VENDOR_LIST','q=null;sort=recommend;page=0;size=12'),(830,'2025-10-11 22:44:10','FF12B499626F74D01EE760616E37ED9B',NULL,9417,NULL,NULL,'VIEW_VENDOR_LIST','q=null;sort=recommend;page=0;size=12'),(831,'2025-10-11 22:45:09','FF12B499626F74D01EE760616E37ED9B',NULL,9417,NULL,NULL,'VIEW_VENDOR_LIST','q=null;sort=recommend;page=0;size=12'),(832,'2025-10-11 22:48:56','0AC70580DE43FCB40634805F56531B9F',NULL,30,NULL,NULL,'VIEW_VENDOR_LIST','q=null;sort=recommend;page=0;size=12'),(833,'2025-10-11 23:43:01','A4DE556F694392D35822E65AA24326F2',NULL,9417,NULL,NULL,'VIEW_VENDOR_LIST','q=null;sort=recommend;page=0;size=12'),(834,'2025-10-11 23:43:08','A4DE556F694392D35822E65AA24326F2',NULL,9417,NULL,NULL,'VIEW_VENDOR_LIST','q=null;sort=recommend;page=0;size=12'),(835,'2025-10-11 23:45:54','8080DC6861E83104B59862197FE06B24',NULL,9417,NULL,NULL,'VIEW_VENDOR_LIST','q=null;sort=recommend;page=0;size=12'),(836,'2025-10-11 23:51:51','5CBA73C38A7CB2AC031A2B71F66F9A00',NULL,9417,NULL,NULL,'VIEW_VENDOR_LIST','q=null;sort=recommend;page=0;size=12'),(837,'2025-10-11 23:52:06','5CBA73C38A7CB2AC031A2B71F66F9A00',NULL,9417,NULL,NULL,'VIEW_VENDOR_LIST','q=null;sort=recommend;page=0;size=12'),(838,'2025-10-11 23:57:31','5CBA73C38A7CB2AC031A2B71F66F9A00',NULL,9417,NULL,NULL,'VIEW_VENDOR_LIST','q=null;sort=recommend;page=0;size=12'),(839,'2025-10-12 00:04:02','65F72B4C5C4E17BDB3550C21DA25071F',NULL,9417,NULL,NULL,'VIEW_VENDOR_LIST','q=null;sort=recommend;page=0;size=12'),(840,'2025-10-12 00:04:13','65F72B4C5C4E17BDB3550C21DA25071F',NULL,9417,NULL,NULL,'VIEW_VENDOR_LIST','q=null;sort=recommend;page=0;size=12'),(841,'2025-10-13 18:55:51','6A7983A093F1B249D45D58AD8300A52F',NULL,9416,NULL,NULL,'VIEW_VENDOR_LIST','q=null;sort=recommend;page=0;size=12'),(842,'2025-10-13 18:55:57','6A7983A093F1B249D45D58AD8300A52F',NULL,24,NULL,NULL,'VIEW_VENDOR_LIST','q=null;sort=recommend;page=0;size=12'),(843,'2025-10-13 19:52:39','01EECAED97DF6BA23AD6A758FFEB6FF9',NULL,2,NULL,NULL,'VIEW_VENDOR_LIST','q=null;sort=recommend;page=0;size=12'),(844,'2025-10-13 20:09:10','A82F6C5E10E7987ADB234550E2A46874',NULL,9418,NULL,NULL,'VIEW_VENDOR_LIST','q=null;sort=recommend;page=0;size=12'),(845,'2025-10-13 20:09:24','A82F6C5E10E7987ADB234550E2A46874',NULL,8,NULL,NULL,'VIEW_VENDOR_LIST','q=null;sort=recommend;page=0;size=12'),(846,'2025-10-13 20:09:34','A82F6C5E10E7987ADB234550E2A46874',NULL,24,NULL,NULL,'VIEW_VENDOR_LIST','q=null;sort=recommend;page=0;size=12'),(847,'2025-10-13 20:09:54','A82F6C5E10E7987ADB234550E2A46874',NULL,24,NULL,NULL,'VIEW_VENDOR_LIST','q=null;sort=recommend;page=0;size=12'),(848,'2025-10-14 14:47:33','8F4D617042272E97758D85290C74FE7E',NULL,9412,NULL,NULL,'VIEW_VENDOR_LIST','q=null;sort=recommend;page=0;size=12'),(849,'2025-10-14 14:48:53','8F4D617042272E97758D85290C74FE7E',NULL,9416,NULL,NULL,'VIEW_VENDOR_LIST','q=null;sort=recommend;page=0;size=12'),(850,'2025-10-14 15:21:23','E1E51E2936D7133D30F77AB2DAE54D3A',NULL,9418,NULL,NULL,'VIEW_VENDOR_LIST','q=null;sort=recommend;page=0;size=12'),(851,'2025-10-14 15:21:43','E1E51E2936D7133D30F77AB2DAE54D3A',NULL,9417,NULL,NULL,'VIEW_VENDOR_LIST','q=null;sort=recommend;page=0;size=12'),(852,'2025-10-16 17:13:43','686A7B5551725103DC8C19597939A5FA',NULL,9416,NULL,NULL,'VIEW_VENDOR_LIST','q=null;sort=recommend;page=0;size=12'),(853,'2025-10-16 17:13:48','686A7B5551725103DC8C19597939A5FA',NULL,9416,NULL,NULL,'VIEW_VENDOR_LIST','q=null;sort=recommend;page=0;size=12'),(854,'2025-10-16 17:14:13','686A7B5551725103DC8C19597939A5FA',NULL,9416,NULL,NULL,'VIEW_VENDOR_LIST','q=null;sort=recommend;page=0;size=12'),(855,'2025-10-16 17:14:18','686A7B5551725103DC8C19597939A5FA',NULL,9416,NULL,NULL,'VIEW_VENDOR_LIST','q=null;sort=recommend;page=0;size=12'),(856,'2025-10-16 17:18:03','686A7B5551725103DC8C19597939A5FA',NULL,9416,NULL,NULL,'VIEW_VENDOR_LIST','q=null;sort=recommend;page=0;size=12'),(857,'2025-10-16 17:19:24','686A7B5551725103DC8C19597939A5FA',NULL,9416,NULL,NULL,'VIEW_VENDOR_LIST','q=null;sort=recommend;page=0;size=12'),(858,'2025-10-16 17:19:27','686A7B5551725103DC8C19597939A5FA',NULL,9416,NULL,NULL,'VIEW_VENDOR_LIST','q=null;sort=recommend;page=0;size=12'),(859,'2025-10-16 17:20:07','DFD3C8A1C5E908CC551BD765A84001CF',NULL,9417,NULL,NULL,'VIEW_VENDOR_LIST','q=null;sort=recommend;page=0;size=12'),(860,'2025-10-16 17:20:45','DFD3C8A1C5E908CC551BD765A84001CF',NULL,9416,NULL,NULL,'VIEW_VENDOR_LIST','q=null;sort=recommend;page=0;size=12'),(861,'2025-10-16 17:20:50','DFD3C8A1C5E908CC551BD765A84001CF',NULL,24,NULL,NULL,'VIEW_VENDOR_LIST','q=null;sort=recommend;page=0;size=12'),(862,'2025-10-16 17:21:02','DFD3C8A1C5E908CC551BD765A84001CF',NULL,24,NULL,NULL,'VIEW_VENDOR_LIST','q=null;sort=recommend;page=0;size=12'),(863,'2025-10-16 17:21:04','DFD3C8A1C5E908CC551BD765A84001CF',NULL,24,NULL,NULL,'VIEW_VENDOR_LIST','q=null;sort=recommend;page=0;size=12'),(864,'2025-10-16 17:21:24','DFD3C8A1C5E908CC551BD765A84001CF',NULL,24,NULL,NULL,'VIEW_VENDOR_LIST','q=null;sort=recommend;page=0;size=12'),(865,'2025-10-16 17:21:24','DFD3C8A1C5E908CC551BD765A84001CF',NULL,24,NULL,NULL,'VIEW_VENDOR_LIST','q=null;sort=recommend;page=0;size=12'),(866,'2025-10-16 17:21:25','DFD3C8A1C5E908CC551BD765A84001CF',NULL,24,NULL,NULL,'VIEW_VENDOR_LIST','q=null;sort=recommend;page=0;size=12'),(867,'2025-10-16 17:21:25','DFD3C8A1C5E908CC551BD765A84001CF',NULL,24,NULL,NULL,'VIEW_VENDOR_LIST','q=null;sort=recommend;page=0;size=12'),(868,'2025-10-16 17:21:25','DFD3C8A1C5E908CC551BD765A84001CF',NULL,24,NULL,NULL,'VIEW_VENDOR_LIST','q=null;sort=recommend;page=0;size=12'),(869,'2025-10-16 17:21:26','DFD3C8A1C5E908CC551BD765A84001CF',NULL,24,NULL,NULL,'VIEW_VENDOR_LIST','q=null;sort=recommend;page=0;size=12'),(870,'2025-10-16 17:21:26','DFD3C8A1C5E908CC551BD765A84001CF',NULL,24,NULL,NULL,'VIEW_VENDOR_LIST','q=null;sort=recommend;page=0;size=12'),(871,'2025-10-16 17:21:26','DFD3C8A1C5E908CC551BD765A84001CF',NULL,24,NULL,NULL,'VIEW_VENDOR_LIST','q=null;sort=recommend;page=0;size=12'),(872,'2025-10-16 17:21:26','DFD3C8A1C5E908CC551BD765A84001CF',NULL,24,NULL,NULL,'VIEW_VENDOR_LIST','q=null;sort=recommend;page=0;size=12'),(873,'2025-10-16 17:21:26','DFD3C8A1C5E908CC551BD765A84001CF',NULL,24,NULL,NULL,'VIEW_VENDOR_LIST','q=null;sort=recommend;page=0;size=12'),(874,'2025-10-16 17:21:27','DFD3C8A1C5E908CC551BD765A84001CF',NULL,24,NULL,NULL,'VIEW_VENDOR_LIST','q=null;sort=recommend;page=0;size=12'),(875,'2025-10-16 17:21:27','DFD3C8A1C5E908CC551BD765A84001CF',NULL,24,NULL,NULL,'VIEW_VENDOR_LIST','q=null;sort=recommend;page=0;size=12'),(876,'2025-10-16 17:21:27','DFD3C8A1C5E908CC551BD765A84001CF',NULL,24,NULL,NULL,'VIEW_VENDOR_LIST','q=null;sort=recommend;page=0;size=12'),(877,'2025-10-16 17:21:27','DFD3C8A1C5E908CC551BD765A84001CF',NULL,24,NULL,NULL,'VIEW_VENDOR_LIST','q=null;sort=recommend;page=0;size=12'),(878,'2025-10-16 17:21:27','DFD3C8A1C5E908CC551BD765A84001CF',NULL,24,NULL,NULL,'VIEW_VENDOR_LIST','q=null;sort=recommend;page=0;size=12'),(879,'2025-10-16 17:21:27','DFD3C8A1C5E908CC551BD765A84001CF',NULL,24,NULL,NULL,'VIEW_VENDOR_LIST','q=null;sort=recommend;page=0;size=12'),(880,'2025-10-16 22:14:06','D749F9FF71E01ABED8C0F592C8CAAD78',NULL,9417,NULL,NULL,'VIEW_VENDOR_LIST','q=null;sort=recommend;page=0;size=12'),(881,'2025-10-17 17:00:44','94BC454E341966B00AB86FDF4397912F',NULL,9417,NULL,NULL,'VIEW_VENDOR_LIST','q=null;sort=recommend;page=0;size=12'),(882,'2025-10-17 17:00:59','15E35D05AAD4553E32A16B8915CEC188',NULL,9417,NULL,NULL,'VIEW_VENDOR_LIST','q=null;sort=recommend;page=0;size=12'),(883,'2025-10-17 17:08:47','B4264B9D20A3907BEDDE6FFEDAD0BA8E',NULL,9416,NULL,NULL,'VIEW_VENDOR_LIST','q=null;sort=recommend;page=0;size=12'),(884,'2025-10-17 17:15:31','2089C9A71B7AA5B0F0B8AD13C7F7E801',NULL,9416,NULL,NULL,'VIEW_VENDOR_LIST','q=null;sort=recommend;page=0;size=12'),(885,'2025-10-17 17:37:34','7A061919E1659F7BD766644EF7A8D236',NULL,9416,NULL,NULL,'VIEW_VENDOR_LIST','q=null;sort=recommend;page=0;size=12'),(886,'2025-10-17 17:58:47','967CCB0A6110748C1E32A3CB06286FDF',NULL,9416,NULL,NULL,'VIEW_VENDOR_LIST','q=null;sort=recommend;page=0;size=12'),(887,'2025-10-17 18:10:32','69391DC06F5C26C6CC4D2465DF76DB4B',NULL,9416,NULL,NULL,'VIEW_VENDOR_LIST','q=null;sort=recommend;page=0;size=12'),(888,'2025-10-17 18:10:36','69391DC06F5C26C6CC4D2465DF76DB4B',NULL,9416,NULL,NULL,'VIEW_VENDOR_LIST','q=null;sort=recommend;page=0;size=12'),(889,'2025-10-17 18:10:43','69391DC06F5C26C6CC4D2465DF76DB4B',NULL,24,NULL,NULL,'VIEW_VENDOR_LIST','q=null;sort=recommend;page=0;size=12'),(890,'2025-10-17 18:10:57','69391DC06F5C26C6CC4D2465DF76DB4B',NULL,24,NULL,NULL,'VIEW_VENDOR_LIST','q=null;sort=recommend;page=0;size=12'),(891,'2025-10-17 18:12:51','69391DC06F5C26C6CC4D2465DF76DB4B',NULL,24,NULL,NULL,'VIEW_VENDOR_LIST','q=null;sort=recommend;page=0;size=12'),(892,'2025-10-17 18:12:52','69391DC06F5C26C6CC4D2465DF76DB4B',NULL,24,NULL,NULL,'VIEW_VENDOR_LIST','q=null;sort=recommend;page=0;size=12'),(893,'2025-10-17 18:12:52','69391DC06F5C26C6CC4D2465DF76DB4B',NULL,24,NULL,NULL,'VIEW_VENDOR_LIST','q=null;sort=recommend;page=0;size=12'),(894,'2025-10-17 18:12:52','69391DC06F5C26C6CC4D2465DF76DB4B',NULL,24,NULL,NULL,'VIEW_VENDOR_LIST','q=null;sort=recommend;page=0;size=12'),(895,'2025-10-17 18:12:52','69391DC06F5C26C6CC4D2465DF76DB4B',NULL,24,NULL,NULL,'VIEW_VENDOR_LIST','q=null;sort=recommend;page=0;size=12'),(896,'2025-10-17 18:12:52','69391DC06F5C26C6CC4D2465DF76DB4B',NULL,24,NULL,NULL,'VIEW_VENDOR_LIST','q=null;sort=recommend;page=0;size=12'),(897,'2025-10-17 18:12:53','69391DC06F5C26C6CC4D2465DF76DB4B',NULL,24,NULL,NULL,'VIEW_VENDOR_LIST','q=null;sort=recommend;page=0;size=12'),(898,'2025-10-17 18:12:53','69391DC06F5C26C6CC4D2465DF76DB4B',NULL,24,NULL,NULL,'VIEW_VENDOR_LIST','q=null;sort=recommend;page=0;size=12'),(899,'2025-10-17 18:12:53','69391DC06F5C26C6CC4D2465DF76DB4B',NULL,24,NULL,NULL,'VIEW_VENDOR_LIST','q=null;sort=recommend;page=0;size=12'),(900,'2025-10-17 18:12:53','69391DC06F5C26C6CC4D2465DF76DB4B',NULL,24,NULL,NULL,'VIEW_VENDOR_LIST','q=null;sort=recommend;page=0;size=12'),(901,'2025-10-17 18:12:53','69391DC06F5C26C6CC4D2465DF76DB4B',NULL,24,NULL,NULL,'VIEW_VENDOR_LIST','q=null;sort=recommend;page=0;size=12'),(902,'2025-10-17 18:12:53','69391DC06F5C26C6CC4D2465DF76DB4B',NULL,24,NULL,NULL,'VIEW_VENDOR_LIST','q=null;sort=recommend;page=0;size=12'),(903,'2025-10-17 18:12:53','69391DC06F5C26C6CC4D2465DF76DB4B',NULL,24,NULL,NULL,'VIEW_VENDOR_LIST','q=null;sort=recommend;page=0;size=12'),(904,'2025-10-17 18:12:54','69391DC06F5C26C6CC4D2465DF76DB4B',NULL,24,NULL,NULL,'VIEW_VENDOR_LIST','q=null;sort=recommend;page=0;size=12'),(905,'2025-10-17 18:12:54','69391DC06F5C26C6CC4D2465DF76DB4B',NULL,24,NULL,NULL,'VIEW_VENDOR_LIST','q=null;sort=recommend;page=0;size=12'),(906,'2025-10-17 18:12:54','69391DC06F5C26C6CC4D2465DF76DB4B',NULL,24,NULL,NULL,'VIEW_VENDOR_LIST','q=null;sort=recommend;page=0;size=12'),(907,'2025-10-17 18:12:54','69391DC06F5C26C6CC4D2465DF76DB4B',NULL,24,NULL,NULL,'VIEW_VENDOR_LIST','q=null;sort=recommend;page=0;size=12'),(908,'2025-10-17 18:12:54','69391DC06F5C26C6CC4D2465DF76DB4B',NULL,24,NULL,NULL,'VIEW_VENDOR_LIST','q=null;sort=recommend;page=0;size=12'),(909,'2025-10-17 18:12:54','69391DC06F5C26C6CC4D2465DF76DB4B',NULL,24,NULL,NULL,'VIEW_VENDOR_LIST','q=null;sort=recommend;page=0;size=12'),(910,'2025-10-17 18:12:54','69391DC06F5C26C6CC4D2465DF76DB4B',NULL,24,NULL,NULL,'VIEW_VENDOR_LIST','q=null;sort=recommend;page=0;size=12'),(911,'2025-10-17 18:12:55','69391DC06F5C26C6CC4D2465DF76DB4B',NULL,24,NULL,NULL,'VIEW_VENDOR_LIST','q=null;sort=recommend;page=0;size=12'),(912,'2025-10-17 18:12:55','69391DC06F5C26C6CC4D2465DF76DB4B',NULL,24,NULL,NULL,'VIEW_VENDOR_LIST','q=null;sort=recommend;page=0;size=12'),(913,'2025-10-17 18:12:55','69391DC06F5C26C6CC4D2465DF76DB4B',NULL,24,NULL,NULL,'VIEW_VENDOR_LIST','q=null;sort=recommend;page=0;size=12'),(914,'2025-10-17 18:12:55','69391DC06F5C26C6CC4D2465DF76DB4B',NULL,24,NULL,NULL,'VIEW_VENDOR_LIST','q=null;sort=recommend;page=0;size=12'),(915,'2025-10-17 18:12:55','69391DC06F5C26C6CC4D2465DF76DB4B',NULL,24,NULL,NULL,'VIEW_VENDOR_LIST','q=null;sort=recommend;page=0;size=12'),(916,'2025-10-17 18:12:55','69391DC06F5C26C6CC4D2465DF76DB4B',NULL,24,NULL,NULL,'VIEW_VENDOR_LIST','q=null;sort=recommend;page=0;size=12'),(917,'2025-10-17 18:12:55','69391DC06F5C26C6CC4D2465DF76DB4B',NULL,24,NULL,NULL,'VIEW_VENDOR_LIST','q=null;sort=recommend;page=0;size=12'),(918,'2025-10-17 18:12:55','69391DC06F5C26C6CC4D2465DF76DB4B',NULL,24,NULL,NULL,'VIEW_VENDOR_LIST','q=null;sort=recommend;page=0;size=12'),(919,'2025-10-17 18:12:56','69391DC06F5C26C6CC4D2465DF76DB4B',NULL,24,NULL,NULL,'VIEW_VENDOR_LIST','q=null;sort=recommend;page=0;size=12'),(920,'2025-10-17 18:12:56','69391DC06F5C26C6CC4D2465DF76DB4B',NULL,24,NULL,NULL,'VIEW_VENDOR_LIST','q=null;sort=recommend;page=0;size=12'),(921,'2025-10-17 18:12:56','69391DC06F5C26C6CC4D2465DF76DB4B',NULL,24,NULL,NULL,'VIEW_VENDOR_LIST','q=null;sort=recommend;page=0;size=12'),(922,'2025-10-17 18:13:16','69391DC06F5C26C6CC4D2465DF76DB4B',NULL,2,NULL,NULL,'VIEW_VENDOR_LIST','q=null;sort=recommend;page=0;size=12'),(923,'2025-10-17 18:13:26','32882005B1A23206AEC4494232FC7233',NULL,9416,NULL,NULL,'VIEW_VENDOR_LIST','q=null;sort=recommend;page=0;size=12'),(924,'2025-10-17 18:13:29','32882005B1A23206AEC4494232FC7233',NULL,25,NULL,NULL,'VIEW_VENDOR_LIST','q=null;sort=recommend;page=0;size=12'),(925,'2025-10-17 18:13:32','32882005B1A23206AEC4494232FC7233',NULL,24,NULL,NULL,'VIEW_VENDOR_LIST','q=null;sort=recommend;page=0;size=12'),(926,'2025-10-17 18:13:47','32882005B1A23206AEC4494232FC7233',NULL,24,NULL,NULL,'VIEW_VENDOR_LIST','q=null;sort=recommend;page=0;size=12'),(927,'2025-10-17 18:13:59','32882005B1A23206AEC4494232FC7233',NULL,24,NULL,NULL,'VIEW_VENDOR_LIST','q=null;sort=recommend;page=0;size=12'),(928,'2025-10-17 18:15:17','CF744B7859E4F013BED2AABF93775ECB',NULL,24,NULL,NULL,'VIEW_VENDOR_LIST','q=null;sort=recommend;page=0;size=12'),(929,'2025-10-17 18:15:31','CF744B7859E4F013BED2AABF93775ECB',NULL,24,NULL,NULL,'VIEW_VENDOR_LIST','q=null;sort=recommend;page=0;size=12'),(930,'2025-10-17 18:17:31','2CA58AB9917157523D3B4A769B105929',NULL,24,NULL,NULL,'VIEW_VENDOR_LIST','q=null;sort=recommend;page=0;size=12'),(931,'2025-10-17 18:18:06','2CA58AB9917157523D3B4A769B105929',NULL,24,NULL,NULL,'VIEW_VENDOR_LIST','q=null;sort=recommend;page=0;size=12'),(932,'2025-10-17 20:24:38','B617C69AE42EE50FE0619669CFDB2554',NULL,9416,NULL,NULL,'VIEW_VENDOR_LIST','q=null;sort=recommend;page=0;size=12'),(933,'2025-10-17 20:24:41','B617C69AE42EE50FE0619669CFDB2554',NULL,9416,NULL,NULL,'VIEW_VENDOR_LIST','q=null;sort=recommend;page=0;size=12'),(934,'2025-10-17 20:24:45','B617C69AE42EE50FE0619669CFDB2554',NULL,21,NULL,NULL,'VIEW_VENDOR_LIST','q=null;sort=recommend;page=0;size=12'),(935,'2025-10-17 20:24:50','B617C69AE42EE50FE0619669CFDB2554',NULL,2,NULL,NULL,'VIEW_VENDOR_LIST','q=null;sort=recommend;page=0;size=12'),(936,'2025-10-17 20:25:00','B617C69AE42EE50FE0619669CFDB2554',NULL,24,NULL,NULL,'VIEW_VENDOR_LIST','q=null;sort=recommend;page=0;size=12'),(937,'2025-10-17 20:36:34','CDBD35C68229C3628958DEA710425AC7',NULL,9416,NULL,NULL,'VIEW_VENDOR_LIST','q=null;sort=recommend;page=0;size=12'),(938,'2025-10-17 20:36:38','CDBD35C68229C3628958DEA710425AC7',NULL,9416,NULL,NULL,'VIEW_VENDOR_LIST','q=null;sort=recommend;page=0;size=12'),(939,'2025-10-17 20:36:42','CDBD35C68229C3628958DEA710425AC7',NULL,9411,NULL,NULL,'VIEW_VENDOR_LIST','q=null;sort=recommend;page=0;size=12'),(940,'2025-10-17 20:36:46','CDBD35C68229C3628958DEA710425AC7',NULL,24,NULL,NULL,'VIEW_VENDOR_LIST','q=null;sort=recommend;page=0;size=12'),(941,'2025-10-17 20:37:27','CDBD35C68229C3628958DEA710425AC7',NULL,24,NULL,NULL,'VIEW_VENDOR_LIST','q=null;sort=recommend;page=0;size=12'),(942,'2025-10-17 20:37:31','CDBD35C68229C3628958DEA710425AC7',NULL,24,NULL,NULL,'VIEW_VENDOR_LIST','q=null;sort=recommend;page=0;size=12'),(943,'2025-10-17 20:42:11','279A3D746C1ADF3852C22F71D0824B41',NULL,21,NULL,NULL,'VIEW_VENDOR_LIST','q=null;sort=recommend;page=0;size=12'),(944,'2025-10-17 20:42:13','279A3D746C1ADF3852C22F71D0824B41',NULL,24,NULL,NULL,'VIEW_VENDOR_LIST','q=null;sort=recommend;page=0;size=12'),(945,'2025-10-18 14:53:37','A7EC2600F966344CAF108128596D4F29',NULL,9416,NULL,NULL,'VIEW_VENDOR_LIST','q=null;sort=recommend;page=0;size=12'),(946,'2025-10-18 14:53:43','A7EC2600F966344CAF108128596D4F29',NULL,24,NULL,NULL,'VIEW_VENDOR_LIST','q=null;sort=recommend;page=0;size=12'),(947,'2025-10-18 14:57:37','52279A706A98FC156C92EA56FFC282E9',NULL,24,NULL,NULL,'VIEW_VENDOR_LIST','q=null;sort=recommend;page=0;size=12'),(948,'2025-10-18 15:49:04','8815EDB829EBA37A90A07F67E643AEA1',NULL,21,NULL,NULL,'VIEW_VENDOR_LIST','q=null;sort=recommend;page=0;size=12'),(949,'2025-10-18 15:49:12','8815EDB829EBA37A90A07F67E643AEA1',NULL,24,NULL,NULL,'VIEW_VENDOR_LIST','q=null;sort=recommend;page=0;size=12'),(950,'2025-10-18 17:00:24','750D5C1292955FA166E49236CA43A817',NULL,25,NULL,NULL,'VIEW_VENDOR_LIST','q=null;sort=recommend;page=0;size=12'),(951,'2025-10-18 17:00:29','750D5C1292955FA166E49236CA43A817',NULL,25,NULL,NULL,'VIEW_VENDOR_LIST','q=null;sort=recommend;page=0;size=12'),(952,'2025-10-18 17:00:32','750D5C1292955FA166E49236CA43A817',NULL,24,NULL,NULL,'VIEW_VENDOR_LIST','q=null;sort=recommend;page=0;size=12'),(953,'2025-10-18 17:11:42','3A88EB32331388BBD1625F0575351B29',NULL,9416,NULL,NULL,'VIEW_VENDOR_LIST','q=null;sort=recommend;page=0;size=12'),(954,'2025-10-18 17:11:47','3A88EB32331388BBD1625F0575351B29',NULL,24,NULL,NULL,'VIEW_VENDOR_LIST','q=null;sort=recommend;page=0;size=12'),(955,'2025-10-18 17:46:27','8061C438B80A1F874275F3A3A0547FD6',NULL,24,NULL,NULL,'VIEW_VENDOR_LIST','q=null;sort=recommend;page=0;size=12'),(956,'2025-10-18 17:46:54','8061C438B80A1F874275F3A3A0547FD6',NULL,24,NULL,NULL,'VIEW_VENDOR_LIST','q=null;sort=recommend;page=0;size=12'),(957,'2025-10-18 17:46:56','8061C438B80A1F874275F3A3A0547FD6',NULL,23,NULL,NULL,'VIEW_VENDOR_LIST','q=null;sort=recommend;page=0;size=12'),(958,'2025-10-18 17:47:04','8061C438B80A1F874275F3A3A0547FD6',NULL,23,NULL,NULL,'VIEW_VENDOR_LIST','q=null;sort=recommend;page=0;size=12'),(959,'2025-10-18 17:52:44','F5F50176204B2DFE48A9B8FD20687D1C',NULL,9416,NULL,NULL,'VIEW_VENDOR_LIST','q=null;sort=recommend;page=0;size=12'),(960,'2025-10-18 17:52:47','F5F50176204B2DFE48A9B8FD20687D1C',NULL,9416,NULL,NULL,'VIEW_VENDOR_LIST','q=null;sort=recommend;page=0;size=12'),(961,'2025-10-18 18:12:23','E3FB7570376E54656A0B1D96089D5775',NULL,9413,NULL,NULL,'VIEW_VENDOR_LIST','q=null;sort=recommend;page=0;size=12'),(962,'2025-10-18 18:12:26','E3FB7570376E54656A0B1D96089D5775',NULL,25,NULL,NULL,'VIEW_VENDOR_LIST','q=null;sort=recommend;page=0;size=12'),(963,'2025-10-18 18:12:28','E3FB7570376E54656A0B1D96089D5775',NULL,25,NULL,NULL,'VIEW_VENDOR_LIST','q=null;sort=recommend;page=0;size=12'),(964,'2025-10-18 18:12:31','E3FB7570376E54656A0B1D96089D5775',NULL,24,NULL,NULL,'VIEW_VENDOR_LIST','q=null;sort=recommend;page=0;size=12'),(965,'2025-10-19 01:06:37','2D2D0184910E4C61BD98BFF03198299F',NULL,2,NULL,NULL,'VIEW_VENDOR_LIST','q=null;sort=recommend;page=0;size=12'),(966,'2025-10-19 01:06:42','2D2D0184910E4C61BD98BFF03198299F',NULL,24,NULL,NULL,'VIEW_VENDOR_LIST','q=null;sort=recommend;page=0;size=12'),(967,'2025-10-19 16:58:07','7DF8E67AA793623EB6AFF376DA7B5112',NULL,24,NULL,NULL,'VIEW_VENDOR_LIST','q=null;sort=recommend;page=0;size=12'),(968,'2025-10-19 16:58:31','7DF8E67AA793623EB6AFF376DA7B5112',NULL,2,NULL,NULL,'VIEW_VENDOR_LIST','q=null;sort=recommend;page=0;size=12'),(969,'2025-10-19 16:58:36','7DF8E67AA793623EB6AFF376DA7B5112',NULL,24,NULL,NULL,'VIEW_VENDOR_LIST','q=null;sort=recommend;page=0;size=12'),(970,'2025-10-19 17:52:26','AA0B67C1ABC3CDD4971554F8FF25A5EE',NULL,9415,NULL,NULL,'VIEW_VENDOR_LIST','q=null;sort=recommend;page=0;size=12'),(971,'2025-10-19 17:52:31','AA0B67C1ABC3CDD4971554F8FF25A5EE',NULL,9415,NULL,NULL,'VIEW_VENDOR_LIST','q=null;sort=recommend;page=0;size=12'),(972,'2025-10-19 17:52:34','AA0B67C1ABC3CDD4971554F8FF25A5EE',NULL,9415,NULL,NULL,'VIEW_VENDOR_LIST','q=null;sort=recommend;page=0;size=12'),(973,'2025-10-19 17:52:53','AA0B67C1ABC3CDD4971554F8FF25A5EE',NULL,9415,NULL,NULL,'VIEW_VENDOR_LIST','q=null;sort=recommend;page=0;size=12'),(974,'2025-10-19 17:52:58','AA0B67C1ABC3CDD4971554F8FF25A5EE',NULL,9415,NULL,NULL,'VIEW_VENDOR_LIST','q=null;sort=recommend;page=0;size=12'),(975,'2025-10-19 17:53:31','AA0B67C1ABC3CDD4971554F8FF25A5EE',NULL,9415,NULL,NULL,'VIEW_VENDOR_LIST','q=null;sort=recommend;page=0;size=12'),(976,'2025-10-19 17:53:31','AA0B67C1ABC3CDD4971554F8FF25A5EE',NULL,9415,NULL,NULL,'VIEW_VENDOR_LIST','q=null;sort=recommend;page=0;size=12'),(977,'2025-10-19 17:53:33','AA0B67C1ABC3CDD4971554F8FF25A5EE',NULL,9415,NULL,NULL,'VIEW_VENDOR_LIST','q=null;sort=recommend;page=0;size=12'),(978,'2025-10-19 17:53:35','AA0B67C1ABC3CDD4971554F8FF25A5EE',NULL,9416,NULL,NULL,'VIEW_VENDOR_LIST','q=null;sort=recommend;page=0;size=12'),(979,'2025-10-19 17:55:00','AA0B67C1ABC3CDD4971554F8FF25A5EE',NULL,9416,NULL,NULL,'VIEW_VENDOR_LIST','q=null;sort=recommend;page=0;size=12'),(980,'2025-10-19 17:55:06','AA0B67C1ABC3CDD4971554F8FF25A5EE',NULL,9416,NULL,NULL,'VIEW_VENDOR_LIST','q=null;sort=recommend;page=0;size=12'),(981,'2025-10-19 17:55:08','AA0B67C1ABC3CDD4971554F8FF25A5EE',NULL,9417,NULL,NULL,'VIEW_VENDOR_LIST','q=null;sort=recommend;page=0;size=12'),(982,'2025-10-19 17:55:42','AA0B67C1ABC3CDD4971554F8FF25A5EE',NULL,9417,NULL,NULL,'VIEW_VENDOR_LIST','q=null;sort=recommend;page=0;size=12'),(983,'2025-10-19 17:56:02','AA0B67C1ABC3CDD4971554F8FF25A5EE',NULL,9417,NULL,NULL,'VIEW_VENDOR_LIST','q=null;sort=recommend;page=0;size=12'),(984,'2025-10-19 17:56:04','AA0B67C1ABC3CDD4971554F8FF25A5EE',NULL,30,NULL,NULL,'VIEW_VENDOR_LIST','q=null;sort=recommend;page=0;size=12'),(985,'2025-10-19 17:56:33','AA0B67C1ABC3CDD4971554F8FF25A5EE',NULL,30,NULL,NULL,'VIEW_VENDOR_LIST','q=null;sort=recommend;page=0;size=12'),(986,'2025-10-19 17:56:34','AA0B67C1ABC3CDD4971554F8FF25A5EE',NULL,30,NULL,NULL,'VIEW_VENDOR_LIST','q=null;sort=recommend;page=0;size=12'),(987,'2025-10-19 17:56:48','AA0B67C1ABC3CDD4971554F8FF25A5EE',NULL,30,NULL,NULL,'VIEW_VENDOR_LIST','q=null;sort=recommend;page=0;size=12'),(988,'2025-10-19 17:56:50','AA0B67C1ABC3CDD4971554F8FF25A5EE',NULL,9419,NULL,NULL,'VIEW_VENDOR_LIST','q=null;sort=recommend;page=0;size=12'),(989,'2025-10-19 17:57:12','AA0B67C1ABC3CDD4971554F8FF25A5EE',NULL,9419,NULL,NULL,'VIEW_VENDOR_LIST','q=null;sort=recommend;page=0;size=12'),(990,'2025-10-19 17:57:14','AA0B67C1ABC3CDD4971554F8FF25A5EE',NULL,32,NULL,NULL,'VIEW_VENDOR_LIST','q=null;sort=recommend;page=0;size=12'),(991,'2025-10-19 17:57:38','AA0B67C1ABC3CDD4971554F8FF25A5EE',NULL,32,NULL,NULL,'VIEW_VENDOR_LIST','q=null;sort=recommend;page=0;size=12'),(992,'2025-10-19 17:57:40','AA0B67C1ABC3CDD4971554F8FF25A5EE',NULL,9418,NULL,NULL,'VIEW_VENDOR_LIST','q=null;sort=recommend;page=0;size=12'),(993,'2025-10-19 17:57:42','AA0B67C1ABC3CDD4971554F8FF25A5EE',NULL,10,NULL,NULL,'VIEW_VENDOR_LIST','q=null;sort=recommend;page=0;size=12'),(994,'2025-10-19 17:57:44','AA0B67C1ABC3CDD4971554F8FF25A5EE',NULL,9414,NULL,NULL,'VIEW_VENDOR_LIST','q=null;sort=recommend;page=0;size=12'),(995,'2025-10-19 17:58:13','AA0B67C1ABC3CDD4971554F8FF25A5EE',NULL,9414,NULL,NULL,'VIEW_VENDOR_LIST','q=null;sort=recommend;page=0;size=12'),(996,'2025-10-19 17:58:20','AA0B67C1ABC3CDD4971554F8FF25A5EE',NULL,9414,NULL,NULL,'VIEW_VENDOR_LIST','q=null;sort=recommend;page=0;size=12'),(997,'2025-10-19 17:58:22','AA0B67C1ABC3CDD4971554F8FF25A5EE',NULL,9414,NULL,NULL,'VIEW_VENDOR_LIST','q=null;sort=recommend;page=0;size=12'),(998,'2025-10-19 17:58:28','AA0B67C1ABC3CDD4971554F8FF25A5EE',NULL,9414,NULL,NULL,'VIEW_VENDOR_LIST','q=null;sort=recommend;page=0;size=12'),(999,'2025-10-19 17:58:34','AA0B67C1ABC3CDD4971554F8FF25A5EE',NULL,9414,NULL,NULL,'VIEW_VENDOR_LIST','q=null;sort=recommend;page=0;size=12'),(1000,'2025-10-19 17:58:40','AA0B67C1ABC3CDD4971554F8FF25A5EE',NULL,9414,NULL,NULL,'VIEW_VENDOR_LIST','q=null;sort=recommend;page=0;size=12'),(1001,'2025-10-19 17:58:44','AA0B67C1ABC3CDD4971554F8FF25A5EE',NULL,9412,NULL,NULL,'VIEW_VENDOR_LIST','q=null;sort=recommend;page=0;size=12'),(1002,'2025-10-19 17:59:06','AA0B67C1ABC3CDD4971554F8FF25A5EE',NULL,9412,NULL,NULL,'VIEW_VENDOR_LIST','q=null;sort=recommend;page=0;size=12'),(1003,'2025-10-19 17:59:11','AA0B67C1ABC3CDD4971554F8FF25A5EE',NULL,27,NULL,NULL,'VIEW_VENDOR_LIST','q=null;sort=recommend;page=0;size=12'),(1004,'2025-10-19 17:59:14','AA0B67C1ABC3CDD4971554F8FF25A5EE',NULL,29,NULL,NULL,'VIEW_VENDOR_LIST','q=null;sort=recommend;page=0;size=12'),(1005,'2025-10-19 17:59:32','AA0B67C1ABC3CDD4971554F8FF25A5EE',NULL,29,NULL,NULL,'VIEW_VENDOR_LIST','q=null;sort=recommend;page=0;size=12'),(1006,'2025-10-19 17:59:35','AA0B67C1ABC3CDD4971554F8FF25A5EE',NULL,9411,NULL,NULL,'VIEW_VENDOR_LIST','q=null;sort=recommend;page=0;size=12'),(1007,'2025-10-19 18:00:15','AA0B67C1ABC3CDD4971554F8FF25A5EE',NULL,24,NULL,NULL,'VIEW_VENDOR_LIST','q=null;sort=recommend;page=0;size=12'),(1008,'2025-10-19 18:01:37','AA0B67C1ABC3CDD4971554F8FF25A5EE',NULL,24,NULL,NULL,'VIEW_VENDOR_LIST','q=null;sort=recommend;page=0;size=12'),(1009,'2025-10-19 18:01:42','AA0B67C1ABC3CDD4971554F8FF25A5EE',NULL,26,NULL,NULL,'VIEW_VENDOR_LIST','q=null;sort=recommend;page=0;size=12'),(1010,'2025-10-19 18:01:44','AA0B67C1ABC3CDD4971554F8FF25A5EE',NULL,24,NULL,NULL,'VIEW_VENDOR_LIST','q=null;sort=recommend;page=0;size=12'),(1011,'2025-10-19 18:01:46','AA0B67C1ABC3CDD4971554F8FF25A5EE',NULL,22,NULL,NULL,'VIEW_VENDOR_LIST','q=null;sort=recommend;page=0;size=12'),(1012,'2025-10-19 18:02:24','AA0B67C1ABC3CDD4971554F8FF25A5EE',NULL,22,NULL,NULL,'VIEW_VENDOR_LIST','q=null;sort=recommend;page=0;size=12'),(1013,'2025-10-19 18:02:27','AA0B67C1ABC3CDD4971554F8FF25A5EE',NULL,9415,NULL,NULL,'VIEW_VENDOR_LIST','q=null;sort=recommend;page=0;size=12'),(1014,'2025-10-19 18:02:29','AA0B67C1ABC3CDD4971554F8FF25A5EE',NULL,9416,NULL,NULL,'VIEW_VENDOR_LIST','q=null;sort=recommend;page=0;size=12'),(1015,'2025-10-19 18:02:31','AA0B67C1ABC3CDD4971554F8FF25A5EE',NULL,9417,NULL,NULL,'VIEW_VENDOR_LIST','q=null;sort=recommend;page=0;size=12'),(1016,'2025-10-19 18:02:32','AA0B67C1ABC3CDD4971554F8FF25A5EE',NULL,30,NULL,NULL,'VIEW_VENDOR_LIST','q=null;sort=recommend;page=0;size=12'),(1017,'2025-10-19 18:02:34','AA0B67C1ABC3CDD4971554F8FF25A5EE',NULL,10,NULL,NULL,'VIEW_VENDOR_LIST','q=null;sort=recommend;page=0;size=12'),(1018,'2025-10-19 18:02:36','AA0B67C1ABC3CDD4971554F8FF25A5EE',NULL,9418,NULL,NULL,'VIEW_VENDOR_LIST','q=null;sort=recommend;page=0;size=12'),(1019,'2025-10-19 18:02:39','AA0B67C1ABC3CDD4971554F8FF25A5EE',NULL,9418,NULL,NULL,'VIEW_VENDOR_LIST','q=null;sort=recommend;page=0;size=12'),(1020,'2025-10-19 18:02:41','AA0B67C1ABC3CDD4971554F8FF25A5EE',NULL,32,NULL,NULL,'VIEW_VENDOR_LIST','q=null;sort=recommend;page=0;size=12'),(1021,'2025-10-19 18:02:42','AA0B67C1ABC3CDD4971554F8FF25A5EE',NULL,9419,NULL,NULL,'VIEW_VENDOR_LIST','q=null;sort=recommend;page=0;size=12'),(1022,'2025-10-19 18:02:44','AA0B67C1ABC3CDD4971554F8FF25A5EE',NULL,9414,NULL,NULL,'VIEW_VENDOR_LIST','q=null;sort=recommend;page=0;size=12'),(1023,'2025-10-19 18:02:46','AA0B67C1ABC3CDD4971554F8FF25A5EE',NULL,9413,NULL,NULL,'VIEW_VENDOR_LIST','q=null;sort=recommend;page=0;size=12'),(1024,'2025-10-19 18:02:47','AA0B67C1ABC3CDD4971554F8FF25A5EE',NULL,9412,NULL,NULL,'VIEW_VENDOR_LIST','q=null;sort=recommend;page=0;size=12'),(1025,'2025-10-19 18:02:48','AA0B67C1ABC3CDD4971554F8FF25A5EE',NULL,27,NULL,NULL,'VIEW_VENDOR_LIST','q=null;sort=recommend;page=0;size=12'),(1026,'2025-10-19 18:02:50','AA0B67C1ABC3CDD4971554F8FF25A5EE',NULL,9411,NULL,NULL,'VIEW_VENDOR_LIST','q=null;sort=recommend;page=0;size=12'),(1027,'2025-10-19 18:02:51','AA0B67C1ABC3CDD4971554F8FF25A5EE',NULL,28,NULL,NULL,'VIEW_VENDOR_LIST','q=null;sort=recommend;page=0;size=12'),(1028,'2025-10-19 18:02:52','AA0B67C1ABC3CDD4971554F8FF25A5EE',NULL,28,NULL,NULL,'VIEW_VENDOR_LIST','q=null;sort=recommend;page=0;size=12'),(1029,'2025-10-19 18:03:25','AA0B67C1ABC3CDD4971554F8FF25A5EE',NULL,28,NULL,NULL,'VIEW_VENDOR_LIST','q=null;sort=recommend;page=0;size=12'),(1030,'2025-10-19 18:03:26','AA0B67C1ABC3CDD4971554F8FF25A5EE',NULL,28,NULL,NULL,'VIEW_VENDOR_LIST','q=null;sort=recommend;page=0;size=12'),(1031,'2025-10-19 18:03:27','AA0B67C1ABC3CDD4971554F8FF25A5EE',NULL,28,NULL,NULL,'VIEW_VENDOR_LIST','q=null;sort=recommend;page=0;size=12'),(1032,'2025-10-19 18:03:27','AA0B67C1ABC3CDD4971554F8FF25A5EE',NULL,28,NULL,NULL,'VIEW_VENDOR_LIST','q=null;sort=recommend;page=0;size=12'),(1033,'2025-10-19 18:03:27','AA0B67C1ABC3CDD4971554F8FF25A5EE',NULL,28,NULL,NULL,'VIEW_VENDOR_LIST','q=null;sort=recommend;page=0;size=12'),(1034,'2025-10-19 18:03:27','AA0B67C1ABC3CDD4971554F8FF25A5EE',NULL,28,NULL,NULL,'VIEW_VENDOR_LIST','q=null;sort=recommend;page=0;size=12'),(1035,'2025-10-19 18:03:27','AA0B67C1ABC3CDD4971554F8FF25A5EE',NULL,28,NULL,NULL,'VIEW_VENDOR_LIST','q=null;sort=recommend;page=0;size=12'),(1036,'2025-10-19 18:03:40','AA0B67C1ABC3CDD4971554F8FF25A5EE',NULL,28,NULL,NULL,'VIEW_VENDOR_LIST','q=null;sort=recommend;page=0;size=12'),(1037,'2025-10-19 18:03:40','AA0B67C1ABC3CDD4971554F8FF25A5EE',NULL,28,NULL,NULL,'VIEW_VENDOR_LIST','q=null;sort=recommend;page=0;size=12'),(1038,'2025-10-19 18:03:44','AA0B67C1ABC3CDD4971554F8FF25A5EE',NULL,27,NULL,NULL,'VIEW_VENDOR_LIST','q=null;sort=recommend;page=0;size=12'),(1039,'2025-10-19 18:03:46','AA0B67C1ABC3CDD4971554F8FF25A5EE',NULL,9411,NULL,NULL,'VIEW_VENDOR_LIST','q=null;sort=recommend;page=0;size=12'),(1040,'2025-10-19 18:03:47','AA0B67C1ABC3CDD4971554F8FF25A5EE',NULL,28,NULL,NULL,'VIEW_VENDOR_LIST','q=null;sort=recommend;page=0;size=12'),(1041,'2025-10-19 18:03:48','AA0B67C1ABC3CDD4971554F8FF25A5EE',NULL,9410,NULL,NULL,'VIEW_VENDOR_LIST','q=null;sort=recommend;page=0;size=12'),(1042,'2025-10-19 18:03:51','AA0B67C1ABC3CDD4971554F8FF25A5EE',NULL,19,NULL,NULL,'VIEW_VENDOR_LIST','q=null;sort=recommend;page=0;size=12'),(1043,'2025-10-19 18:03:54','AA0B67C1ABC3CDD4971554F8FF25A5EE',NULL,25,NULL,NULL,'VIEW_VENDOR_LIST','q=null;sort=recommend;page=0;size=12'),(1044,'2025-10-19 18:03:56','AA0B67C1ABC3CDD4971554F8FF25A5EE',NULL,8,NULL,NULL,'VIEW_VENDOR_LIST','q=null;sort=recommend;page=0;size=12'),(1045,'2025-10-19 18:04:24','AA0B67C1ABC3CDD4971554F8FF25A5EE',NULL,8,NULL,NULL,'VIEW_VENDOR_LIST','q=null;sort=recommend;page=0;size=12'),(1046,'2025-10-19 18:04:29','AA0B67C1ABC3CDD4971554F8FF25A5EE',NULL,18,NULL,NULL,'VIEW_VENDOR_LIST','q=null;sort=recommend;page=0;size=12'),(1047,'2025-10-19 18:04:33','AA0B67C1ABC3CDD4971554F8FF25A5EE',NULL,18,NULL,NULL,'VIEW_VENDOR_LIST','q=null;sort=recommend;page=0;size=12'),(1048,'2025-10-19 18:04:36','AA0B67C1ABC3CDD4971554F8FF25A5EE',NULL,17,NULL,NULL,'VIEW_VENDOR_LIST','q=null;sort=recommend;page=0;size=12'),(1049,'2025-10-19 18:04:38','AA0B67C1ABC3CDD4971554F8FF25A5EE',NULL,21,NULL,NULL,'VIEW_VENDOR_LIST','q=null;sort=recommend;page=0;size=12'),(1050,'2025-10-19 18:04:41','AA0B67C1ABC3CDD4971554F8FF25A5EE',NULL,9409,NULL,NULL,'VIEW_VENDOR_LIST','q=null;sort=recommend;page=0;size=12'),(1051,'2025-10-19 18:05:23','AA0B67C1ABC3CDD4971554F8FF25A5EE',NULL,9409,NULL,NULL,'VIEW_VENDOR_LIST','q=null;sort=recommend;page=0;size=12'),(1052,'2025-10-19 18:05:23','AA0B67C1ABC3CDD4971554F8FF25A5EE',NULL,9409,NULL,NULL,'VIEW_VENDOR_LIST','q=null;sort=recommend;page=0;size=12'),(1053,'2025-10-19 18:05:23','AA0B67C1ABC3CDD4971554F8FF25A5EE',NULL,9409,NULL,NULL,'VIEW_VENDOR_LIST','q=null;sort=recommend;page=0;size=12'),(1054,'2025-10-19 18:05:30','AA0B67C1ABC3CDD4971554F8FF25A5EE',NULL,7,NULL,NULL,'VIEW_VENDOR_LIST','q=null;sort=recommend;page=0;size=12'),(1055,'2025-10-19 18:05:33','AA0B67C1ABC3CDD4971554F8FF25A5EE',NULL,9409,NULL,NULL,'VIEW_VENDOR_LIST','q=null;sort=recommend;page=0;size=12'),(1056,'2025-10-19 18:05:35','AA0B67C1ABC3CDD4971554F8FF25A5EE',NULL,7,NULL,NULL,'VIEW_VENDOR_LIST','q=null;sort=recommend;page=0;size=12'),(1057,'2025-10-19 18:05:53','AA0B67C1ABC3CDD4971554F8FF25A5EE',NULL,7,NULL,NULL,'VIEW_VENDOR_LIST','q=null;sort=recommend;page=0;size=12'),(1058,'2025-10-19 18:05:57','AA0B67C1ABC3CDD4971554F8FF25A5EE',NULL,7,NULL,NULL,'VIEW_VENDOR_LIST','q=null;sort=recommend;page=0;size=12'),(1059,'2025-10-19 18:06:50','AA0B67C1ABC3CDD4971554F8FF25A5EE',NULL,7,NULL,NULL,'VIEW_VENDOR_LIST','q=null;sort=recommend;page=0;size=12'),(1060,'2025-10-19 18:06:52','AA0B67C1ABC3CDD4971554F8FF25A5EE',NULL,7,NULL,NULL,'VIEW_VENDOR_LIST','q=null;sort=recommend;page=0;size=12'),(1061,'2025-10-19 18:06:53','AA0B67C1ABC3CDD4971554F8FF25A5EE',NULL,7,NULL,NULL,'VIEW_VENDOR_LIST','q=null;sort=recommend;page=0;size=12'),(1062,'2025-10-19 18:06:57','AA0B67C1ABC3CDD4971554F8FF25A5EE',NULL,26,NULL,NULL,'VIEW_VENDOR_LIST','q=null;sort=recommend;page=0;size=12'),(1063,'2025-10-19 18:06:59','AA0B67C1ABC3CDD4971554F8FF25A5EE',NULL,24,NULL,NULL,'VIEW_VENDOR_LIST','q=null;sort=recommend;page=0;size=12'),(1064,'2025-10-19 18:09:15','AA0B67C1ABC3CDD4971554F8FF25A5EE',NULL,24,NULL,NULL,'VIEW_VENDOR_LIST','q=null;sort=recommend;page=0;size=12'),(1065,'2025-10-19 18:09:20','AA0B67C1ABC3CDD4971554F8FF25A5EE',NULL,24,NULL,NULL,'VIEW_VENDOR_LIST','q=null;sort=recommend;page=0;size=12'),(1066,'2025-10-19 18:09:22','AA0B67C1ABC3CDD4971554F8FF25A5EE',NULL,22,NULL,NULL,'VIEW_VENDOR_LIST','q=null;sort=recommend;page=0;size=12'),(1067,'2025-10-19 18:09:54','AA0B67C1ABC3CDD4971554F8FF25A5EE',NULL,22,NULL,NULL,'VIEW_VENDOR_LIST','q=null;sort=recommend;page=0;size=12'),(1068,'2025-10-19 18:10:01','AA0B67C1ABC3CDD4971554F8FF25A5EE',NULL,23,NULL,NULL,'VIEW_VENDOR_LIST','q=null;sort=recommend;page=0;size=12'),(1069,'2025-10-19 18:10:16','AA0B67C1ABC3CDD4971554F8FF25A5EE',NULL,23,NULL,NULL,'VIEW_VENDOR_LIST','q=null;sort=recommend;page=0;size=12'),(1070,'2025-10-19 18:10:21','AA0B67C1ABC3CDD4971554F8FF25A5EE',NULL,13,NULL,NULL,'VIEW_VENDOR_LIST','q=null;sort=recommend;page=0;size=12'),(1071,'2025-10-19 18:10:24','AA0B67C1ABC3CDD4971554F8FF25A5EE',NULL,2,NULL,NULL,'VIEW_VENDOR_LIST','q=null;sort=recommend;page=0;size=12'),(1072,'2025-10-19 18:10:26','AA0B67C1ABC3CDD4971554F8FF25A5EE',NULL,11,NULL,NULL,'VIEW_VENDOR_LIST','q=null;sort=recommend;page=0;size=12'),(1073,'2025-10-19 18:10:28','AA0B67C1ABC3CDD4971554F8FF25A5EE',NULL,15,NULL,NULL,'VIEW_VENDOR_LIST','q=null;sort=recommend;page=0;size=12'),(1074,'2025-10-19 18:10:46','AA0B67C1ABC3CDD4971554F8FF25A5EE',NULL,15,NULL,NULL,'VIEW_VENDOR_LIST','q=null;sort=recommend;page=0;size=12'),(1075,'2025-10-19 18:10:52','AA0B67C1ABC3CDD4971554F8FF25A5EE',NULL,9407,NULL,NULL,'VIEW_VENDOR_LIST','q=null;sort=recommend;page=0;size=12'),(1076,'2025-10-19 18:11:11','AA0B67C1ABC3CDD4971554F8FF25A5EE',NULL,9407,NULL,NULL,'VIEW_VENDOR_LIST','q=null;sort=recommend;page=0;size=12'),(1077,'2025-10-19 18:11:16','AA0B67C1ABC3CDD4971554F8FF25A5EE',NULL,11,NULL,NULL,'VIEW_VENDOR_LIST','q=null;sort=recommend;page=0;size=12'),(1078,'2025-10-19 18:11:19','AA0B67C1ABC3CDD4971554F8FF25A5EE',NULL,15,NULL,NULL,'VIEW_VENDOR_LIST','q=null;sort=recommend;page=0;size=12'),(1079,'2025-10-19 18:11:22','AA0B67C1ABC3CDD4971554F8FF25A5EE',NULL,9408,NULL,NULL,'VIEW_VENDOR_LIST','q=null;sort=recommend;page=0;size=12'),(1080,'2025-10-19 18:11:43','AA0B67C1ABC3CDD4971554F8FF25A5EE',NULL,9408,NULL,NULL,'VIEW_VENDOR_LIST','q=null;sort=recommend;page=0;size=12'),(1081,'2025-10-19 18:11:51','AA0B67C1ABC3CDD4971554F8FF25A5EE',NULL,9406,NULL,NULL,'VIEW_VENDOR_LIST','q=null;sort=recommend;page=0;size=12'),(1082,'2025-10-19 18:12:26','AA0B67C1ABC3CDD4971554F8FF25A5EE',NULL,9406,NULL,NULL,'VIEW_VENDOR_LIST','q=null;sort=recommend;page=0;size=12'),(1083,'2025-10-19 18:12:28','AA0B67C1ABC3CDD4971554F8FF25A5EE',NULL,12,NULL,NULL,'VIEW_VENDOR_LIST','q=null;sort=recommend;page=0;size=12'),(1084,'2025-10-19 18:13:00','AA0B67C1ABC3CDD4971554F8FF25A5EE',NULL,12,NULL,NULL,'VIEW_VENDOR_LIST','q=null;sort=recommend;page=0;size=12'),(1085,'2025-10-19 18:13:02','AA0B67C1ABC3CDD4971554F8FF25A5EE',NULL,12,NULL,NULL,'VIEW_VENDOR_LIST','q=null;sort=recommend;page=0;size=12'),(1086,'2025-10-19 18:13:04','AA0B67C1ABC3CDD4971554F8FF25A5EE',NULL,9407,NULL,NULL,'VIEW_VENDOR_LIST','q=null;sort=recommend;page=0;size=12'),(1087,'2025-10-19 18:13:09','AA0B67C1ABC3CDD4971554F8FF25A5EE',NULL,15,NULL,NULL,'VIEW_VENDOR_LIST','q=null;sort=recommend;page=0;size=12'),(1088,'2025-10-19 18:13:14','AA0B67C1ABC3CDD4971554F8FF25A5EE',NULL,11,NULL,NULL,'VIEW_VENDOR_LIST','q=null;sort=recommend;page=0;size=12'),(1089,'2025-10-19 18:13:19','AA0B67C1ABC3CDD4971554F8FF25A5EE',NULL,2,NULL,NULL,'VIEW_VENDOR_LIST','q=null;sort=recommend;page=0;size=12'),(1090,'2025-10-19 18:13:24','AA0B67C1ABC3CDD4971554F8FF25A5EE',NULL,13,NULL,NULL,'VIEW_VENDOR_LIST','q=null;sort=recommend;page=0;size=12'),(1091,'2025-10-19 18:17:48','AA0B67C1ABC3CDD4971554F8FF25A5EE',NULL,24,NULL,NULL,'VIEW_VENDOR_LIST','q=null;sort=recommend;page=0;size=12'),(1092,'2025-10-19 18:19:09','AA0B67C1ABC3CDD4971554F8FF25A5EE',NULL,24,NULL,NULL,'VIEW_VENDOR_LIST','q=null;sort=recommend;page=0;size=12'),(1093,'2025-10-19 21:57:07','6943950B34EE89A5936678CFEF3BE2B2',NULL,24,NULL,NULL,'VIEW_VENDOR_LIST','q=null;sort=recommend;page=0;size=12'),(1094,'2025-10-19 22:00:50','A89C7966A7BAF2DEE4F2F708C9F12B05',NULL,24,NULL,NULL,'VIEW_VENDOR_LIST','q=null;sort=recommend;page=0;size=12'),(1095,'2025-10-19 22:05:53','B251B03BCF3179AD278793B0A7A108C6',NULL,24,NULL,NULL,'VIEW_VENDOR_LIST','q=null;sort=recommend;page=0;size=12'),(1096,'2025-10-19 22:12:19','07D8D3EC0CD0F6843ADCC51FE991459E',NULL,24,NULL,NULL,'VIEW_VENDOR_LIST','q=null;sort=recommend;page=0;size=12'),(1097,'2025-10-19 22:17:45','AEC6C97CA3DB07B535B0443255F52F05',NULL,24,NULL,NULL,'VIEW_VENDOR_LIST','q=null;sort=recommend;page=0;size=12'),(1098,'2025-10-19 22:39:15','D5CBC2C7AC8AC8BA18509E81A73E7BD9',NULL,9413,NULL,NULL,'VIEW_VENDOR_LIST','q=null;sort=recommend;page=0;size=12'),(1099,'2025-10-19 22:39:20','D5CBC2C7AC8AC8BA18509E81A73E7BD9',NULL,24,NULL,NULL,'VIEW_VENDOR_LIST','q=null;sort=recommend;page=0;size=12');
/*!40000 ALTER TABLE `customer_event` ENABLE KEYS */;
UNLOCK TABLES;

--
-- Table structure for table `customer_profile`
--

DROP TABLE IF EXISTS `customer_profile`;
/*!40101 SET @saved_cs_client     = @@character_set_client */;
/*!50503 SET character_set_client = utf8mb4 */;
CREATE TABLE `customer_profile` (
  `id` bigint NOT NULL AUTO_INCREMENT,
  `user_id` bigint NOT NULL,
  `full_name` varchar(255) COLLATE utf8mb4_unicode_ci DEFAULT NULL,
  `dob` date DEFAULT NULL,
  `gender` enum('MALE','FEMALE','OTHER') COLLATE utf8mb4_unicode_ci DEFAULT NULL,
  `address_line` varchar(255) COLLATE utf8mb4_unicode_ci DEFAULT NULL,
  `created_at` timestamp NULL DEFAULT CURRENT_TIMESTAMP,
  `updated_at` timestamp NULL DEFAULT CURRENT_TIMESTAMP ON UPDATE CURRENT_TIMESTAMP,
  PRIMARY KEY (`id`),
  UNIQUE KEY `uk_customer_profile_user` (`user_id`),
  CONSTRAINT `fk_customer_profile_user` FOREIGN KEY (`user_id`) REFERENCES `user` (`id`) ON DELETE CASCADE
) ENGINE=InnoDB AUTO_INCREMENT=21 DEFAULT CHARSET=utf8mb4 COLLATE=utf8mb4_unicode_ci;
/*!40101 SET character_set_client = @saved_cs_client */;

--
-- Dumping data for table `customer_profile`
--

LOCK TABLES `customer_profile` WRITE;
/*!40000 ALTER TABLE `customer_profile` DISABLE KEYS */;
INSERT INTO `customer_profile` VALUES (1,1,'Nguyễn Văn A','1995-01-01','MALE','12 Lê Lợi, Hà Nội','2025-09-20 05:24:29','2025-09-20 05:24:29'),(2,2,'Trần Thị B','1996-02-02','FEMALE','34 Hai Bà Trưng, Hà Nội','2025-09-20 05:24:29','2025-09-20 05:24:29'),(3,3,'Lê Văn C','1997-03-03','MALE','56 Nguyễn Trãi, Hà Nội','2025-09-20 05:24:29','2025-09-20 05:24:29'),(4,4,'Phạm Thị D','1998-04-04','FEMALE','78 Trần Hưng Đạo, Hà Nội','2025-09-20 05:24:29','2025-09-20 05:24:29'),(5,5,'Hoàng Văn E','1994-05-05','MALE','90 Giảng Võ, Hà Nội','2025-09-20 05:24:29','2025-09-20 05:24:29'),(6,6,'Đinh Thị F','1993-06-06','FEMALE','11 Cầu Giấy, Hà Nội','2025-09-20 05:24:29','2025-09-20 05:24:29'),(7,7,'Bùi Văn G','1992-07-07','MALE','22 Tây Sơn, Hà Nội','2025-09-20 05:24:29','2025-09-20 05:24:29'),(8,8,'Đỗ Thị H','1991-08-08','FEMALE','33 Kim Mã, Hà Nội','2025-09-20 05:24:29','2025-09-20 05:24:29'),(9,9,'Vũ Văn I','1990-09-09','MALE','44 Xã Đàn, Hà Nội','2025-09-20 05:24:29','2025-09-20 05:24:29'),(10,10,'Phan Thị K','1989-10-10','FEMALE','55 Phạm Hùng, Hà Nội','2025-09-20 05:24:29','2025-09-20 05:24:29'),(11,14,'Trần Hải Việt','2004-08-09','MALE','HOÀI HƯƠNG - HOÀI NHƠN - BÌNH ĐỊNH','2025-09-21 10:05:19','2025-10-15 14:31:40'),(12,15,'Trần Hải Tũn','2001-09-11','MALE','America','2025-09-21 10:07:39','2025-09-21 10:07:39'),(13,18,'Kwon Ji Yong','2002-02-20','MALE','Hanoi','2025-09-22 03:23:40','2025-09-22 03:23:40'),(14,9101,'Nguyễn An',NULL,NULL,'Hà Nội','2025-09-27 17:51:21','2025-09-27 17:51:21'),(15,9102,'Trần Bình',NULL,NULL,'Hà Nội','2025-09-27 17:51:21','2025-09-27 17:51:21'),(16,9103,'Lê Cường',NULL,NULL,'Hà Nội','2025-09-27 17:51:21','2025-09-27 17:51:21'),(17,9104,'Trần Nam Tũn','2002-02-02','FEMALE','Hoài Đức - Hà Nội','2025-10-18 10:52:21','2025-10-18 10:52:21'),(18,9105,'JohnCena','2000-02-01','FEMALE','Thôn phố thú y - Đức Thượng - Hoài Đức - Hà Nội','2025-10-18 11:19:22','2025-10-18 11:19:22'),(19,9106,'Christon Michael Punk','2004-02-04','MALE','Hanoi','2025-10-18 11:21:03','2025-10-18 11:21:03'),(20,9107,'AAAAA','2004-03-12','MALE','Hanoi,Hanoi,Hanoi','2025-10-19 10:13:09','2025-10-19 10:13:09');
/*!40000 ALTER TABLE `customer_profile` ENABLE KEYS */;
UNLOCK TABLES;

--
-- Table structure for table `customer_wishlist`
--

DROP TABLE IF EXISTS `customer_wishlist`;
/*!40101 SET @saved_cs_client     = @@character_set_client */;
/*!50503 SET character_set_client = utf8mb4 */;
CREATE TABLE `customer_wishlist` (
  `id` bigint NOT NULL AUTO_INCREMENT,
  `customer_id` bigint NOT NULL,
  `vendor_service_id` bigint NOT NULL,
  `created_at` timestamp NULL DEFAULT CURRENT_TIMESTAMP,
  PRIMARY KEY (`id`),
  UNIQUE KEY `uk_wishlist_customer_vs` (`customer_id`,`vendor_service_id`),
  KEY `idx_wishlist_customer` (`customer_id`),
  KEY `idx_wishlist_vs` (`vendor_service_id`),
  CONSTRAINT `fk_wishlist_customer` FOREIGN KEY (`customer_id`) REFERENCES `user` (`id`) ON DELETE CASCADE,
  CONSTRAINT `fk_wishlist_vs` FOREIGN KEY (`vendor_service_id`) REFERENCES `vendor_service` (`id`) ON DELETE CASCADE
) ENGINE=InnoDB AUTO_INCREMENT=20 DEFAULT CHARSET=utf8mb4 COLLATE=utf8mb4_unicode_ci;
/*!40101 SET character_set_client = @saved_cs_client */;

--
-- Dumping data for table `customer_wishlist`
--

LOCK TABLES `customer_wishlist` WRITE;
/*!40000 ALTER TABLE `customer_wishlist` DISABLE KEYS */;
INSERT INTO `customer_wishlist` VALUES (1,14,1,'2025-10-03 03:00:00'),(2,17,2,'2025-10-03 03:01:00'),(3,18,3,'2025-10-03 03:02:00'),(4,19,4,'2025-10-03 03:03:00'),(5,20,5,'2025-10-03 03:04:00'),(6,999,6,'2025-10-03 03:05:00'),(7,9101,7,'2025-10-03 03:06:00'),(8,9102,8,'2025-10-03 03:07:00'),(9,9103,9,'2025-10-03 03:08:00'),(10,14,10,'2025-10-03 03:09:00'),(11,14,9578,'2025-10-16 10:13:16'),(12,14,9577,'2025-10-16 10:13:16'),(13,14,9575,'2025-10-16 10:13:16'),(14,14,9566,'2025-10-16 10:13:16'),(15,14,9565,'2025-10-16 10:13:16'),(16,14,9564,'2025-10-16 10:13:16'),(19,14,16,'2025-10-16 10:20:54');
/*!40000 ALTER TABLE `customer_wishlist` ENABLE KEYS */;
UNLOCK TABLES;

--
-- Table structure for table `customer_wishlist_vendor`
--

DROP TABLE IF EXISTS `customer_wishlist_vendor`;
/*!40101 SET @saved_cs_client     = @@character_set_client */;
/*!50503 SET character_set_client = utf8mb4 */;
CREATE TABLE `customer_wishlist_vendor` (
  `id` bigint NOT NULL AUTO_INCREMENT,
  `customer_id` bigint NOT NULL,
  `vendor_id` bigint NOT NULL,
  `created_at` timestamp NOT NULL DEFAULT CURRENT_TIMESTAMP,
  PRIMARY KEY (`id`),
  UNIQUE KEY `uk_cwv_customer_vendor` (`customer_id`,`vendor_id`),
  KEY `idx_cwv_customer_created` (`customer_id`,`created_at`),
  KEY `idx_cwv_vendor` (`vendor_id`),
  CONSTRAINT `fk_cwv_customer` FOREIGN KEY (`customer_id`) REFERENCES `user` (`id`) ON DELETE CASCADE,
  CONSTRAINT `fk_cwv_vendor` FOREIGN KEY (`vendor_id`) REFERENCES `user` (`id`) ON DELETE CASCADE
) ENGINE=InnoDB AUTO_INCREMENT=4 DEFAULT CHARSET=utf8mb4 COLLATE=utf8mb4_0900_ai_ci;
/*!40101 SET character_set_client = @saved_cs_client */;

--
-- Dumping data for table `customer_wishlist_vendor`
--

LOCK TABLES `customer_wishlist_vendor` WRITE;
/*!40000 ALTER TABLE `customer_wishlist_vendor` DISABLE KEYS */;
INSERT INTO `customer_wishlist_vendor` VALUES (1,14,9005,'2025-10-16 10:13:17'),(2,14,9004,'2025-10-16 10:13:17'),(3,14,9003,'2025-10-16 10:13:17');
/*!40000 ALTER TABLE `customer_wishlist_vendor` ENABLE KEYS */;
UNLOCK TABLES;

--
-- Table structure for table `payment`
--

DROP TABLE IF EXISTS `payment`;
/*!40101 SET @saved_cs_client     = @@character_set_client */;
/*!50503 SET character_set_client = utf8mb4 */;
CREATE TABLE `payment` (
  `id` bigint NOT NULL AUTO_INCREMENT,
  `user_id` bigint NOT NULL,
  `pay_target_type` enum('PRODUCT_ORDER','SERVICE_ORDER') COLLATE utf8mb4_unicode_ci NOT NULL,
  `pay_target_id` bigint NOT NULL,
  `provider` enum('COD','MOMO','STRIPE','VNPAY') COLLATE utf8mb4_unicode_ci NOT NULL,
  `amount` decimal(12,2) NOT NULL,
  `currency` varchar(10) COLLATE utf8mb4_unicode_ci DEFAULT 'VND',
  `status` enum('FAILED','PAID','PENDING','REFUNDED') COLLATE utf8mb4_unicode_ci NOT NULL,
  `transaction_ref` varchar(120) COLLATE utf8mb4_unicode_ci DEFAULT NULL,
  `paid_at` datetime DEFAULT NULL,
  `created_at` timestamp NULL DEFAULT CURRENT_TIMESTAMP,
  `updated_at` timestamp NULL DEFAULT CURRENT_TIMESTAMP ON UPDATE CURRENT_TIMESTAMP,
  PRIMARY KEY (`id`),
  KEY `idx_payment_user` (`user_id`),
  CONSTRAINT `fk_payment_user` FOREIGN KEY (`user_id`) REFERENCES `user` (`id`) ON DELETE RESTRICT,
  CONSTRAINT `payment_chk_amount` CHECK ((`amount` >= 0))
) ENGINE=InnoDB AUTO_INCREMENT=9834 DEFAULT CHARSET=utf8mb4 COLLATE=utf8mb4_unicode_ci;
/*!40101 SET character_set_client = @saved_cs_client */;

--
-- Dumping data for table `payment`
--

LOCK TABLES `payment` WRITE;
/*!40000 ALTER TABLE `payment` DISABLE KEYS */;
INSERT INTO `payment` VALUES (1,1,'PRODUCT_ORDER',1,'COD',230000.00,'VND','PAID','TXN-P-0001','2025-09-20 11:00:00','2025-09-20 05:24:29','2025-09-20 05:24:29'),(2,3,'PRODUCT_ORDER',3,'MOMO',405000.00,'VND','PAID','TXN-P-0003','2025-09-20 11:05:00','2025-09-20 05:24:29','2025-09-20 05:24:29'),(3,4,'PRODUCT_ORDER',4,'VNPAY',600000.00,'VND','PAID','TXN-P-0004','2025-09-20 11:06:00','2025-09-20 05:24:29','2025-09-20 05:24:29'),(4,5,'PRODUCT_ORDER',5,'STRIPE',1161000.00,'VND','PENDING','TXN-P-0005',NULL,'2025-09-20 05:24:29','2025-09-20 05:24:29'),(5,8,'PRODUCT_ORDER',8,'COD',2100000.00,'VND','PAID','TXN-P-0008','2025-09-20 11:10:00','2025-09-20 05:24:29','2025-09-20 05:24:29'),(6,1,'SERVICE_ORDER',1,'MOMO',540000.00,'VND','PAID','TXN-S-0001','2025-09-20 12:00:00','2025-09-20 05:24:29','2025-09-20 05:24:29'),(7,3,'SERVICE_ORDER',3,'VNPAY',360000.00,'VND','PAID','TXN-S-0003','2025-09-20 12:05:00','2025-09-20 05:24:29','2025-09-20 05:24:29'),(8,5,'SERVICE_ORDER',5,'COD',1700000.00,'VND','PENDING','TXN-S-0005',NULL,'2025-09-20 05:24:29','2025-09-20 05:24:29'),(9,9,'SERVICE_ORDER',9,'STRIPE',4500000.00,'VND','PAID','TXN-S-0009','2025-09-20 12:10:00','2025-09-20 05:24:29','2025-09-20 05:24:29'),(10,10,'SERVICE_ORDER',10,'MOMO',2975000.00,'VND','PAID','TXN-S-0010','2025-09-20 12:15:00','2025-09-20 05:24:29','2025-09-20 05:24:29'),(11,19,'SERVICE_ORDER',11,'VNPAY',585000.00,'VND','PAID','VNPAY-20250921-0001','2025-09-21 08:20:00','2025-09-22 15:49:15','2025-09-22 15:49:15'),(12,20,'SERVICE_ORDER',12,'COD',250000.00,'VND','PAID','COD-20250920-0002','2025-09-20 16:30:00','2025-09-22 15:49:15','2025-09-22 15:49:15'),(9801,9101,'SERVICE_ORDER',9601,'MOMO',500000.00,'VND','PAID','SEED-SO-9601-MOMO','2025-09-22 09:00:00','2025-09-22 02:00:00','2025-09-22 02:00:00'),(9802,9102,'SERVICE_ORDER',9602,'COD',350000.00,'VND','PAID','SEED-SO-9602-COD','2025-09-23 10:30:00','2025-09-23 03:30:00','2025-09-23 03:30:00'),(9803,9103,'SERVICE_ORDER',9603,'VNPAY',700000.00,'VND','PENDING','SEED-SO-9603-VNPAY',NULL,'2025-09-24 07:15:00','2025-09-24 07:15:00'),(9804,9101,'SERVICE_ORDER',9604,'MOMO',600000.00,'VND','FAILED','SEED-SO-9604-MOMO',NULL,'2025-09-24 09:00:00','2025-09-24 09:00:00'),(9805,9102,'SERVICE_ORDER',9605,'STRIPE',750000.00,'VND','PAID','SEED-SO-9605-STRIPE','2025-09-25 11:45:00','2025-09-25 04:45:00','2025-09-25 04:45:00'),(9806,9101,'SERVICE_ORDER',9606,'VNPAY',900000.00,'VND','PAID','SEED-SO-9606-VNPAY','2025-09-26 09:20:00','2025-09-26 02:20:00','2025-09-26 02:20:00'),(9807,9102,'SERVICE_ORDER',9607,'COD',650000.00,'VND','PENDING','SEED-SO-9607-COD',NULL,'2025-09-27 01:05:00','2025-09-27 01:05:00'),(9808,9103,'SERVICE_ORDER',9608,'MOMO',350000.00,'VND','PAID','SEED-SO-9608-MOMO','2025-09-27 13:10:00','2025-09-27 06:10:00','2025-09-27 06:10:00'),(9809,9101,'SERVICE_ORDER',9609,'COD',700000.00,'VND','PAID','SEED-SO-9609-COD','2025-09-28 10:00:00','2025-09-28 03:00:00','2025-09-28 03:00:00'),(9810,9102,'SERVICE_ORDER',9610,'VNPAY',800000.00,'VND','PAID','SEED-SO-9610-VNPAY','2025-09-20 12:00:00','2025-09-20 05:00:00','2025-09-20 05:00:00'),(9811,9102,'SERVICE_ORDER',9611,'STRIPE',360000.00,'VND','PENDING','SEED-SO-9611-STRIPE',NULL,'2025-09-18 08:00:00','2025-09-18 08:00:00'),(9812,9103,'SERVICE_ORDER',9612,'COD',600000.00,'VND','PENDING','SEED-SO-9612-COD',NULL,'2025-09-05 02:30:00','2025-09-05 02:30:00'),(9813,14,'SERVICE_ORDER',9760,'VNPAY',500000.00,'VND','PENDING','20251013184729373747',NULL,'2025-10-13 11:47:29','2025-10-13 11:47:29'),(9814,14,'SERVICE_ORDER',9762,'VNPAY',910000.00,'VND','PENDING','20251013185619665413',NULL,'2025-10-13 11:56:19','2025-10-13 11:56:19'),(9815,14,'SERVICE_ORDER',9763,'VNPAY',1500000.00,'VND','PENDING','2025101319533299516',NULL,'2025-10-13 12:53:32','2025-10-13 12:53:32'),(9816,14,'SERVICE_ORDER',9765,'VNPAY',600000.00,'VND','PENDING','20251013201054857557',NULL,'2025-10-13 13:10:54','2025-10-13 13:10:54'),(9817,14,'SERVICE_ORDER',9768,'VNPAY',600000.00,'VND','PENDING','20251013201142159383',NULL,'2025-10-13 13:11:42','2025-10-13 13:11:42'),(9818,14,'SERVICE_ORDER',9771,'VNPAY',600000.00,'VND','PENDING','20251013204039265480',NULL,'2025-10-13 13:40:39','2025-10-13 13:40:39'),(9819,14,'SERVICE_ORDER',9774,'VNPAY',600000.00,'VND','PENDING','2025101320512891355',NULL,'2025-10-13 13:51:28','2025-10-13 13:51:28'),(9820,14,'SERVICE_ORDER',9777,'VNPAY',600000.00,'VND','FAILED','20251013205218581311',NULL,'2025-10-13 13:52:18','2025-10-13 13:53:01'),(9821,14,'SERVICE_ORDER',9780,'VNPAY',2175000.00,'VND','FAILED','20251013210050161684',NULL,'2025-10-13 14:00:50','2025-10-13 14:01:25'),(9822,14,'SERVICE_ORDER',9783,'VNPAY',2225000.00,'VND','PAID','20251013210925475707','2025-10-13 21:09:58','2025-10-13 14:09:25','2025-10-13 14:09:58'),(9823,14,'SERVICE_ORDER',9786,'VNPAY',2225000.00,'VND','PAID','20251013212325603350','2025-10-13 21:23:58','2025-10-13 14:23:25','2025-10-13 14:23:58'),(9824,14,'SERVICE_ORDER',9789,'VNPAY',2175000.00,'VND','PAID','2025101321321688935','2025-10-13 21:32:41','2025-10-13 14:32:16','2025-10-13 14:32:41'),(9825,14,'SERVICE_ORDER',9792,'VNPAY',1106000.00,'VND','PAID','20251014091925965126','2025-10-14 09:20:12','2025-10-14 02:19:25','2025-10-14 02:20:11'),(9826,14,'SERVICE_ORDER',9796,'VNPAY',900000.00,'VND','PAID','20251014150435947919','2025-10-14 15:05:11','2025-10-14 08:04:35','2025-10-14 08:05:11'),(9827,14,'SERVICE_ORDER',9798,'VNPAY',2000000.00,'VND','PAID','20251017002854771289','2025-10-17 00:29:41','2025-10-16 17:28:54','2025-10-16 17:29:40'),(9828,14,'SERVICE_ORDER',9799,'VNPAY',0.00,'VND','PENDING','20251017181554293610',NULL,'2025-10-17 11:15:54','2025-10-17 11:15:54'),(9829,14,'SERVICE_ORDER',9800,'VNPAY',65000.00,'VND','PAID','20251017181607557020','2025-10-17 18:16:41','2025-10-17 11:16:07','2025-10-17 11:16:40'),(9830,14,'SERVICE_ORDER',9801,'VNPAY',65000.00,'VND','PAID','2025101720375820104','2025-10-17 20:39:08','2025-10-17 13:37:58','2025-10-17 13:39:08'),(9831,14,'SERVICE_ORDER',9802,'VNPAY',50000.00,'VND','PAID','20251018174837180554','2025-10-18 17:49:16','2025-10-18 10:48:37','2025-10-18 10:49:15'),(9832,9104,'SERVICE_ORDER',9803,'VNPAY',450000.00,'VND','PENDING','20251018175315611871',NULL,'2025-10-18 10:53:15','2025-10-18 10:53:15'),(9833,9104,'SERVICE_ORDER',9804,'VNPAY',450000.00,'VND','PAID','20251018175327841670','2025-10-18 17:53:46','2025-10-18 10:53:27','2025-10-18 10:53:46');
/*!40000 ALTER TABLE `payment` ENABLE KEYS */;
UNLOCK TABLES;

--
-- Table structure for table `service`
--

DROP TABLE IF EXISTS `service`;
/*!40101 SET @saved_cs_client     = @@character_set_client */;
/*!50503 SET character_set_client = utf8mb4 */;
CREATE TABLE `service` (
  `id` bigint NOT NULL AUTO_INCREMENT,
  `name` varchar(200) COLLATE utf8mb4_unicode_ci NOT NULL,
  `slug` varchar(220) COLLATE utf8mb4_unicode_ci NOT NULL,
  `description` longtext COLLATE utf8mb4_unicode_ci,
  `unit` varchar(50) COLLATE utf8mb4_unicode_ci DEFAULT 'job',
  `parent_id` bigint DEFAULT NULL,
  `created_at` datetime(6) NOT NULL DEFAULT CURRENT_TIMESTAMP(6),
  `updated_at` datetime(6) NOT NULL DEFAULT CURRENT_TIMESTAMP(6) ON UPDATE CURRENT_TIMESTAMP(6),
  PRIMARY KEY (`id`),
  UNIQUE KEY `uk_service_slug` (`slug`),
  KEY `idx_service_parent` (`parent_id`),
  CONSTRAINT `fk_service_parent` FOREIGN KEY (`parent_id`) REFERENCES `service` (`id`) ON DELETE SET NULL
) ENGINE=InnoDB AUTO_INCREMENT=9420 DEFAULT CHARSET=utf8mb4 COLLATE=utf8mb4_unicode_ci;
/*!40101 SET character_set_client = @saved_cs_client */;

--
-- Dumping data for table `service`
--

LOCK TABLES `service` WRITE;
/*!40000 ALTER TABLE `service` DISABLE KEYS */;
INSERT INTO `service` VALUES (1,'Vệ sinh nhà','ve-sinh-nha','Dịch vụ vệ sinh tổng hợp','job',NULL,'2025-09-24 21:21:54.894476','2025-09-24 21:21:54.894476'),(2,'Giặt sofa','giat-sofa','Giặt sofa, ghế','job',1,'2025-09-24 21:21:54.894476','2025-09-24 21:21:54.894476'),(3,'Sửa điện','sua-dien','Sửa chữa điện dân dụng','job',NULL,'2025-09-24 21:21:54.894476','2025-09-24 21:21:54.894476'),(4,'Sửa ống nước','sua-ong-nuoc','Xử lý rò rỉ, tắc nghẽn','job',NULL,'2025-09-24 21:21:54.894476','2025-09-24 21:21:54.894476'),(5,'Sơn nhà','son-nha','Sơn sửa nội ngoại thất','job',NULL,'2025-09-24 21:21:54.894476','2025-09-24 21:21:54.894476'),(6,'Chống thấm','chong-tham','Chống thấm nhà ở','job',NULL,'2025-09-24 21:21:54.894476','2025-09-24 21:21:54.894476'),(7,'Vệ sinh điều hòa','ve-sinh-dieu-hoa','Vệ sinh bảo dưỡng điều hòa','job',3,'2025-09-24 21:21:54.894476','2025-09-24 21:21:54.894476'),(8,'Lắp đặt đèn','lap-den','Lắp đặt thay thế đèn','job',3,'2025-09-24 21:21:54.894476','2025-09-24 21:21:54.894476'),(9,'Bảo trì tòa nhà','bao-tri-toa-nha','Gói bảo trì định kỳ','job',NULL,'2025-09-24 21:21:54.894476','2025-09-24 21:21:54.894476'),(10,'Vệ sinh cây cảnh','ve-sinh-cay-canh','Vệ sinh cây cảnh trong nhà','2h',31,'2025-09-24 21:21:54.894476','2025-09-24 23:29:45.941415'),(11,'Giặt thảm','giat-tham','Giặt thảm gia đình','job',1,'2025-09-24 21:21:54.894476','2025-09-24 21:21:54.894476'),(12,'Vệ sinh kính','ve-sinh-kinh','Lau kính trong ngoài','job',1,'2025-09-24 21:21:54.894476','2025-09-24 21:21:54.894476'),(13,'Dọn nhà theo giờ','don-nha-theo-gio','Dịch vụ dọn theo giờ','job',1,'2025-09-24 21:21:54.894476','2025-09-24 21:21:54.894476'),(15,'Phun khử khuẩn','phun-khu-khuan','Khử khuẩn không gian','job',1,'2025-09-24 21:21:54.894476','2025-09-24 21:21:54.894476'),(16,'Diệt côn trùng','diet-con-trung','Kiểm soát côn trùng','job',NULL,'2025-09-24 21:21:54.894476','2025-09-24 21:21:54.894476'),(17,'Lắp quạt trần','lap-quat-tran','Lắp đặt quạt trần','job',3,'2025-09-24 21:21:54.894476','2025-09-24 21:21:54.894476'),(18,'Lắp ổ cắm công tắc','lap-o-cam-cong-tac','Thêm ổ cắm, công tắc','job',3,'2025-09-24 21:21:54.894476','2025-09-24 21:21:54.894476'),(19,'Kiểm tra chập điện','kiem-tra-chap-dien','Tìm nguyên nhân chập','job',3,'2025-09-24 21:21:54.894476','2025-09-24 21:21:54.894476'),(20,'Nạp gas điều hòa','nap-gas-dieu-hoa','Nạp bổ sung gas','job',7,'2025-09-24 21:21:54.894476','2025-09-24 21:21:54.894476'),(21,'Sửa điều hòa','sua-dieu-hoa','Sửa chữa điều hòa','job',3,'2025-09-24 21:21:54.894476','2025-09-24 21:21:54.894476'),(22,'Thông tắc bồn cầu','thong-tac-bon-cau','Thông tắc nhanh','job',4,'2025-09-24 21:21:54.894476','2025-09-24 21:21:54.894476'),(23,'Thông tắc chậu rửa','thong-tac-chau-rua','Xử lý tắc nghẽn','job',4,'2025-09-24 21:21:54.894476','2025-09-24 21:21:54.894476'),(24,'Lắp thiết bị vệ sinh','lap-thiet-bi-ve-sinh','Lavabo, bồn cầu, sen','job',4,'2025-09-24 21:21:54.894476','2025-09-24 21:21:54.894476'),(25,'Lắp đặt bình nóng lạnh','lap-dat-binh-nong-lanh','Treo, đấu điện nước','job',3,'2025-09-24 21:21:54.894476','2025-09-24 21:21:54.894476'),(26,'Lắp máy bơm nước','lap-may-bom-nuoc','Đấu nối và vận hành','job',4,'2025-09-24 21:21:54.894476','2025-09-24 21:21:54.894476'),(27,'Sơn chống thấm tường','son-chong-tham-tuong','Sơn chống thấm tường','job',6,'2025-09-24 21:21:54.894476','2025-09-24 21:21:54.894476'),(28,'Sơn cửa gỗ','son-cua-go','Sơn PU cơ bản','job',5,'2025-09-24 21:21:54.894476','2025-09-24 21:21:54.894476'),(29,'Bả matit tường','ba-matit-tuong','Xử lý bề mặt trước sơn','job',5,'2025-09-24 21:21:54.894476','2025-09-24 21:21:54.894476'),(30,'Vệ sinh bể nước','ve-sinh-be-nuoc','Vệ sinh bể ngầm/bồn','job',9,'2025-09-24 21:21:54.894476','2025-09-24 21:21:54.894476'),(31,'Chăm sóc cây cảnh','cham-soc-cay-canh','Chăm sóc cắt tỉa, tưới nước, bón phân cho cây','2h',NULL,'2025-09-24 23:27:57.251764','2025-09-24 23:27:57.251764'),(32,'Cắt tỉa cây thông','cat-tia-cay-thong','Cắt tỉa cây thông Noel','2h',31,'2025-09-24 23:28:33.876682','2025-09-24 23:28:33.876682'),(9401,'Vệ sinh nhà','cleaning',NULL,'job',NULL,'2025-09-28 00:51:21.000000','2025-09-28 00:51:21.000000'),(9402,'Vệ sinh điều hòa','ac-clean',NULL,'job',NULL,'2025-09-28 00:51:21.000000','2025-09-28 00:51:21.000000'),(9403,'Sửa ống nước','plumbing',NULL,'job',NULL,'2025-09-28 00:51:21.000000','2025-09-28 00:51:21.000000'),(9404,'Sửa điện','electric',NULL,'job',NULL,'2025-09-28 00:51:21.000000','2025-09-28 00:51:21.000000'),(9405,'Giặt sofa','sofa',NULL,'job',NULL,'2025-09-28 00:51:21.000000','2025-09-28 00:51:21.000000'),(9406,'Vệ sinh rèm cửa','ve-sinh-rem-cua','Giặt vệ sinh rèm, màn cửa','job',1,'2025-10-04 09:13:48.990449','2025-10-04 09:13:48.990449'),(9407,'Tổng vệ sinh sau xây dựng','tong-ve-sinh-sau-xay-dung','Vệ sinh sau sửa chữa/xây mới','job',1,'2025-10-04 09:13:48.996309','2025-10-04 09:13:48.996309'),(9408,'Vệ sinh tủ bếp','ve-sinh-tu-bep','Làm sạch và khử mùi tủ bếp','job',1,'2025-10-04 09:13:48.999538','2025-10-04 09:13:48.999538'),(9409,'Sửa quạt điện','sua-quat-dien','Sửa quạt trần/treo, thay tụ, tra dầu','job',3,'2025-10-04 09:13:49.002388','2025-10-04 09:13:49.002388'),(9410,'Sơn trần nhà','son-tran-nha','Sơn trần nội thất 1–2 lớp','job',5,'2025-10-04 09:13:49.004534','2025-10-04 09:13:49.004534'),(9411,'Sơn chống gỉ','son-chong-gi','Sơn chống gỉ bề mặt kim loại','job',5,'2025-10-04 09:13:49.006240','2025-10-04 09:13:49.006240'),(9412,'Chống thấm sân thượng','chong-tham-san-thuong','Xử lý chống thấm sân thượng','job',6,'2025-10-04 09:13:49.008334','2025-10-04 09:13:49.008334'),(9413,'Chống thấm nhà vệ sinh','chong-tham-nha-ve-sinh','Lớp phủ chống thấm khu vệ sinh','job',6,'2025-10-04 09:13:49.011890','2025-10-04 09:13:49.011890'),(9414,'Chống thấm ban công','chong-tham-ban-cong','Xử lý chống thấm ban công','job',6,'2025-10-04 09:13:49.014871','2025-10-04 09:13:49.014871'),(9415,'Bảo trì hệ thống điện','bao-tri-he-thong-dien','Kiểm tra định kỳ hệ thống điện','job',9,'2025-10-04 09:13:49.016680','2025-10-04 09:13:49.016680'),(9416,'Bảo trì hệ thống nước','bao-tri-he-thong-nuoc','Súc rửa, kiểm tra hệ thống nước','job',9,'2025-10-04 09:13:49.018989','2025-10-04 09:13:49.018989'),(9417,'Bảo trì máy bơm','bao-tri-may-bom','Bảo dưỡng, thay vật tư máy bơm','job',9,'2025-10-04 09:13:49.020892','2025-10-04 09:13:49.020892'),(9418,'Tưới cây định kỳ','tuoi-cay-dinh-ky','Tưới cây theo lịch','job',31,'2025-10-04 09:13:49.023422','2025-10-04 09:13:49.023422'),(9419,'Bón phân cây cảnh','bon-phan-cay-canh','Bón phân, dưỡng chất cho cây','job',31,'2025-10-04 09:13:49.025607','2025-10-04 09:13:49.025607');
/*!40000 ALTER TABLE `service` ENABLE KEYS */;
UNLOCK TABLES;

--
-- Table structure for table `service_order`
--

DROP TABLE IF EXISTS `service_order`;
/*!40101 SET @saved_cs_client     = @@character_set_client */;
/*!50503 SET character_set_client = utf8mb4 */;
CREATE TABLE `service_order` (
  `id` bigint NOT NULL AUTO_INCREMENT,
  `order_code` varchar(40) COLLATE utf8mb4_unicode_ci NOT NULL,
  `customer_id` bigint NOT NULL,
  `vendor_id` bigint NOT NULL,
  `status` varchar(20) COLLATE utf8mb4_unicode_ci NOT NULL,
  `subtotal` decimal(12,2) NOT NULL,
  `discount_amount` decimal(12,2) NOT NULL DEFAULT '0.00',
  `total` decimal(12,2) NOT NULL,
  `coupon_id` bigint DEFAULT NULL,
  `contact_name` varchar(255) COLLATE utf8mb4_unicode_ci DEFAULT NULL,
  `contact_phone` varchar(255) COLLATE utf8mb4_unicode_ci DEFAULT NULL,
  `address_line` varchar(255) COLLATE utf8mb4_unicode_ci DEFAULT NULL,
  `notes` tinytext COLLATE utf8mb4_unicode_ci,
  `created_at` timestamp NULL DEFAULT CURRENT_TIMESTAMP,
  `updated_at` timestamp NULL DEFAULT CURRENT_TIMESTAMP ON UPDATE CURRENT_TIMESTAMP,
  PRIMARY KEY (`id`),
  UNIQUE KEY `uk_so_code` (`order_code`),
  KEY `idx_so_customer` (`customer_id`),
  KEY `idx_so_vendor` (`vendor_id`),
  KEY `fk_so_coupon` (`coupon_id`),
  CONSTRAINT `fk_so_coupon` FOREIGN KEY (`coupon_id`) REFERENCES `coupon` (`id`) ON DELETE SET NULL,
  CONSTRAINT `fk_so_customer` FOREIGN KEY (`customer_id`) REFERENCES `user` (`id`) ON DELETE RESTRICT,
  CONSTRAINT `fk_so_vendor` FOREIGN KEY (`vendor_id`) REFERENCES `vendor_profile` (`user_id`) ON DELETE RESTRICT,
  CONSTRAINT `so_chk_money` CHECK (((`subtotal` >= 0) and (`discount_amount` >= 0) and (`total` >= 0)))
) ENGINE=InnoDB AUTO_INCREMENT=9805 DEFAULT CHARSET=utf8mb4 COLLATE=utf8mb4_unicode_ci;
/*!40101 SET character_set_client = @saved_cs_client */;

--
-- Dumping data for table `service_order`
--

LOCK TABLES `service_order` WRITE;
/*!40000 ALTER TABLE `service_order` DISABLE KEYS */;
INSERT INTO `service_order` VALUES (1,'SO0001',1,1,'CONFIRMED',600000.00,60000.00,540000.00,6,'Nguyễn Văn A','0900000001','12 Lê Lợi','Dọn sáng','2025-09-20 05:24:29','2025-09-20 05:24:29'),(2,'SO0002',2,2,'PENDING',350000.00,0.00,350000.00,NULL,'Trần Thị B','0900000002','34 Hai Bà Trưng','','2025-09-20 05:24:29','2025-09-20 05:24:29'),(3,'SO0003',3,3,'COMPLETED',400000.00,40000.00,360000.00,6,'Lê Văn C','0900000003','56 Nguyễn Trãi','','2025-09-20 05:24:29','2025-09-20 05:24:29'),(4,'SO0004',4,4,'PENDING',1500000.00,0.00,1500000.00,NULL,'Phạm Thị D','0900000004','78 Trần Hưng Đạo','','2025-09-20 05:24:29','2025-09-20 05:24:29'),(5,'SO0005',5,5,'PENDING',1800000.00,100000.00,1700000.00,7,'Hoàng Văn E','0900000005','90 Giảng Võ','','2025-09-20 05:24:29','2025-09-20 05:24:29'),(6,'SO0006',6,6,'CONFIRMED',500000.00,25000.00,475000.00,8,'Đinh Thị F','0900000006','11 Cầu Giấy','','2025-09-20 05:24:29','2025-09-20 05:24:29'),(7,'SO0007',7,7,'PENDING',250000.00,0.00,250000.00,NULL,'Bùi Văn G','0900000007','22 Tây Sơn','','2025-09-20 05:24:29','2025-09-20 05:24:29'),(8,'SO0008',8,8,'PENDING',900000.00,0.00,900000.00,NULL,'Đỗ Thị H','0900000008','33 Kim Mã','','2025-09-20 05:24:29','2025-09-20 05:24:29'),(9,'SO0009',9,9,'PENDING',5000000.00,500000.00,4500000.00,6,'Vũ Văn I','0900000009','44 Xã Đàn','','2025-09-20 05:24:29','2025-09-20 05:24:29'),(10,'SO0010',10,10,'PENDING',3500000.00,525000.00,2975000.00,10,'Phan Thị K','0900000010','55 Phạm Hùng','','2025-09-20 05:24:29','2025-09-20 05:24:29'),(11,'SO-V15-0001',19,15,'CANCELLED',650000.00,65000.00,585000.00,11,'Nguyễn Văn A','0900000001','12 Lê Lợi, Hà Nội','Dọn trước 9h','2025-09-21 01:15:00','2025-09-22 15:49:15'),(12,'SO-V15-0002',20,15,'COMPLETED',250000.00,0.00,250000.00,NULL,'Trần Thị B','0900000002','34 Hai Bà Trưng, Hà Nội','Ống nước rò nhỏ','2025-09-20 03:05:00','2025-09-22 15:49:15'),(13,'SO-V15-0003',19,15,'PENDING',400000.00,50000.00,350000.00,12,'Nguyễn Văn A','0900000001','12 Lê Lợi, Hà Nội','Thi công chiều','2025-09-22 04:20:00','2025-09-22 15:49:15'),(9613,'SEED-AUTO-16-A',9101,15,'COMPLETED',65000.00,0.00,65000.00,NULL,'Khách seed','0901234567','Hà Nội',NULL,'2025-10-04 07:38:41','2025-10-04 07:38:41'),(9614,'SEED-AUTO-17-A',9101,1,'COMPLETED',150000.00,0.00,150000.00,NULL,'Khách seed','0901234567','Hà Nội',NULL,'2025-10-04 07:38:41','2025-10-04 07:38:41'),(9615,'SEED-AUTO-9509-A',9101,15,'COMPLETED',250000.00,0.00,250000.00,NULL,'Khách seed','0901234567','Hà Nội',NULL,'2025-10-04 07:38:41','2025-10-04 07:38:41'),(9616,'SEED-AUTO-9516-A',9101,1,'COMPLETED',300000.00,0.00,300000.00,NULL,'Khách seed','0901234567','Hà Nội',NULL,'2025-10-04 07:38:41','2025-10-04 07:38:41'),(9617,'SEED-AUTO-9517-A',9101,10,'COMPLETED',380000.00,0.00,380000.00,NULL,'Khách seed','0901234567','Hà Nội',NULL,'2025-10-04 07:38:41','2025-10-04 07:38:41'),(9618,'SEED-AUTO-9518-A',9101,10,'COMPLETED',650000.00,0.00,650000.00,NULL,'Khách seed','0901234567','Hà Nội',NULL,'2025-10-04 07:38:41','2025-10-04 07:38:41'),(9619,'SEED-AUTO-9519-A',9101,15,'COMPLETED',850000.00,0.00,850000.00,NULL,'Khách seed','0901234567','Hà Nội',NULL,'2025-10-04 07:38:41','2025-10-04 07:38:41'),(9620,'SEED-AUTO-9520-A',9101,1,'COMPLETED',350000.00,0.00,350000.00,NULL,'Khách seed','0901234567','Hà Nội',NULL,'2025-10-04 07:38:41','2025-10-04 07:38:41'),(9621,'SEED-AUTO-9521-A',9101,15,'COMPLETED',450000.00,0.00,450000.00,NULL,'Khách seed','0901234567','Hà Nội',NULL,'2025-10-04 07:38:41','2025-10-04 07:38:41'),(9622,'SEED-AUTO-9522-A',9101,7,'COMPLETED',200000.00,0.00,200000.00,NULL,'Khách seed','0901234567','Hà Nội',NULL,'2025-10-04 07:38:41','2025-10-04 07:38:41'),(9623,'SEED-AUTO-9523-A',9101,8,'COMPLETED',300000.00,0.00,300000.00,NULL,'Khách seed','0901234567','Hà Nội',NULL,'2025-10-04 07:38:41','2025-10-04 07:38:41'),(9624,'SEED-AUTO-9524-A',9101,4,'COMPLETED',450000.00,0.00,450000.00,NULL,'Khách seed','0901234567','Hà Nội',NULL,'2025-10-04 07:38:41','2025-10-04 07:38:41'),(9626,'SEED-AUTO-9526-A',9101,4,'COMPLETED',360000.00,0.00,360000.00,NULL,'Khách seed','0901234567','Hà Nội',NULL,'2025-10-04 07:38:41','2025-10-04 07:38:41'),(9628,'SEED-AUTO-9528-A',9101,5,'COMPLETED',1200000.00,0.00,1200000.00,NULL,'Khách seed','0901234567','Hà Nội',NULL,'2025-10-04 07:38:41','2025-10-04 07:38:41'),(9630,'SEED-AUTO-9530-A',9101,5,'COMPLETED',900000.00,0.00,900000.00,NULL,'Khách seed','0901234567','Hà Nội',NULL,'2025-10-04 07:38:41','2025-10-04 07:38:41'),(9632,'SEED-AUTO-9532-A',9101,5,'COMPLETED',600000.00,0.00,600000.00,NULL,'Khách seed','0901234567','Hà Nội',NULL,'2025-10-04 07:38:41','2025-10-04 07:38:41'),(9634,'SEED-AUTO-9534-A',9101,9,'COMPLETED',500000.00,0.00,500000.00,NULL,'Khách seed','0901234567','Hà Nội',NULL,'2025-10-04 07:38:41','2025-10-04 07:38:41'),(9636,'SEED-AUTO-9536-A',9101,9,'COMPLETED',450000.00,0.00,450000.00,NULL,'Khách seed','0901234567','Hà Nội',NULL,'2025-10-04 07:38:41','2025-10-04 07:38:41'),(9638,'SEED-AUTO-9538-A',9101,9,'COMPLETED',400000.00,0.00,400000.00,NULL,'Khách seed','0901234567','Hà Nội',NULL,'2025-10-04 07:38:41','2025-10-04 07:38:41'),(9640,'SEED-AUTO-9540-A',9101,9,'COMPLETED',200000.00,0.00,200000.00,NULL,'Khách seed','0901234567','Hà Nội',NULL,'2025-10-04 07:38:41','2025-10-04 07:38:41'),(9641,'SEED-AUTO-9541-A',9101,1,'COMPLETED',300000.00,0.00,300000.00,NULL,'Khách seed','0901234567','Hà Nội',NULL,'2025-10-04 07:38:41','2025-10-04 07:38:41'),(9642,'SEED-AUTO-9542-A',9101,9,'COMPLETED',250000.00,0.00,250000.00,NULL,'Khách seed','0901234567','Hà Nội',NULL,'2025-10-04 07:38:41','2025-10-04 07:38:41'),(9643,'SEED-AUTO-9543-A',9101,1,'COMPLETED',320000.00,0.00,320000.00,NULL,'Khách seed','0901234567','Hà Nội',NULL,'2025-10-04 07:38:41','2025-10-04 07:38:41'),(9644,'SEED-AUTO-9544-A',9101,6,'COMPLETED',350000.00,0.00,350000.00,NULL,'Khách seed','0901234567','Hà Nội',NULL,'2025-10-04 07:38:41','2025-10-04 07:38:41'),(9645,'SEED-AUTO-9545-A',9101,10,'COMPLETED',250000.00,0.00,250000.00,NULL,'Khách seed','0901234567','Hà Nội',NULL,'2025-10-04 07:38:41','2025-10-04 07:38:41'),(9646,'SEED-AUTO-9546-A',9101,1,'COMPLETED',200000.00,0.00,200000.00,NULL,'Khách seed','0901234567','Hà Nội',NULL,'2025-10-04 07:38:41','2025-10-04 07:38:41'),(9647,'SEED-AUTO-9547-A',9101,15,'COMPLETED',350000.00,0.00,350000.00,NULL,'Khách seed','0901234567','Hà Nội',NULL,'2025-10-04 07:38:41','2025-10-04 07:38:41'),(9648,'SEED-AUTO-9548-A',9101,3,'COMPLETED',600000.00,0.00,600000.00,NULL,'Khách seed','0901234567','Hà Nội',NULL,'2025-10-04 07:38:41','2025-10-04 07:38:41'),(9649,'SEED-AUTO-9549-A',9101,3,'COMPLETED',450000.00,0.00,450000.00,NULL,'Khách seed','0901234567','Hà Nội',NULL,'2025-10-04 07:38:41','2025-10-04 07:38:41'),(9650,'SEED-AUTO-9550-A',9101,3,'COMPLETED',65000.00,0.00,65000.00,NULL,'Khách seed','0901234567','Hà Nội',NULL,'2025-10-04 07:38:41','2025-10-04 07:38:41'),(9651,'SEED-AUTO-9551-A',9101,7,'COMPLETED',120000.00,0.00,120000.00,NULL,'Khách seed','0901234567','Hà Nội',NULL,'2025-10-04 07:38:41','2025-10-04 07:38:41'),(9652,'SEED-AUTO-9552-A',9101,7,'COMPLETED',180000.00,0.00,180000.00,NULL,'Khách seed','0901234567','Hà Nội',NULL,'2025-10-04 07:38:41','2025-10-04 07:38:41'),(9653,'SEED-AUTO-9553-A',9101,2,'COMPLETED',450000.00,0.00,450000.00,NULL,'Khách seed','0901234567','Hà Nội',NULL,'2025-10-04 07:38:41','2025-10-04 07:38:41'),(9654,'SEED-AUTO-9554-A',9101,8,'COMPLETED',350000.00,0.00,350000.00,NULL,'Khách seed','0901234567','Hà Nội',NULL,'2025-10-04 07:38:41','2025-10-04 07:38:41'),(9655,'SEED-AUTO-9555-A',9101,2,'COMPLETED',600000.00,0.00,600000.00,NULL,'Khách seed','0901234567','Hà Nội',NULL,'2025-10-04 07:38:41','2025-10-04 07:38:41'),(9656,'SEED-AUTO-9556-A',9101,3,'COMPLETED',750000.00,0.00,750000.00,NULL,'Khách seed','0901234567','Hà Nội',NULL,'2025-10-04 07:38:41','2025-10-04 07:38:41'),(9657,'SEED-AUTO-9557-A',9101,5,'COMPLETED',600000.00,0.00,600000.00,NULL,'Khách seed','0901234567','Hà Nội',NULL,'2025-10-04 07:38:41','2025-10-04 07:38:41'),(9658,'SEED-AUTO-9558-A',9101,4,'COMPLETED',400000.00,0.00,400000.00,NULL,'Khách seed','0901234567','Hà Nội',NULL,'2025-10-04 07:38:41','2025-10-04 07:38:41'),(9659,'SEED-AUTO-9559-A',9101,4,'COMPLETED',300000.00,0.00,300000.00,NULL,'Khách seed','0901234567','Hà Nội',NULL,'2025-10-04 07:38:41','2025-10-04 07:38:41'),(9660,'SEED-AUTO-9560-A',9101,9,'COMPLETED',700000.00,0.00,700000.00,NULL,'Khách seed','0901234567','Hà Nội',NULL,'2025-10-04 07:38:41','2025-10-04 07:38:41'),(9661,'SEED-AUTO-9561-A',9101,9,'COMPLETED',250000.00,0.00,250000.00,NULL,'Khách seed','0901234567','Hà Nội',NULL,'2025-10-04 07:38:41','2025-10-04 07:38:41'),(9662,'SEED-AUTO-9562-A',9101,9,'COMPLETED',1200000.00,0.00,1200000.00,NULL,'Khách seed','0901234567','Hà Nội',NULL,'2025-10-04 07:38:41','2025-10-04 07:38:41'),(9663,'SEED-AUTO-9563-A',9101,9,'COMPLETED',500000.00,0.00,500000.00,NULL,'Khách seed','0901234567','Hà Nội',NULL,'2025-10-04 07:38:41','2025-10-04 07:38:41'),(9664,'SEED-AUTO-9564-A',9101,5,'COMPLETED',900000.00,0.00,900000.00,NULL,'Khách seed','0901234567','Hà Nội',NULL,'2025-10-04 07:38:41','2025-10-04 07:38:41'),(9665,'SEED-AUTO-9565-A',9101,4,'COMPLETED',400000.00,0.00,400000.00,NULL,'Khách seed','0901234567','Hà Nội',NULL,'2025-10-04 07:38:41','2025-10-04 07:38:41'),(9666,'SEED-AUTO-9566-A',9101,4,'COMPLETED',650000.00,0.00,650000.00,NULL,'Khách seed','0901234567','Hà Nội',NULL,'2025-10-04 07:38:41','2025-10-04 07:38:41'),(9667,'SEED-AUTO-9575-A',9101,1,'COMPLETED',150000.00,0.00,150000.00,NULL,'Khách seed','0901234567','Hà Nội',NULL,'2025-10-04 07:38:41','2025-10-04 07:38:41'),(9668,'SEED-AUTO-9577-A',9101,10,'COMPLETED',500000.00,0.00,500000.00,NULL,'Khách seed','0901234567','Hà Nội',NULL,'2025-10-04 07:38:41','2025-10-04 07:38:41'),(9669,'SEED-AUTO-9578-A',9101,1,'COMPLETED',250000.00,0.00,250000.00,NULL,'Khách seed','0901234567','Hà Nội',NULL,'2025-10-04 07:38:41','2025-10-04 07:38:41'),(9676,'SEED-AUTO-16-B',9102,15,'COMPLETED',65000.00,0.00,65000.00,NULL,'Khách seed','0901234567','Hà Nội',NULL,'2025-10-04 07:38:41','2025-10-04 07:38:41'),(9677,'SEED-AUTO-17-B',9102,1,'COMPLETED',150000.00,0.00,150000.00,NULL,'Khách seed','0901234567','Hà Nội',NULL,'2025-10-04 07:38:41','2025-10-04 07:38:41'),(9678,'SEED-AUTO-9509-B',9102,15,'COMPLETED',250000.00,0.00,250000.00,NULL,'Khách seed','0901234567','Hà Nội',NULL,'2025-10-04 07:38:41','2025-10-04 07:38:41'),(9679,'SEED-AUTO-9516-B',9102,1,'COMPLETED',300000.00,0.00,300000.00,NULL,'Khách seed','0901234567','Hà Nội',NULL,'2025-10-04 07:38:41','2025-10-04 07:38:41'),(9680,'SEED-AUTO-9517-B',9102,10,'COMPLETED',380000.00,0.00,380000.00,NULL,'Khách seed','0901234567','Hà Nội',NULL,'2025-10-04 07:38:41','2025-10-04 07:38:41'),(9681,'SEED-AUTO-9518-B',9102,10,'COMPLETED',650000.00,0.00,650000.00,NULL,'Khách seed','0901234567','Hà Nội',NULL,'2025-10-04 07:38:41','2025-10-04 07:38:41'),(9682,'SEED-AUTO-9519-B',9102,15,'COMPLETED',850000.00,0.00,850000.00,NULL,'Khách seed','0901234567','Hà Nội',NULL,'2025-10-04 07:38:41','2025-10-04 07:38:41'),(9683,'SEED-AUTO-9520-B',9102,1,'COMPLETED',350000.00,0.00,350000.00,NULL,'Khách seed','0901234567','Hà Nội',NULL,'2025-10-04 07:38:41','2025-10-04 07:38:41'),(9684,'SEED-AUTO-9521-B',9102,15,'COMPLETED',450000.00,0.00,450000.00,NULL,'Khách seed','0901234567','Hà Nội',NULL,'2025-10-04 07:38:41','2025-10-04 07:38:41'),(9685,'SEED-AUTO-9522-B',9102,7,'COMPLETED',200000.00,0.00,200000.00,NULL,'Khách seed','0901234567','Hà Nội',NULL,'2025-10-04 07:38:41','2025-10-04 07:38:41'),(9686,'SEED-AUTO-9523-B',9102,8,'COMPLETED',300000.00,0.00,300000.00,NULL,'Khách seed','0901234567','Hà Nội',NULL,'2025-10-04 07:38:41','2025-10-04 07:38:41'),(9687,'SEED-AUTO-9524-B',9102,4,'COMPLETED',450000.00,0.00,450000.00,NULL,'Khách seed','0901234567','Hà Nội',NULL,'2025-10-04 07:38:41','2025-10-04 07:38:41'),(9689,'SEED-AUTO-9526-B',9102,4,'COMPLETED',360000.00,0.00,360000.00,NULL,'Khách seed','0901234567','Hà Nội',NULL,'2025-10-04 07:38:41','2025-10-04 07:38:41'),(9691,'SEED-AUTO-9528-B',9102,5,'COMPLETED',1200000.00,0.00,1200000.00,NULL,'Khách seed','0901234567','Hà Nội',NULL,'2025-10-04 07:38:41','2025-10-04 07:38:41'),(9693,'SEED-AUTO-9530-B',9102,5,'COMPLETED',900000.00,0.00,900000.00,NULL,'Khách seed','0901234567','Hà Nội',NULL,'2025-10-04 07:38:41','2025-10-04 07:38:41'),(9695,'SEED-AUTO-9532-B',9102,5,'COMPLETED',600000.00,0.00,600000.00,NULL,'Khách seed','0901234567','Hà Nội',NULL,'2025-10-04 07:38:41','2025-10-04 07:38:41'),(9697,'SEED-AUTO-9534-B',9102,9,'COMPLETED',500000.00,0.00,500000.00,NULL,'Khách seed','0901234567','Hà Nội',NULL,'2025-10-04 07:38:41','2025-10-04 07:38:41'),(9699,'SEED-AUTO-9536-B',9102,9,'COMPLETED',450000.00,0.00,450000.00,NULL,'Khách seed','0901234567','Hà Nội',NULL,'2025-10-04 07:38:41','2025-10-04 07:38:41'),(9701,'SEED-AUTO-9538-B',9102,9,'COMPLETED',400000.00,0.00,400000.00,NULL,'Khách seed','0901234567','Hà Nội',NULL,'2025-10-04 07:38:41','2025-10-04 07:38:41'),(9703,'SEED-AUTO-9540-B',9102,9,'COMPLETED',200000.00,0.00,200000.00,NULL,'Khách seed','0901234567','Hà Nội',NULL,'2025-10-04 07:38:41','2025-10-04 07:38:41'),(9704,'SEED-AUTO-9541-B',9102,1,'COMPLETED',300000.00,0.00,300000.00,NULL,'Khách seed','0901234567','Hà Nội',NULL,'2025-10-04 07:38:41','2025-10-04 07:38:41'),(9705,'SEED-AUTO-9542-B',9102,9,'COMPLETED',250000.00,0.00,250000.00,NULL,'Khách seed','0901234567','Hà Nội',NULL,'2025-10-04 07:38:41','2025-10-04 07:38:41'),(9706,'SEED-AUTO-9543-B',9102,1,'COMPLETED',320000.00,0.00,320000.00,NULL,'Khách seed','0901234567','Hà Nội',NULL,'2025-10-04 07:38:41','2025-10-04 07:38:41'),(9707,'SEED-AUTO-9544-B',9102,6,'COMPLETED',350000.00,0.00,350000.00,NULL,'Khách seed','0901234567','Hà Nội',NULL,'2025-10-04 07:38:41','2025-10-04 07:38:41'),(9708,'SEED-AUTO-9545-B',9102,10,'COMPLETED',250000.00,0.00,250000.00,NULL,'Khách seed','0901234567','Hà Nội',NULL,'2025-10-04 07:38:41','2025-10-04 07:38:41'),(9709,'SEED-AUTO-9546-B',9102,1,'COMPLETED',200000.00,0.00,200000.00,NULL,'Khách seed','0901234567','Hà Nội',NULL,'2025-10-04 07:38:41','2025-10-04 07:38:41'),(9710,'SEED-AUTO-9547-B',9102,15,'COMPLETED',350000.00,0.00,350000.00,NULL,'Khách seed','0901234567','Hà Nội',NULL,'2025-10-04 07:38:41','2025-10-04 07:38:41'),(9711,'SEED-AUTO-9548-B',9102,3,'COMPLETED',600000.00,0.00,600000.00,NULL,'Khách seed','0901234567','Hà Nội',NULL,'2025-10-04 07:38:41','2025-10-04 07:38:41'),(9712,'SEED-AUTO-9549-B',9102,3,'COMPLETED',450000.00,0.00,450000.00,NULL,'Khách seed','0901234567','Hà Nội',NULL,'2025-10-04 07:38:41','2025-10-04 07:38:41'),(9713,'SEED-AUTO-9550-B',9102,3,'COMPLETED',65000.00,0.00,65000.00,NULL,'Khách seed','0901234567','Hà Nội',NULL,'2025-10-04 07:38:41','2025-10-04 07:38:41'),(9714,'SEED-AUTO-9551-B',9102,7,'COMPLETED',120000.00,0.00,120000.00,NULL,'Khách seed','0901234567','Hà Nội',NULL,'2025-10-04 07:38:41','2025-10-04 07:38:41'),(9715,'SEED-AUTO-9552-B',9102,7,'COMPLETED',180000.00,0.00,180000.00,NULL,'Khách seed','0901234567','Hà Nội',NULL,'2025-10-04 07:38:41','2025-10-04 07:38:41'),(9716,'SEED-AUTO-9553-B',9102,2,'COMPLETED',450000.00,0.00,450000.00,NULL,'Khách seed','0901234567','Hà Nội',NULL,'2025-10-04 07:38:41','2025-10-04 07:38:41'),(9717,'SEED-AUTO-9554-B',9102,8,'COMPLETED',350000.00,0.00,350000.00,NULL,'Khách seed','0901234567','Hà Nội',NULL,'2025-10-04 07:38:41','2025-10-04 07:38:41'),(9718,'SEED-AUTO-9555-B',9102,2,'COMPLETED',600000.00,0.00,600000.00,NULL,'Khách seed','0901234567','Hà Nội',NULL,'2025-10-04 07:38:41','2025-10-04 07:38:41'),(9719,'SEED-AUTO-9556-B',9102,3,'COMPLETED',750000.00,0.00,750000.00,NULL,'Khách seed','0901234567','Hà Nội',NULL,'2025-10-04 07:38:41','2025-10-04 07:38:41'),(9720,'SEED-AUTO-9557-B',9102,5,'COMPLETED',600000.00,0.00,600000.00,NULL,'Khách seed','0901234567','Hà Nội',NULL,'2025-10-04 07:38:41','2025-10-04 07:38:41'),(9721,'SEED-AUTO-9558-B',9102,4,'COMPLETED',400000.00,0.00,400000.00,NULL,'Khách seed','0901234567','Hà Nội',NULL,'2025-10-04 07:38:41','2025-10-04 07:38:41'),(9722,'SEED-AUTO-9559-B',9102,4,'COMPLETED',300000.00,0.00,300000.00,NULL,'Khách seed','0901234567','Hà Nội',NULL,'2025-10-04 07:38:41','2025-10-04 07:38:41'),(9723,'SEED-AUTO-9560-B',9102,9,'COMPLETED',700000.00,0.00,700000.00,NULL,'Khách seed','0901234567','Hà Nội',NULL,'2025-10-04 07:38:41','2025-10-04 07:38:41'),(9724,'SEED-AUTO-9561-B',9102,9,'COMPLETED',250000.00,0.00,250000.00,NULL,'Khách seed','0901234567','Hà Nội',NULL,'2025-10-04 07:38:41','2025-10-04 07:38:41'),(9725,'SEED-AUTO-9562-B',9102,9,'COMPLETED',1200000.00,0.00,1200000.00,NULL,'Khách seed','0901234567','Hà Nội',NULL,'2025-10-04 07:38:41','2025-10-04 07:38:41'),(9726,'SEED-AUTO-9563-B',9102,9,'COMPLETED',500000.00,0.00,500000.00,NULL,'Khách seed','0901234567','Hà Nội',NULL,'2025-10-04 07:38:41','2025-10-04 07:38:41'),(9727,'SEED-AUTO-9564-B',9102,5,'COMPLETED',900000.00,0.00,900000.00,NULL,'Khách seed','0901234567','Hà Nội',NULL,'2025-10-04 07:38:41','2025-10-04 07:38:41'),(9728,'SEED-AUTO-9565-B',9102,4,'COMPLETED',400000.00,0.00,400000.00,NULL,'Khách seed','0901234567','Hà Nội',NULL,'2025-10-04 07:38:41','2025-10-04 07:38:41'),(9729,'SEED-AUTO-9566-B',9102,4,'COMPLETED',650000.00,0.00,650000.00,NULL,'Khách seed','0901234567','Hà Nội',NULL,'2025-10-04 07:38:41','2025-10-04 07:38:41'),(9730,'SEED-AUTO-9575-B',9102,1,'COMPLETED',150000.00,0.00,150000.00,NULL,'Khách seed','0901234567','Hà Nội',NULL,'2025-10-04 07:38:41','2025-10-04 07:38:41'),(9731,'SEED-AUTO-9577-B',9102,10,'COMPLETED',500000.00,0.00,500000.00,NULL,'Khách seed','0901234567','Hà Nội',NULL,'2025-10-04 07:38:41','2025-10-04 07:38:41'),(9732,'SEED-AUTO-9578-B',9102,1,'COMPLETED',250000.00,0.00,250000.00,NULL,'Khách seed','0901234567','Hà Nội',NULL,'2025-10-04 07:38:41','2025-10-04 07:38:41'),(9760,'SO202510131847292551',14,10,'PENDING',500000.00,0.00,500000.00,25,'Trần Hải Việt','0397915683',NULL,NULL,'2025-10-13 11:47:29','2025-10-13 11:47:29'),(9761,'SO202510131847299780',14,15,'PENDING',645000.00,200000.00,445000.00,25,'Trần Hải Việt','0397915683',NULL,NULL,'2025-10-13 11:47:29','2025-10-13 11:47:29'),(9762,'SO202510131856196162',14,15,'PENDING',1110000.00,200000.00,910000.00,25,'Trần Hải Việt','0397915683',NULL,NULL,'2025-10-13 11:56:19','2025-10-13 11:56:19'),(9763,'SO202510131953313589',14,6,'CANCELLED',1500000.00,0.00,1500000.00,25,'Trần Hải Việt','0397915683',NULL,NULL,'2025-10-13 12:53:32','2025-10-13 12:53:32'),(9764,'SO202510131953322753',14,15,'PENDING',1150000.00,200000.00,950000.00,25,'Trần Hải Việt','0397915683',NULL,NULL,'2025-10-13 12:53:32','2025-10-13 12:53:32'),(9765,'SO202510132010543192',14,9,'PENDING',600000.00,0.00,600000.00,25,'Trần Hải Việt','0397915683',NULL,NULL,'2025-10-13 13:10:54','2025-10-13 13:10:54'),(9766,'SO202510132010547906',14,1,'PENDING',450000.00,0.00,450000.00,25,'Trần Hải Việt','0397915683',NULL,NULL,'2025-10-13 13:10:54','2025-10-13 13:10:54'),(9767,'SO202510132010543602',14,15,'PENDING',1325000.00,200000.00,1125000.00,25,'Trần Hải Việt','0397915683',NULL,NULL,'2025-10-13 13:10:54','2025-10-13 13:10:54'),(9768,'SO202510132011423905',14,9,'PENDING',600000.00,0.00,600000.00,25,'Trần Hải Việt','0397915683',NULL,NULL,'2025-10-13 13:11:42','2025-10-13 13:11:42'),(9769,'SO202510132011429538',14,1,'PENDING',450000.00,0.00,450000.00,25,'Trần Hải Việt','0397915683',NULL,NULL,'2025-10-13 13:11:42','2025-10-13 13:11:42'),(9770,'SO202510132011428822',14,15,'PENDING',1325000.00,200000.00,1125000.00,25,'Trần Hải Việt','0397915683',NULL,NULL,'2025-10-13 13:11:42','2025-10-13 13:11:42'),(9771,'SO202510132040395617',14,9,'PENDING',600000.00,0.00,600000.00,25,'Trần Hải Việt','0397915683',NULL,NULL,'2025-10-13 13:40:39','2025-10-13 13:40:39'),(9772,'SO202510132040395901',14,1,'PENDING',450000.00,0.00,450000.00,25,'Trần Hải Việt','0397915683',NULL,NULL,'2025-10-13 13:40:39','2025-10-13 13:40:39'),(9773,'SO202510132040399968',14,15,'PENDING',1325000.00,200000.00,1125000.00,25,'Trần Hải Việt','0397915683',NULL,NULL,'2025-10-13 13:40:39','2025-10-13 13:40:39'),(9774,'SO202510132051289418',14,9,'CANCELLED',600000.00,0.00,600000.00,24,'Trần Hải Việt','0397915683',NULL,NULL,'2025-10-13 13:51:28','2025-10-13 13:51:28'),(9775,'SO202510132051288157',14,1,'PENDING',450000.00,0.00,450000.00,24,'Trần Hải Việt','0397915683',NULL,NULL,'2025-10-13 13:51:28','2025-10-13 13:51:28'),(9776,'SO202510132051289431',14,15,'PENDING',1325000.00,40000.00,1285000.00,24,'Trần Hải Việt','0397915683',NULL,NULL,'2025-10-13 13:51:28','2025-10-13 13:51:28'),(9777,'SO202510132052175108',14,9,'PENDING',600000.00,0.00,600000.00,24,'Trần Hải Việt','0397915683',NULL,NULL,'2025-10-13 13:52:18','2025-10-13 13:52:18'),(9778,'SO202510132052179202',14,1,'PENDING',450000.00,0.00,450000.00,24,'Trần Hải Việt','0397915683',NULL,NULL,'2025-10-13 13:52:18','2025-10-13 13:52:18'),(9779,'SO202510132052179786',14,15,'COMPLETED',1325000.00,40000.00,1285000.00,24,'Trần Hải Việt','0397915683',NULL,NULL,'2025-10-13 13:52:18','2025-10-13 13:52:18'),(9780,'SO202510132100504363',14,9,'PENDING',600000.00,0.00,600000.00,25,'Trần Hải Việt','0397915683',NULL,NULL,'2025-10-13 14:00:50','2025-10-13 14:00:50'),(9781,'SO202510132100501923',14,1,'PENDING',450000.00,0.00,450000.00,25,'Trần Hải Việt','0397915683',NULL,NULL,'2025-10-13 14:00:50','2025-10-13 14:00:50'),(9782,'SO202510132100507520',14,15,'COMPLETED',1325000.00,200000.00,1125000.00,25,'Trần Hải Việt','0397915683',NULL,NULL,'2025-10-13 14:00:50','2025-10-13 14:00:50'),(9783,'SO202510132109253182',14,9,'CANCELLED',600000.00,0.00,600000.00,23,'Trần Hải Việt','0397915683',NULL,NULL,'2025-10-13 14:09:26','2025-10-13 14:09:26'),(9784,'SO202510132109252358',14,1,'PENDING',450000.00,0.00,450000.00,23,'Trần Hải Việt','0397915683',NULL,NULL,'2025-10-13 14:09:26','2025-10-13 14:09:26'),(9785,'SO202510132109252640',14,15,'COMPLETED',1325000.00,150000.00,1175000.00,23,'Trần Hải Việt','0397915683',NULL,NULL,'2025-10-13 14:09:26','2025-10-13 14:09:26'),(9786,'SO202510132123258995',14,9,'PENDING',600000.00,0.00,600000.00,23,'Trần Hải Việt','0397915683',NULL,NULL,'2025-10-13 14:23:26','2025-10-13 14:23:26'),(9787,'SO202510132123256473',14,1,'PENDING',450000.00,0.00,450000.00,23,'Trần Hải Việt','0397915683',NULL,NULL,'2025-10-13 14:23:26','2025-10-13 14:23:26'),(9788,'SO202510132123255606',14,15,'COMPLETED',1325000.00,150000.00,1175000.00,23,'Trần Hải Việt','0397915683',NULL,NULL,'2025-10-13 14:23:26','2025-10-13 14:23:26'),(9789,'SO202510132132169746',14,9,'PENDING',600000.00,0.00,600000.00,25,'Trần Hải Việt','0397915683',NULL,NULL,'2025-10-13 14:32:17','2025-10-13 14:32:17'),(9790,'SO202510132132168415',14,1,'PENDING',450000.00,0.00,450000.00,25,'Trần Hải Việt','0397915683',NULL,NULL,'2025-10-13 14:32:17','2025-10-13 14:32:17'),(9791,'SO202510132132169751',14,15,'COMPLETED',1325000.00,200000.00,1125000.00,25,'Trần Hải Việt','0397915683',NULL,NULL,'2025-10-13 14:32:17','2025-10-13 14:32:17'),(9792,'SO202510140919241129',14,9,'PENDING',600000.00,0.00,600000.00,22,'Trần Hải Việt','0397915683',NULL,NULL,'2025-10-14 02:19:25','2025-10-14 02:19:25'),(9793,'SO202510140919251575',14,1,'CANCELLED',150000.00,0.00,150000.00,22,'Trần Hải Việt','0397915683',NULL,NULL,'2025-10-14 02:19:25','2025-10-14 02:19:25'),(9794,'SO202510140919254041',14,15,'COMPLETED',445000.00,89000.00,356000.00,22,'Trần Hải Việt','0397915683',NULL,NULL,'2025-10-14 02:19:25','2025-10-14 02:19:25'),(9795,'SO202510141448186233',14,5,'PENDING',1200000.00,0.00,1200000.00,NULL,'Trần Hải Việt','0397915683',NULL,NULL,'2025-10-14 07:48:19','2025-10-14 07:48:19'),(9796,'SO202510141504353033',14,9,'PENDING',900000.00,0.00,900000.00,NULL,'Trần Hải Việt','0397915683',NULL,NULL,'2025-10-14 08:04:36','2025-10-14 08:04:36'),(9797,'SO202510141522053865',14,9,'PENDING',1200000.00,0.00,1200000.00,NULL,'Trần Hải Việt','0397915683','Hanoiqqq','ádasdas','2025-10-14 08:22:05','2025-10-14 08:22:05'),(9798,'SO202510170028539139',14,9,'PENDING',2000000.00,0.00,2000000.00,NULL,'Trần Hải Việt','0397915683','HOÀI HƯƠNG - HOÀI NHƠN - BÌNH ĐỊNH','bbbbbb','2025-10-16 17:28:54','2025-10-16 17:28:54'),(9799,'SO202510171815541101',14,15,'COMPLETED',65000.00,65000.00,0.00,23,'Trần Hải Việt','0397915683','HOÀI HƯƠNG - HOÀI NHƠN - BÌNH ĐỊNH','Hello','2025-10-17 11:15:55','2025-10-17 11:15:55'),(9800,'SO202510171816078955',14,15,'COMPLETED',65000.00,0.00,65000.00,NULL,'Trần Hải Việt','0397915683','HOÀI HƯƠNG - HOÀI NHƠN - BÌNH ĐỊNH','Hello','2025-10-17 11:16:07','2025-10-17 11:16:07'),(9801,'SO202510172037581549',14,3,'PENDING',65000.00,0.00,65000.00,NULL,'Trần Hải Việt','0397915683','HOÀI HƯƠNG - HOÀI NHƠN - BÌNH ĐỊNH','aaaa','2025-10-17 13:37:59','2025-10-17 13:37:59'),(9802,'SO202510181748373369',14,15,'COMPLETED',250000.00,200000.00,50000.00,25,'Trần Hải Việt','0397915683','HOÀI HƯƠNG - HOÀI NHƠN - BÌNH ĐỊNH','ewqrdqasdas','2025-10-18 10:48:38','2025-10-18 10:48:38'),(9803,'SO202510181753155067',9104,15,'COMPLETED',500000.00,50000.00,450000.00,14,'Trần Nam Tũn','0397915683','Hoài Đức - Hà Nội','123','2025-10-18 10:53:15','2025-10-18 10:53:15'),(9804,'SO202510181753276901',9104,15,'COMPLETED',500000.00,50000.00,450000.00,14,'Trần Nam Tũn','0397915683','Hoài Đức - Hà Nội','123','2025-10-18 10:53:27','2025-10-18 10:53:27');
/*!40000 ALTER TABLE `service_order` ENABLE KEYS */;
UNLOCK TABLES;

--
-- Table structure for table `service_order_item`
--

DROP TABLE IF EXISTS `service_order_item`;
/*!40101 SET @saved_cs_client     = @@character_set_client */;
/*!50503 SET character_set_client = utf8mb4 */;
CREATE TABLE `service_order_item` (
  `id` bigint NOT NULL AUTO_INCREMENT,
  `service_order_id` bigint NOT NULL,
  `vendor_id` bigint NOT NULL,
  `vendor_service_id` bigint NOT NULL,
  `scheduled_at` datetime NOT NULL,
  `quantity` int NOT NULL DEFAULT '1',
  `unit_price` decimal(12,2) NOT NULL,
  `subtotal` decimal(12,2) NOT NULL,
  PRIMARY KEY (`id`),
  KEY `idx_soi_order` (`service_order_id`),
  KEY `idx_soi_vs` (`vendor_service_id`),
  KEY `idx_soi_vendor` (`vendor_id`),
  CONSTRAINT `fk_soi_order` FOREIGN KEY (`service_order_id`) REFERENCES `service_order` (`id`) ON DELETE CASCADE,
  CONSTRAINT `fk_soi_vendor` FOREIGN KEY (`vendor_id`) REFERENCES `vendor_profile` (`user_id`) ON DELETE RESTRICT,
  CONSTRAINT `fk_soi_vs` FOREIGN KEY (`vendor_service_id`) REFERENCES `vendor_service` (`id`) ON DELETE RESTRICT,
  CONSTRAINT `service_order_item_chk_1` CHECK ((`quantity` > 0)),
  CONSTRAINT `soi_chk_unit_price` CHECK ((`unit_price` >= 0))
) ENGINE=InnoDB AUTO_INCREMENT=9930 DEFAULT CHARSET=utf8mb4 COLLATE=utf8mb4_unicode_ci;
/*!40101 SET character_set_client = @saved_cs_client */;

--
-- Dumping data for table `service_order_item`
--

LOCK TABLES `service_order_item` WRITE;
/*!40000 ALTER TABLE `service_order_item` DISABLE KEYS */;
INSERT INTO `service_order_item` VALUES (1,1,1,1,'2025-09-21 09:00:00',1,600000.00,600000.00),(2,2,2,2,'2025-09-22 10:00:00',1,350000.00,350000.00),(3,3,3,3,'2025-09-23 14:00:00',1,400000.00,400000.00),(4,4,4,4,'2025-09-24 08:00:00',1,1500000.00,1500000.00),(5,5,5,5,'2025-09-25 13:30:00',1,1800000.00,1800000.00),(6,6,6,6,'2025-09-26 09:00:00',1,500000.00,500000.00),(7,7,7,7,'2025-09-27 10:00:00',1,250000.00,250000.00),(8,8,8,8,'2025-09-28 15:00:00',1,900000.00,900000.00),(9,9,9,9,'2025-09-29 08:00:00',1,5000000.00,5000000.00),(10,10,10,10,'2025-09-30 09:00:00',1,3500000.00,3500000.00),(11,11,15,11,'2025-09-21 09:00:00',1,350000.00,350000.00),(12,11,15,12,'2025-09-21 11:00:00',1,300000.00,300000.00),(13,12,15,13,'2025-09-20 14:00:00',1,250000.00,250000.00),(14,13,15,14,'2025-09-23 15:30:00',2,200000.00,400000.00),(9713,9613,15,16,'2025-10-04 15:38:41',1,65000.00,65000.00),(9714,9614,1,17,'2025-10-04 15:38:41',1,150000.00,150000.00),(9715,9615,15,9509,'2025-10-04 15:38:41',1,250000.00,250000.00),(9716,9616,1,9516,'2025-10-04 15:38:41',1,300000.00,300000.00),(9717,9617,10,9517,'2025-10-04 15:38:41',1,380000.00,380000.00),(9718,9618,10,9518,'2025-10-04 15:38:41',1,650000.00,650000.00),(9719,9619,15,9519,'2025-10-04 15:38:41',1,850000.00,850000.00),(9720,9620,1,9520,'2025-10-04 15:38:41',1,350000.00,350000.00),(9721,9621,15,9521,'2025-10-04 15:38:41',1,450000.00,450000.00),(9722,9622,7,9522,'2025-10-04 15:38:41',1,200000.00,200000.00),(9723,9623,8,9523,'2025-10-04 15:38:41',1,300000.00,300000.00),(9724,9624,4,9524,'2025-10-04 15:38:41',1,450000.00,450000.00),(9726,9626,4,9526,'2025-10-04 15:38:41',1,360000.00,360000.00),(9728,9628,5,9528,'2025-10-04 15:38:41',1,1200000.00,1200000.00),(9730,9630,5,9530,'2025-10-04 15:38:41',1,900000.00,900000.00),(9732,9632,5,9532,'2025-10-04 15:38:41',1,600000.00,600000.00),(9734,9634,9,9534,'2025-10-04 15:38:41',1,500000.00,500000.00),(9736,9636,9,9536,'2025-10-04 15:38:41',1,450000.00,450000.00),(9738,9638,9,9538,'2025-10-04 15:38:41',1,400000.00,400000.00),(9740,9640,9,9540,'2025-10-04 15:38:41',1,200000.00,200000.00),(9741,9641,1,9541,'2025-10-04 15:38:41',1,300000.00,300000.00),(9742,9642,9,9542,'2025-10-04 15:38:41',1,250000.00,250000.00),(9743,9643,1,9543,'2025-10-04 15:38:41',1,320000.00,320000.00),(9744,9644,6,9544,'2025-10-04 15:38:41',1,350000.00,350000.00),(9745,9645,10,9545,'2025-10-04 15:38:41',1,250000.00,250000.00),(9746,9646,1,9546,'2025-10-04 15:38:41',1,200000.00,200000.00),(9747,9647,15,9547,'2025-10-04 15:38:41',1,350000.00,350000.00),(9748,9648,3,9548,'2025-10-04 15:38:41',1,600000.00,600000.00),(9749,9649,3,9549,'2025-10-04 15:38:41',1,450000.00,450000.00),(9750,9650,3,9550,'2025-10-04 15:38:41',1,65000.00,65000.00),(9751,9651,7,9551,'2025-10-04 15:38:41',1,120000.00,120000.00),(9752,9652,7,9552,'2025-10-04 15:38:41',1,180000.00,180000.00),(9753,9653,2,9553,'2025-10-04 15:38:41',1,450000.00,450000.00),(9754,9654,8,9554,'2025-10-04 15:38:41',1,350000.00,350000.00),(9755,9655,2,9555,'2025-10-04 15:38:41',1,600000.00,600000.00),(9756,9656,3,9556,'2025-10-04 15:38:41',1,750000.00,750000.00),(9757,9657,5,9557,'2025-10-04 15:38:41',1,600000.00,600000.00),(9758,9658,4,9558,'2025-10-04 15:38:41',1,400000.00,400000.00),(9759,9659,4,9559,'2025-10-04 15:38:41',1,300000.00,300000.00),(9760,9660,9,9560,'2025-10-04 15:38:41',1,700000.00,700000.00),(9761,9661,9,9561,'2025-10-04 15:38:41',1,250000.00,250000.00),(9762,9662,9,9562,'2025-10-04 15:38:41',1,1200000.00,1200000.00),(9763,9663,9,9563,'2025-10-04 15:38:41',1,500000.00,500000.00),(9764,9664,5,9564,'2025-10-04 15:38:41',1,900000.00,900000.00),(9765,9665,4,9565,'2025-10-04 15:38:41',1,400000.00,400000.00),(9766,9666,4,9566,'2025-10-04 15:38:41',1,650000.00,650000.00),(9767,9667,1,9575,'2025-10-04 15:38:41',1,150000.00,150000.00),(9768,9668,10,9577,'2025-10-04 15:38:41',1,500000.00,500000.00),(9769,9669,1,9578,'2025-10-04 15:38:41',1,250000.00,250000.00),(9776,9676,15,16,'2025-10-04 16:38:41',1,65000.00,65000.00),(9777,9677,1,17,'2025-10-04 16:38:41',1,150000.00,150000.00),(9778,9678,15,9509,'2025-10-04 16:38:41',1,250000.00,250000.00),(9779,9679,1,9516,'2025-10-04 16:38:41',1,300000.00,300000.00),(9780,9680,10,9517,'2025-10-04 16:38:41',1,380000.00,380000.00),(9781,9681,10,9518,'2025-10-04 16:38:41',1,650000.00,650000.00),(9782,9682,15,9519,'2025-10-04 16:38:41',1,850000.00,850000.00),(9783,9683,1,9520,'2025-10-04 16:38:41',1,350000.00,350000.00),(9784,9684,15,9521,'2025-10-04 16:38:41',1,450000.00,450000.00),(9785,9685,7,9522,'2025-10-04 16:38:41',1,200000.00,200000.00),(9786,9686,8,9523,'2025-10-04 16:38:41',1,300000.00,300000.00),(9787,9687,4,9524,'2025-10-04 16:38:41',1,450000.00,450000.00),(9789,9689,4,9526,'2025-10-04 16:38:41',1,360000.00,360000.00),(9791,9691,5,9528,'2025-10-04 16:38:41',1,1200000.00,1200000.00),(9793,9693,5,9530,'2025-10-04 16:38:41',1,900000.00,900000.00),(9795,9695,5,9532,'2025-10-04 16:38:41',1,600000.00,600000.00),(9797,9697,9,9534,'2025-10-04 16:38:41',1,500000.00,500000.00),(9799,9699,9,9536,'2025-10-04 16:38:41',1,450000.00,450000.00),(9801,9701,9,9538,'2025-10-04 16:38:41',1,400000.00,400000.00),(9803,9703,9,9540,'2025-10-04 16:38:41',1,200000.00,200000.00),(9804,9704,1,9541,'2025-10-04 16:38:41',1,300000.00,300000.00),(9805,9705,9,9542,'2025-10-04 16:38:41',1,250000.00,250000.00),(9806,9706,1,9543,'2025-10-04 16:38:41',1,320000.00,320000.00),(9807,9707,6,9544,'2025-10-04 16:38:41',1,350000.00,350000.00),(9808,9708,10,9545,'2025-10-04 16:38:41',1,250000.00,250000.00),(9809,9709,1,9546,'2025-10-04 16:38:41',1,200000.00,200000.00),(9810,9710,15,9547,'2025-10-04 16:38:41',1,350000.00,350000.00),(9811,9711,3,9548,'2025-10-04 16:38:41',1,600000.00,600000.00),(9812,9712,3,9549,'2025-10-04 16:38:41',1,450000.00,450000.00),(9813,9713,3,9550,'2025-10-04 16:38:41',1,65000.00,65000.00),(9814,9714,7,9551,'2025-10-04 16:38:41',1,120000.00,120000.00),(9815,9715,7,9552,'2025-10-04 16:38:41',1,180000.00,180000.00),(9816,9716,2,9553,'2025-10-04 16:38:41',1,450000.00,450000.00),(9817,9717,8,9554,'2025-10-04 16:38:41',1,350000.00,350000.00),(9818,9718,2,9555,'2025-10-04 16:38:41',1,600000.00,600000.00),(9819,9719,3,9556,'2025-10-04 16:38:41',1,750000.00,750000.00),(9820,9720,5,9557,'2025-10-04 16:38:41',1,600000.00,600000.00),(9821,9721,4,9558,'2025-10-04 16:38:41',1,400000.00,400000.00),(9822,9722,4,9559,'2025-10-04 16:38:41',1,300000.00,300000.00),(9823,9723,9,9560,'2025-10-04 16:38:41',1,700000.00,700000.00),(9824,9724,9,9561,'2025-10-04 16:38:41',1,250000.00,250000.00),(9825,9725,9,9562,'2025-10-04 16:38:41',1,1200000.00,1200000.00),(9826,9726,9,9563,'2025-10-04 16:38:41',1,500000.00,500000.00),(9827,9727,5,9564,'2025-10-04 16:38:41',1,900000.00,900000.00),(9828,9728,4,9565,'2025-10-04 16:38:41',1,400000.00,400000.00),(9829,9729,4,9566,'2025-10-04 16:38:41',1,650000.00,650000.00),(9830,9730,1,9575,'2025-10-04 16:38:41',1,150000.00,150000.00),(9831,9731,10,9577,'2025-10-04 16:38:41',1,500000.00,500000.00),(9832,9732,1,9578,'2025-10-04 16:38:41',1,250000.00,250000.00),(9872,9760,10,9545,'2025-10-31 18:47:00',2,250000.00,500000.00),(9873,9761,15,16,'2025-10-23 18:47:00',3,65000.00,195000.00),(9874,9761,15,9521,'2025-10-30 18:47:00',1,450000.00,450000.00),(9875,9762,15,9519,'2025-10-23 18:53:00',1,850000.00,850000.00),(9876,9762,15,16,'2025-11-01 18:56:00',4,65000.00,260000.00),(9877,9763,6,6,'2025-10-31 19:52:00',3,500000.00,1500000.00),(9878,9764,15,9509,'2025-10-21 19:52:00',3,250000.00,750000.00),(9879,9764,15,14,'2025-10-23 19:53:00',2,200000.00,400000.00),(9880,9765,9,9540,'2025-10-23 20:09:00',3,200000.00,600000.00),(9881,9766,1,17,'2025-10-17 20:09:00',3,150000.00,450000.00),(9882,9767,15,16,'2025-11-01 20:09:00',5,65000.00,325000.00),(9883,9767,15,13,'2025-10-29 20:10:00',4,250000.00,1000000.00),(9884,9768,9,9540,'2025-10-23 20:09:00',3,200000.00,600000.00),(9885,9769,1,17,'2025-10-17 20:09:00',3,150000.00,450000.00),(9886,9770,15,16,'2025-11-01 20:09:00',5,65000.00,325000.00),(9887,9770,15,13,'2025-11-01 20:11:00',4,250000.00,1000000.00),(9888,9771,9,9540,'2025-10-23 20:09:00',3,200000.00,600000.00),(9889,9772,1,17,'2025-10-17 20:09:00',3,150000.00,450000.00),(9890,9773,15,16,'2025-11-01 20:09:00',5,65000.00,325000.00),(9891,9773,15,13,'2025-10-23 20:40:00',4,250000.00,1000000.00),(9892,9774,9,9540,'2025-10-23 20:09:00',3,200000.00,600000.00),(9893,9775,1,17,'2025-10-17 20:09:00',3,150000.00,450000.00),(9894,9776,15,16,'2025-11-01 20:09:00',5,65000.00,325000.00),(9895,9776,15,13,'2025-11-08 20:51:00',4,250000.00,1000000.00),(9896,9777,9,9540,'2025-10-23 20:09:00',3,200000.00,600000.00),(9897,9778,1,17,'2025-10-17 20:09:00',3,150000.00,450000.00),(9898,9779,15,16,'2025-11-01 20:09:00',5,65000.00,325000.00),(9899,9779,15,13,'2025-11-08 20:51:00',4,250000.00,1000000.00),(9900,9780,9,9540,'2025-10-23 20:09:00',3,200000.00,600000.00),(9901,9781,1,17,'2025-10-17 20:09:00',3,150000.00,450000.00),(9902,9782,15,16,'2025-11-01 20:09:00',5,65000.00,325000.00),(9903,9782,15,13,'2025-11-09 21:00:00',4,250000.00,1000000.00),(9904,9783,9,9540,'2025-10-23 20:09:00',3,200000.00,600000.00),(9905,9784,1,17,'2025-10-17 20:09:00',3,150000.00,450000.00),(9906,9785,15,16,'2025-11-01 20:09:00',5,65000.00,325000.00),(9907,9785,15,13,'2025-10-17 21:09:00',4,250000.00,1000000.00),(9908,9786,9,9540,'2025-10-23 20:09:00',3,200000.00,600000.00),(9909,9787,1,17,'2025-10-17 20:09:00',3,150000.00,450000.00),(9910,9788,15,16,'2025-11-01 20:09:00',5,65000.00,325000.00),(9911,9788,15,13,'2025-10-25 21:23:00',4,250000.00,1000000.00),(9912,9789,9,9540,'2025-10-23 20:09:00',3,200000.00,600000.00),(9913,9790,1,17,'2025-10-17 20:09:00',3,150000.00,450000.00),(9914,9791,15,16,'2025-11-01 20:09:00',5,65000.00,325000.00),(9915,9791,15,13,'2025-10-26 21:32:00',4,250000.00,1000000.00),(9916,9792,9,9540,'2025-10-23 20:09:00',3,200000.00,600000.00),(9917,9793,1,17,'2025-10-17 20:09:00',1,150000.00,150000.00),(9918,9794,15,16,'2025-11-01 20:09:00',3,65000.00,195000.00),(9919,9794,15,13,'2025-10-31 09:19:00',1,250000.00,250000.00),(9920,9795,5,9528,'2025-10-24 14:47:00',1,1200000.00,1200000.00),(9921,9796,9,9536,'2025-10-30 15:04:00',2,450000.00,900000.00),(9922,9797,9,9538,'2025-10-30 15:21:00',3,400000.00,1200000.00),(9923,9798,9,9538,'2025-10-31 22:14:00',5,400000.00,2000000.00),(9924,9799,15,16,'2025-10-30 18:15:00',1,65000.00,65000.00),(9925,9800,15,16,'2025-10-30 18:15:00',1,65000.00,65000.00),(9926,9801,3,9550,'2025-10-17 20:37:00',1,65000.00,65000.00),(9927,9802,15,13,'2025-10-18 17:48:00',1,250000.00,250000.00),(9928,9803,15,13,'2025-10-18 17:53:00',2,250000.00,500000.00),(9929,9804,15,13,'2025-10-18 17:53:00',2,250000.00,500000.00);
/*!40000 ALTER TABLE `service_order_item` ENABLE KEYS */;
UNLOCK TABLES;

--
-- Table structure for table `user`
--

DROP TABLE IF EXISTS `user`;
/*!40101 SET @saved_cs_client     = @@character_set_client */;
/*!50503 SET character_set_client = utf8mb4 */;
CREATE TABLE `user` (
  `id` bigint NOT NULL AUTO_INCREMENT,
  `username` varchar(150) COLLATE utf8mb4_unicode_ci NOT NULL,
  `password` varchar(255) COLLATE utf8mb4_unicode_ci NOT NULL,
  `role` enum('ROLE_ADMIN','ROLE_CUSTOMER','ROLE_VENDOR') COLLATE utf8mb4_unicode_ci NOT NULL DEFAULT 'ROLE_CUSTOMER',
  `email` varchar(255) COLLATE utf8mb4_unicode_ci NOT NULL,
  `phone` varchar(50) COLLATE utf8mb4_unicode_ci DEFAULT NULL,
  `avatar_url` varchar(500) COLLATE utf8mb4_unicode_ci DEFAULT NULL,
  `is_active` tinyint(1) DEFAULT '1',
  `created_at` timestamp NULL DEFAULT CURRENT_TIMESTAMP,
  `updated_at` timestamp NULL DEFAULT CURRENT_TIMESTAMP ON UPDATE CURRENT_TIMESTAMP,
  PRIMARY KEY (`id`),
  UNIQUE KEY `uk_user_username` (`username`),
  UNIQUE KEY `uk_user_email` (`email`)
) ENGINE=InnoDB AUTO_INCREMENT=9108 DEFAULT CHARSET=utf8mb4 COLLATE=utf8mb4_unicode_ci;
/*!40101 SET character_set_client = @saved_cs_client */;

--
-- Dumping data for table `user`
--

LOCK TABLES `user` WRITE;
/*!40000 ALTER TABLE `user` DISABLE KEYS */;
INSERT INTO `user` VALUES (1,'vendor01','$2a$10$hash','ROLE_VENDOR','vendor01@example.com','0900000001',NULL,1,'2025-09-20 05:24:29','2025-09-20 05:24:29'),(2,'vendor02','$2a$10$hash','ROLE_VENDOR','vendor02@example.com','0900000002',NULL,1,'2025-09-20 05:24:29','2025-09-22 02:54:18'),(3,'vendor03','$2a$10$hash','ROLE_VENDOR','vendor03@example.com','0900000003',NULL,1,'2025-09-20 05:24:29','2025-09-20 05:24:29'),(4,'vendor04','$2a$10$hash','ROLE_VENDOR','vendor04@example.com','0900000004',NULL,1,'2025-09-20 05:24:29','2025-09-20 05:24:29'),(5,'vendor05','$2a$10$hash','ROLE_VENDOR','vendor05@example.com','0900000005',NULL,1,'2025-09-20 05:24:29','2025-09-20 05:24:29'),(6,'vendor06','$2a$10$hash','ROLE_VENDOR','vendor06@example.com','0900000006',NULL,1,'2025-09-20 05:24:29','2025-09-20 05:24:29'),(7,'vendor07','$2a$10$hash','ROLE_VENDOR','vendor07@example.com','0900000007',NULL,1,'2025-09-20 05:24:29','2025-09-20 05:24:29'),(8,'vendor08','$2a$10$hash','ROLE_VENDOR','vendor08@example.com','0900000008',NULL,1,'2025-09-20 05:24:29','2025-09-20 05:24:29'),(9,'vendor09','$2a$10$hash','ROLE_VENDOR','vendor09@example.com','0900000009',NULL,1,'2025-09-20 05:24:29','2025-09-20 05:24:29'),(10,'vendor10','$2a$10$hash','ROLE_VENDOR','vendor10@example.com','0900000010',NULL,1,'2025-09-20 05:24:29','2025-09-20 05:24:29'),(13,'admin','$2a$10$j672HpXtoT/G4zLg9f.58uDokC.k8gxdc0LcBtXHRTLP/GOluddvi','ROLE_ADMIN','admin@gmail.com','0123456789',NULL,1,'2025-09-20 07:56:34','2025-09-21 08:15:07'),(14,'TranViet0908','$2a$10$7BcXb7eemLMJqq9NUkTnxOTb/IvammDnBF4D9aT1xQzt/Dlopxniu','ROLE_CUSTOMER','viettun0908@gmail.com','0397915683','/uploads/avatars/f306f34afab54eca95c2ca0294a76e88.png',1,'2025-09-21 10:05:19','2025-09-22 03:21:13'),(15,'viettun0908','$2a$10$NKCD5l/bwy5kZE468cPDXe7SwJuy4tYS6hAjpaZ/uDhE2tGTujMVy','ROLE_VENDOR','tranviet2004v@gmail.com','0999999999','/uploads/avatars/be79aded539b47c1bd29a423ac647814.png',1,'2025-09-21 10:07:39','2025-10-01 18:02:57'),(17,'TestUsername','$2a$10$.LaCEzHSFkXs9KrPUdBz/.9UZJOPFqFKyoiL/H2LQXXG26h.E7mnu','ROLE_CUSTOMER','1@gmail.com','0147852369','/uploads/avatars/73f3440b842b4f42b07626211975b995.png',1,'2025-09-22 03:06:30','2025-09-22 03:21:26'),(18,'a','$2a$10$DyhgxiuA0E/XfBQdsTz4gOuorFlTBzjumlpd0cYTMH4kx..BMtw5y','ROLE_CUSTOMER','2@gmail.com','0123654789','/uploads/avatars/2b134ea813bc4cf8a80865c146e892be.png',1,'2025-09-22 03:23:40','2025-09-22 03:23:40'),(19,'cust_anhkhoa','$2a$10$r8nNf2qk2eQ7zF4z5u9rAeG0V9x9o2l5vF6G2j3T1u9b0Lw1xYtmi','ROLE_CUSTOMER','anhkhoa@example.com','0900000001',NULL,1,'2025-09-22 15:49:15','2025-09-22 15:49:15'),(20,'cust_minhchau','$2a$10$r8nNf2qk2eQ7zF4z5u9rAeG0V9x9o2l5vF6G2j3T1u9b0Lw1xYtmi','ROLE_CUSTOMER','minhchau@example.com','0900000002',NULL,1,'2025-09-22 15:49:15','2025-09-22 15:49:15'),(999,'guest','$2a$10$7BcXb7eemLMJqq9NUkTnxOTb/IvammDnBF4D9aT1xQzt/Dlopxniu','ROLE_CUSTOMER','guest@example.com',NULL,NULL,1,'2025-09-29 03:32:29','2025-09-29 03:32:29'),(9001,'seed_vendor1','{noop}123456','ROLE_VENDOR','vendor1@example.com','0900001000',NULL,1,'2025-09-27 17:51:21','2025-09-27 17:51:21'),(9002,'seed_vendor2','{noop}123456','ROLE_VENDOR','vendor2@example.com','0900001001',NULL,1,'2025-09-27 17:51:21','2025-09-27 17:51:21'),(9003,'seed_vendor3','{noop}123456','ROLE_VENDOR','vendor3@example.com','0900001002',NULL,1,'2025-09-27 17:51:21','2025-09-27 17:51:21'),(9004,'seed_vendor4','{noop}123456','ROLE_VENDOR','vendor4@example.com','0900001003',NULL,1,'2025-09-27 17:51:21','2025-09-27 17:51:21'),(9005,'seed_vendor5','{noop}123456','ROLE_VENDOR','vendor5@example.com','0900001004',NULL,1,'2025-09-27 17:51:21','2025-09-27 17:51:21'),(9101,'seed_cust1','{noop}123456','ROLE_CUSTOMER','cust1@example.com','0900001005',NULL,1,'2025-09-27 17:51:21','2025-09-27 17:51:21'),(9102,'seed_cust2','{noop}123456','ROLE_CUSTOMER','cust2@example.com','0900001006',NULL,1,'2025-09-27 17:51:21','2025-09-27 17:51:21'),(9103,'seed_cust3','{noop}123456','ROLE_CUSTOMER','cust3@example.com','0900001007',NULL,1,'2025-09-27 17:51:21','2025-09-27 17:51:21'),(9104,'Namtun123','$2a$10$UaYK6gGr5jLCcWzt1qdSUuywB6pncYHOXpn0148EYmURwNfxNIjd6','ROLE_CUSTOMER','123@gmail.com','0909090909','/uploads/avatars/4737bdd4413d4e52b8f7d8196c12f536.jpg',1,'2025-10-18 10:52:21','2025-10-18 10:52:21'),(9105,'Cena','$2a$10$TU77IVQtqMCOZZh2NDDhD.NiHVb944W0ErSGuYK1SOcsYIn2.7vOu','ROLE_CUSTOMER','cena@gmail.com','0111111111','/uploads/avatars/8185e7cb2dd1456abea7b42227faa3f7.png',1,'2025-10-18 11:19:22','2025-10-18 11:19:22'),(9106,'CMPunk','$2a$10$kXoZiT680/O247Y0cI7YtOlR1Rgl3LW/m2OL.6mw7LDVUKIxoDo72','ROLE_CUSTOMER','cmpunk@gmail.com','0222222222','/uploads/avatars/3d42ed358b8441af809246568d142d74.jpg',1,'2025-10-18 11:21:03','2025-10-18 11:21:03'),(9107,'aaa','$2a$10$rLCaiY./uW/.ww./H5tF1ufG0He3nwcislBMK9EJ/QfCJt.RE8g06','ROLE_CUSTOMER','valid1@example.com','0999999998','/uploads/avatars/19199fe423784242a8b35bfbca5f49d9.svg',1,'2025-10-19 10:13:09','2025-10-19 10:13:09');
/*!40000 ALTER TABLE `user` ENABLE KEYS */;
UNLOCK TABLES;

--
-- Table structure for table `vendor_applications`
--

DROP TABLE IF EXISTS `vendor_applications`;
/*!40101 SET @saved_cs_client     = @@character_set_client */;
/*!50503 SET character_set_client = utf8mb4 */;
CREATE TABLE `vendor_applications` (
  `id` bigint NOT NULL AUTO_INCREMENT,
  `user_id` bigint NOT NULL,
  `display_name` varchar(150) COLLATE utf8mb4_unicode_ci NOT NULL,
  `full_name` varchar(150) COLLATE utf8mb4_unicode_ci NOT NULL,
  `email` varchar(255) COLLATE utf8mb4_unicode_ci DEFAULT NULL,
  `phone` varchar(50) COLLATE utf8mb4_unicode_ci DEFAULT NULL,
  `address` varchar(500) COLLATE utf8mb4_unicode_ci DEFAULT NULL,
  `region` varchar(100) COLLATE utf8mb4_unicode_ci DEFAULT NULL,
  `experience_years` int DEFAULT '0',
  `note` longtext COLLATE utf8mb4_unicode_ci,
  `status` enum('APPROVED','PENDING','REJECTED') COLLATE utf8mb4_unicode_ci NOT NULL,
  `created_at` timestamp NOT NULL DEFAULT CURRENT_TIMESTAMP,
  `updated_at` timestamp NOT NULL DEFAULT CURRENT_TIMESTAMP ON UPDATE CURRENT_TIMESTAMP,
  PRIMARY KEY (`id`),
  UNIQUE KEY `uk_va_user_status` (`user_id`,`status`),
  KEY `idx_va_user` (`user_id`),
  KEY `idx_va_status` (`status`),
  CONSTRAINT `fk_va_user` FOREIGN KEY (`user_id`) REFERENCES `user` (`id`) ON DELETE RESTRICT ON UPDATE RESTRICT
) ENGINE=InnoDB AUTO_INCREMENT=5 DEFAULT CHARSET=utf8mb4 COLLATE=utf8mb4_unicode_ci;
/*!40101 SET character_set_client = @saved_cs_client */;

--
-- Dumping data for table `vendor_applications`
--

LOCK TABLES `vendor_applications` WRITE;
/*!40000 ALTER TABLE `vendor_applications` DISABLE KEYS */;
INSERT INTO `vendor_applications` VALUES (4,15,'NamTun','Trần Hải Tũn','tranviet2004v@gmail.com','0999999999','Thôn phố thú y - Đức Thượng - Hoài Đức - Hà Nội','Hà Nội',5,'Im a best cleaner in VBB','APPROVED','2025-09-21 09:10:50','2025-09-21 09:31:56');
/*!40000 ALTER TABLE `vendor_applications` ENABLE KEYS */;
UNLOCK TABLES;

--
-- Table structure for table `vendor_profile`
--

DROP TABLE IF EXISTS `vendor_profile`;
/*!40101 SET @saved_cs_client     = @@character_set_client */;
/*!50503 SET character_set_client = utf8mb4 */;
CREATE TABLE `vendor_profile` (
  `id` bigint NOT NULL AUTO_INCREMENT,
  `user_id` bigint NOT NULL,
  `display_name` varchar(255) COLLATE utf8mb4_unicode_ci DEFAULT NULL,
  `legal_name` varchar(255) COLLATE utf8mb4_unicode_ci DEFAULT NULL,
  `bio` tinytext COLLATE utf8mb4_unicode_ci,
  `years_experience` int DEFAULT NULL,
  `rating_avg` decimal(3,2) DEFAULT '0.00',
  `rating_count` int DEFAULT '0',
  `address_line` varchar(255) COLLATE utf8mb4_unicode_ci DEFAULT NULL,
  `verified` tinyint(1) DEFAULT '0',
  `created_at` timestamp NULL DEFAULT CURRENT_TIMESTAMP,
  `updated_at` timestamp NULL DEFAULT CURRENT_TIMESTAMP ON UPDATE CURRENT_TIMESTAMP,
  PRIMARY KEY (`id`),
  UNIQUE KEY `uk_vendor_profile_user` (`user_id`),
  CONSTRAINT `fk_vendor_profile_user` FOREIGN KEY (`user_id`) REFERENCES `user` (`id`) ON DELETE CASCADE,
  CONSTRAINT `vendor_profile_chk_1` CHECK (((`rating_avg` >= 0.00) and (`rating_avg` <= 5.00)))
) ENGINE=InnoDB AUTO_INCREMENT=18 DEFAULT CHARSET=utf8mb4 COLLATE=utf8mb4_unicode_ci;
/*!40101 SET character_set_client = @saved_cs_client */;

--
-- Dumping data for table `vendor_profile`
--

LOCK TABLES `vendor_profile` WRITE;
/*!40000 ALTER TABLE `vendor_profile` DISABLE KEYS */;
INSERT INTO `vendor_profile` VALUES (1,1,'Vệ Sinh A','Anh A','Chuyên vệ sinh nhà.',5,4.80,120,'Hà Nội',1,'2025-09-20 05:24:29','2025-09-21 22:11:46'),(2,2,'Điện Lạnh B','Anh B','Sửa điều hòa.',6,4.60,98,'Hà Nội',1,'2025-09-20 05:24:29','2025-09-22 05:12:35'),(3,3,'Thợ Nước C','Anh C','Sửa ống nước.',4,4.50,77,'Hà Nội',0,'2025-09-20 05:24:29','2025-09-22 05:12:35'),(4,4,'Sơn Nhà D','Anh D','Sơn sửa nhà.',8,4.70,150,'Hà Nội',1,'2025-09-20 05:24:29','2025-09-22 05:12:35'),(5,5,'Chống Thấm E','Anh E','Chống thấm, xử lý nấm mốc.',7,4.40,63,'Hà Nội',0,'2025-09-20 05:24:29','2025-09-22 05:12:35'),(6,6,'Giặt Thảm F','Anh F','Giặt thảm, sofa.',3,4.30,41,'Hà Nội',0,'2025-09-20 05:24:29','2025-09-22 05:12:35'),(7,7,'Điện G','Anh G','Sửa điện dân dụng.',9,4.90,210,'Hà Nội',1,'2025-09-20 05:24:29','2025-09-22 05:12:35'),(8,8,'Lắp Đặt H','Anh H','Lắp đèn, quạt.',5,4.20,35,'Hà Nội',0,'2025-09-20 05:24:29','2025-09-22 05:12:35'),(9,9,'Bảo Trì I','Anh I','Bảo trì tòa nhà.',10,4.60,88,'Hà Nội',1,'2025-09-20 05:24:29','2025-09-22 05:12:35'),(10,10,'Vệ Sinh J','Anh J','Vệ sinh công nghiệp.',2,4.10,22,'Hà Nội',0,'2025-09-20 05:24:29','2025-09-22 05:12:35'),(12,15,'NamTun','Trần Hải Tũn','Im a best cleaner in VBB',5,4.50,8,'Thôn phố thú y - Đức Thượng - Hoài Đức - Hà Nội',1,'2025-09-21 09:31:56','2025-10-18 11:13:00');
/*!40000 ALTER TABLE `vendor_profile` ENABLE KEYS */;
UNLOCK TABLES;

--
-- Table structure for table `vendor_review`
--

DROP TABLE IF EXISTS `vendor_review`;
/*!40101 SET @saved_cs_client     = @@character_set_client */;
/*!50503 SET character_set_client = utf8mb4 */;
CREATE TABLE `vendor_review` (
  `id` bigint NOT NULL AUTO_INCREMENT,
  `vendor_id` bigint NOT NULL,
  `customer_id` bigint NOT NULL,
  `service_order_id` bigint DEFAULT NULL,
  `rating` tinyint unsigned NOT NULL,
  `content` text COLLATE utf8mb4_unicode_ci NOT NULL,
  `created_at` timestamp NULL DEFAULT CURRENT_TIMESTAMP,
  `updated_at` timestamp NULL DEFAULT CURRENT_TIMESTAMP ON UPDATE CURRENT_TIMESTAMP,
  `hidden` tinyint(1) NOT NULL DEFAULT '0',
  `hidden_reason` varchar(255) COLLATE utf8mb4_unicode_ci DEFAULT NULL,
  `hidden_by_admin_id` bigint DEFAULT NULL,
  `hidden_at` datetime DEFAULT NULL,
  PRIMARY KEY (`id`),
  UNIQUE KEY `uq_vendor_review_so` (`service_order_id`),
  KEY `fk_vr_vendor` (`vendor_id`),
  KEY `fk_vr_customer` (`customer_id`),
  CONSTRAINT `fk_vr_customer` FOREIGN KEY (`customer_id`) REFERENCES `user` (`id`) ON DELETE CASCADE,
  CONSTRAINT `fk_vr_so` FOREIGN KEY (`service_order_id`) REFERENCES `service_order` (`id`) ON DELETE SET NULL,
  CONSTRAINT `fk_vr_vendor` FOREIGN KEY (`vendor_id`) REFERENCES `vendor_profile` (`user_id`) ON DELETE CASCADE,
  CONSTRAINT `vendor_review_chk_1` CHECK (((`rating` is null) or (`rating` between 1 and 5))),
  CONSTRAINT `vendor_review_chk_2` CHECK ((`rating` between 1 and 5))
) ENGINE=InnoDB AUTO_INCREMENT=19 DEFAULT CHARSET=utf8mb4 COLLATE=utf8mb4_unicode_ci;
/*!40101 SET character_set_client = @saved_cs_client */;

--
-- Dumping data for table `vendor_review`
--

LOCK TABLES `vendor_review` WRITE;
/*!40000 ALTER TABLE `vendor_review` DISABLE KEYS */;
INSERT INTO `vendor_review` VALUES (1,1,1,1,5,'Rất tốt','2025-09-20 05:24:29','2025-09-20 05:24:29',0,NULL,NULL,NULL),(2,2,2,2,4,'Ổn, đúng hẹn','2025-09-20 05:24:29','2025-09-20 05:24:29',0,NULL,NULL,NULL),(3,3,3,3,5,'Xử lý nhanh','2025-09-20 05:24:29','2025-09-20 05:24:29',0,NULL,NULL,NULL),(4,4,4,NULL,4,'Tư vấn kỹ','2025-09-20 05:24:29','2025-09-20 05:24:29',0,NULL,NULL,NULL),(5,5,5,5,5,'Hiệu quả','2025-09-20 05:24:29','2025-09-20 05:24:29',0,NULL,NULL,NULL),(6,6,6,NULL,5,'Chỉ comment không chấm điểm','2025-09-20 05:24:29','2025-09-26 08:30:14',0,NULL,NULL,NULL),(7,7,7,7,5,'Giá hợp lý','2025-09-20 05:24:29','2025-09-20 05:24:29',0,NULL,NULL,NULL),(8,8,8,8,4,'Sẽ ủng hộ tiếp','2025-09-20 05:24:29','2025-09-20 05:24:29',0,NULL,NULL,NULL),(9,9,9,9,5,'Rất chuyên nghiệp','2025-09-20 05:24:29','2025-09-20 05:24:29',0,NULL,NULL,NULL),(10,10,10,10,4,'Ổn định','2025-09-20 05:24:29','2025-09-20 05:24:29',0,NULL,NULL,NULL),(11,15,20,12,5,'Xử lý rò rỉ nhanh và gọn.','2025-09-20 12:00:00','2025-09-22 15:49:15',0,NULL,NULL,NULL),(12,15,14,NULL,5,'Dịch vụ tốt, đúng giờ và lịch sự.','2025-09-26 16:45:14','2025-10-01 16:45:14',0,NULL,NULL,NULL),(13,15,17,NULL,4,'Làm việc ổn, có thể cải thiện tốc độ.','2025-09-27 16:45:14','2025-10-01 16:45:14',0,NULL,NULL,NULL),(14,15,18,NULL,5,'Rất hài lòng, sẽ đặt lại lần sau.','2025-09-28 16:45:14','2025-10-01 16:45:14',0,NULL,NULL,NULL),(15,15,19,NULL,3,'Ổn nhưng còn thiếu dụng cụ chuyên dụng.','2025-09-29 16:45:14','2025-10-01 16:45:14',0,NULL,NULL,NULL),(16,15,9101,NULL,4,'Thái độ tốt, kết quả sạch sẽ.','2025-09-30 16:45:14','2025-10-01 16:45:14',0,NULL,NULL,NULL),(17,15,14,9800,5,'Tuyệt vời','2025-10-18 10:32:30','2025-10-18 10:32:30',0,NULL,NULL,NULL),(18,15,9104,9804,5,'Sạch sẽ, Gọn gàng','2025-10-18 11:13:00','2025-10-18 11:13:00',0,NULL,NULL,NULL);
/*!40000 ALTER TABLE `vendor_review` ENABLE KEYS */;
UNLOCK TABLES;

--
-- Table structure for table `vendor_service`
--

DROP TABLE IF EXISTS `vendor_service`;
/*!40101 SET @saved_cs_client     = @@character_set_client */;
/*!50503 SET character_set_client = utf8mb4 */;
CREATE TABLE `vendor_service` (
  `id` bigint NOT NULL AUTO_INCREMENT,
  `vendor_id` bigint NOT NULL,
  `service_id` bigint NOT NULL,
  `title` varchar(255) COLLATE utf8mb4_unicode_ci NOT NULL,
  `description` tinytext COLLATE utf8mb4_unicode_ci,
  `base_price` decimal(12,2) NOT NULL,
  `unit` varchar(50) COLLATE utf8mb4_unicode_ci DEFAULT 'job',
  `duration_minutes` int DEFAULT '60',
  `min_notice_hours` int DEFAULT '24',
  `max_daily_jobs` int DEFAULT '10',
  `status` varchar(20) COLLATE utf8mb4_unicode_ci NOT NULL,
  `cover_url` varchar(500) COLLATE utf8mb4_unicode_ci DEFAULT NULL,
  `created_at` timestamp NULL DEFAULT CURRENT_TIMESTAMP,
  `updated_at` timestamp NULL DEFAULT CURRENT_TIMESTAMP ON UPDATE CURRENT_TIMESTAMP,
  PRIMARY KEY (`id`),
  UNIQUE KEY `uk_vendor_service_unique` (`vendor_id`,`service_id`,`title`),
  KEY `idx_vs_vendor` (`vendor_id`),
  KEY `idx_vs_service` (`service_id`),
  KEY `idx_vs_service_status` (`service_id`,`status`),
  KEY `idx_vs_vendor_status` (`vendor_id`,`status`),
  CONSTRAINT `fk_vs_service` FOREIGN KEY (`service_id`) REFERENCES `service` (`id`) ON DELETE RESTRICT,
  CONSTRAINT `fk_vs_vendor_profile` FOREIGN KEY (`vendor_id`) REFERENCES `vendor_profile` (`user_id`) ON DELETE CASCADE,
  CONSTRAINT `vendor_service_chk_price` CHECK ((`base_price` >= 0))
) ENGINE=InnoDB AUTO_INCREMENT=9579 DEFAULT CHARSET=utf8mb4 COLLATE=utf8mb4_unicode_ci;
/*!40101 SET character_set_client = @saved_cs_client */;

--
-- Dumping data for table `vendor_service`
--

LOCK TABLES `vendor_service` WRITE;
/*!40000 ALTER TABLE `vendor_service` DISABLE KEYS */;
INSERT INTO `vendor_service` VALUES (1,1,1,'Gói vệ sinh căn hộ 60m²','Dọn tổng vệ sinh',600000.00,'job',120,24,5,'ACTIVE',NULL,'2025-09-20 05:24:29','2025-09-20 05:24:29'),(2,2,7,'Vệ sinh điều hòa treo tường','Tháo vệ sinh lắp lại',350000.00,'job',60,24,8,'ACTIVE','/uploads/vendor-services/2/2/868a4da99b0248bbb44b0977793f73d9.jpg','2025-09-20 05:24:29','2025-09-20 05:24:29'),(3,3,4,'Sửa ống nước rò rỉ','Kiểm tra, thay thế',400000.00,'job',90,24,6,'ACTIVE','/uploads/vendor-services/3/3/169c4508484348c5ad98cfba7e3b11c3.jpg','2025-09-20 05:24:29','2025-09-20 05:24:29'),(4,4,5,'Sơn lại phòng 20m²','Sơn 2 lớp',1500000.00,'job',300,48,2,'ACTIVE','/uploads/vendor-services/4/4/0252496094a44e968f25fc9d46ad0f15.jpg','2025-09-20 05:24:29','2025-09-20 05:24:29'),(5,5,6,'Chống thấm ban công','Vật liệu gốc xi măng',1800000.00,'job',240,48,2,'ACTIVE','/uploads/vendor-services/5/5/1282db001a904bc9bb2c77357ab90732.jpg','2025-09-20 05:24:29','2025-09-20 05:24:29'),(6,6,2,'Giặt sofa 3 chỗ','Giặt hơi nước',500000.00,'job',90,24,4,'ACTIVE','/uploads/vendor-services/6/6/24b5796dc7b74395af65c463cdc936ed.webp','2025-09-20 05:24:29','2025-09-20 05:24:29'),(7,7,3,'Sửa điện ổ cắm, công tắc','Thay mới vật tư',250000.00,'job',60,24,10,'ACTIVE',NULL,'2025-09-20 05:24:29','2025-09-20 05:24:29'),(8,8,8,'Lắp 5 đèn downlight','Đã gồm vật tư',900000.00,'job',120,24,5,'ACTIVE','/uploads/vendor-services/8/8/3bc666953ab4486e84a544cd5d9cde23.jpg','2025-09-20 05:24:29','2025-09-20 05:24:29'),(9,9,9,'Bảo trì tòa nhà mini','Gói theo tháng',5000000.00,'job',480,72,1,'ACTIVE','/uploads/vendor-services/9/9/bc4866d225544f88a1c055281d540afb.png','2025-09-20 05:24:29','2025-09-20 05:24:29'),(10,10,10,'Vệ sinh nhà xưởng 100m²','Máy móc công nghiệp',3500000.00,'job',360,72,2,'ACTIVE','/uploads/vendor-services/10/10/3be671e0bd41450c9dbc21c86442cc8e.jpg','2025-09-20 05:24:29','2025-09-20 05:24:29'),(11,15,1,'Gói vệ sinh căn hộ 60m²','Dọn tổng vệ sinh căn hộ tiêu chuẩn 60m²',350000.00,'job',120,24,5,'HIDDEN',NULL,'2025-09-22 15:41:34','2025-09-24 03:02:46'),(12,15,2,'Vệ sinh điều hòa treo tường','Tháo vệ sinh và lắp lại máy treo tường',300000.00,'job',60,24,6,'PAUSED',NULL,'2025-09-22 15:41:34','2025-09-24 03:02:49'),(13,15,3,'Sửa ống nước rò rỉ','Xử lý rò rỉ, thay ron, siết khớp cơ bản',250000.00,'job',60,12,8,'ACTIVE','/uploads/vendor-services/15/13/4f9143bf3c92419d8068589c923d2d7b.jpg','2025-09-22 15:41:34','2025-09-22 15:41:34'),(14,15,7,'Sửa điện gia dụng cơ bản','Kiểm tra và sửa các thiết bị điện nhỏ',200000.00,'job',45,6,10,'ACTIVE','/uploads/vendor-services/15/14/e626ee1913334d2fbd4462dc187b04df.jpg','2025-09-22 15:41:34','2025-09-22 15:41:34'),(16,15,24,'Lắp vòi xịt','Lắp vòi xịt trong toilet cho mọi nhà vệ sinh ',65000.00,'job',60,24,10,'ACTIVE','/uploads/vendor-services/15/16/12c71959eef44d5b8964826da338ea0f.webp','2025-09-24 03:04:08','2025-09-24 03:22:12'),(17,1,8,'Dịch vụ Lắp đèn ngủ','Lắp đèn ngủ cho phòng ngủ',150000.00,'job',30,24,10,'ACTIVE','/uploads/vendor-services/1/17/76aef47992834ddf8cf4a8c770d83ebd.jpg','2025-09-24 03:30:22','2025-09-24 03:30:22'),(9509,15,16,'Dịch vụ diệt côn trùng','',250000.00,'job',60,24,10,'ACTIVE','/uploads/vendor-services/15/9509/8f6d4358779f425299481d78e01c8873.webp','2025-09-24 03:04:08','2025-10-06 17:09:10'),(9516,1,9406,'Vệ sinh rèm cửa - Gói 1','Giặt vệ sinh rèm',300000.00,'job',90,24,10,'ACTIVE','/uploads/vendor-services/1/9516/ea012c4338e9418cb7f7bdc380b35b1f.jpg','2025-10-04 02:13:49','2025-10-04 02:13:49'),(9517,10,9406,'Vệ sinh rèm cửa - Gói 2','Giặt rèm cao cấp',380000.00,'job',120,48,8,'ACTIVE','/uploads/vendor-services/10/9517/7ae51fbb961a4f78b90be13eaa47b26a.jpg','2025-10-04 02:19:26','2025-10-04 02:19:26'),(9518,10,9407,'Tổng vệ sinh sau xây dựng - Gói 1','Gói cơ bản',650000.00,'job',180,24,6,'ACTIVE','/uploads/vendor-services/10/9518/0f30d7e39c4d4bd6b4b40b133cfa1bfd.jpg','2025-10-04 02:19:26','2025-10-04 02:19:26'),(9519,15,9407,'Tổng vệ sinh sau xây dựng - Gói 2','Gói chuyên sâu',850000.00,'job',240,48,4,'ACTIVE','/uploads/vendor-services/15/9519/b4f856d45510415688bcfb3befb6066f.jpg','2025-10-04 02:19:26','2025-10-04 02:19:26'),(9520,1,9408,'Vệ sinh tủ bếp - Gói 1','Làm sạch và khử mùi',350000.00,'job',90,24,10,'ACTIVE','/uploads/vendor-services/1/9520/4ca2f689a5164d6eaefe1d36f9f6da8d.jpg','2025-10-04 02:19:26','2025-10-04 02:19:26'),(9521,15,9408,'Vệ sinh tủ bếp - Gói 2','Làm sạch sâu',450000.00,'job',120,48,8,'ACTIVE','/uploads/vendor-services/15/9521/0655872ad5024402bca5014196aaec07.jpg','2025-10-04 02:19:26','2025-10-04 02:19:26'),(9522,7,9409,'Sửa quạt điện - Gói 1','Thay tụ, tra dầu',200000.00,'job',60,24,10,'ACTIVE','/uploads/vendor-services/7/9522/22fd65db1d894fafada702fbbd97ca3e.jpg','2025-10-04 02:19:26','2025-10-04 02:19:26'),(9523,8,9409,'Sửa quạt điện - Gói 2','Sửa mạch điều khiển',300000.00,'job',75,48,8,'ACTIVE','/uploads/vendor-services/8/9523/59ff47cdedfe4961a689a1b5e4897546.jpg','2025-10-04 02:19:26','2025-10-04 02:19:26'),(9524,4,9410,'Sơn trần nhà - Gói 1','Sơn 1 lớp',450000.00,'job',120,24,6,'ACTIVE','/uploads/vendor-services/4/9524/a2e9ceff34294bee9f22ae3f084b449a.jpg','2025-10-04 02:19:26','2025-10-04 02:19:26'),(9526,4,9411,'Sơn chống gỉ - Gói 1','Bề mặt nhỏ',360000.00,'job',90,24,8,'ACTIVE','/uploads/vendor-services/4/9526/595a18b30dc24102a0d6fa38e9448f91.jpg','2025-10-04 02:19:26','2025-10-04 02:19:26'),(9528,5,9412,'Chống thấm sân thượng - Gói 1','Vật liệu xi măng',1200000.00,'job',180,48,4,'ACTIVE','/uploads/vendor-services/5/9528/8a2269b285e14fcf8083d8e6bf547f0d.jpg','2025-10-04 02:19:26','2025-10-04 02:19:26'),(9530,5,9413,'Chống thấm nhà vệ sinh - Gói 1','Lớp phủ gốc xi măng',900000.00,'job',150,48,5,'ACTIVE','/uploads/vendor-services/5/9530/2bfb73ab967c4aa6b8aad5349ec24c9c.jpg','2025-10-04 02:19:26','2025-10-04 02:19:26'),(9532,5,9414,'Chống thấm ban công - Gói 1','Sửa cục bộ',600000.00,'job',120,24,6,'ACTIVE','/uploads/vendor-services/5/9532/504bd60d1c3f4307b3ffb2a8e6485ded.jpg','2025-10-04 02:19:26','2025-10-04 02:19:26'),(9534,9,9415,'Bảo trì hệ thống điện - Gói 1','Kiểm tra định kỳ',500000.00,'job',120,24,5,'ACTIVE','/uploads/vendor-services/9/9534/51a9774c8a4d40e4beec7d5780e1effe.jpg','2025-10-04 02:19:26','2025-10-04 02:19:26'),(9536,9,9416,'Bảo trì hệ thống nước - Gói 1','Súc rửa, kiểm tra',450000.00,'job',120,24,5,'ACTIVE','/uploads/vendor-services/9/9536/c1cd747dfae545578a3c3f8b65297e70.jpg','2025-10-04 02:19:26','2025-10-04 02:19:26'),(9538,9,9417,'Bảo trì máy bơm - Gói 1','Thay bạc đạn, tra dầu',400000.00,'job',90,24,6,'ACTIVE','/uploads/vendor-services/9/9538/ac066352a7d848828327eba8ad66b39b.jpg','2025-10-04 02:19:26','2025-10-04 02:19:26'),(9540,9,9418,'Tưới cây định kỳ - Gói 1','Tưới 3 lần/tuần',200000.00,'job',60,24,10,'ACTIVE','/uploads/vendor-services/9/9540/fecf7e9288c044528595a86163203560.jpg','2025-10-04 02:19:26','2025-10-04 02:19:26'),(9541,1,9418,'Tưới cây định kỳ - Gói 2','Tưới hàng ngày',300000.00,'job',90,24,8,'ACTIVE','/uploads/vendor-services/1/9541/dfa8ae37b3ee4a6884e30fe0dc3cd5a6.jpg','2025-10-04 02:19:26','2025-10-04 02:19:26'),(9542,9,9419,'Bón phân cây cảnh - Gói 1','Bón NPK tổng hợp',250000.00,'job',60,24,8,'ACTIVE','/uploads/vendor-services/9/9542/e0f59b3891b44caf82932cfefb9e4d3d.jpg','2025-10-04 02:19:26','2025-10-04 02:19:26'),(9543,1,9419,'Bón phân cây cảnh - Gói 2','Bón chậm tan',320000.00,'job',75,24,6,'ACTIVE','/uploads/vendor-services/1/9543/b99be18cef684bfa81cd6c6a85bd6a77.jpg','2025-10-04 02:19:26','2025-10-04 02:19:26'),(9544,6,11,'Giặt thảm gia đình','Giặt thảm trải sàn, khử mùi, diệt khuẩn',350000.00,'job',90,24,8,'ACTIVE','/uploads/vendor-services/6/9544/82350a9bc7fa4810ada7b297133e54af.jpg','2025-10-04 02:46:16','2025-10-04 03:05:41'),(9545,10,12,'Vệ sinh kính chuyên sâu','Vệ sinh kính trong/ngoài, tẩy ố cơ bản',250000.00,'job',75,24,8,'ACTIVE','/uploads/vendor-services/10/9545/c4994cc5573142d69d2e97e9f61694a5.jpg','2025-10-04 02:46:16','2025-10-04 02:46:16'),(9546,1,13,'Dọn nhà theo giờ 2h','Dọn vệ sinh cơ bản theo ca 2 giờ',200000.00,'job',120,24,10,'ACTIVE','/uploads/vendor-services/1/9546/8e8d5436a95848ec8c32ad40a8ffda1a.jpg','2025-10-04 02:46:16','2025-10-04 02:46:16'),(9547,15,15,'Phun khử khuẩn không gian','Khử khuẩn phòng ở, văn phòng nhỏ',350000.00,'job',90,24,6,'ACTIVE','/uploads/vendor-services/15/9547/e16d641f9194439a93ec7a3c05455ddf.jpg','2025-10-04 02:46:16','2025-10-04 02:46:16'),(9548,3,22,'Thông tắc bồn cầu','Xử lý tắc nhanh, có bảo hành',600000.00,'job',90,24,6,'ACTIVE','/uploads/vendor-services/3/9548/419f0a6ae526446a82c4dd752a8936ce.jpg','2025-10-04 02:46:16','2025-10-04 03:05:41'),(9549,3,23,'Thông tắc chậu rửa','Thông tắc bồn rửa bếp, lavabo',450000.00,'job',75,24,6,'ACTIVE','/uploads/vendor-services/3/9549/2ceda835e7d74e439dd8db794330c0ea.jpg','2025-10-04 02:46:16','2025-10-04 03:05:41'),(9550,3,24,'Lắp thiết bị vệ sinh tổng hợp','Lavabo, sen vòi, xịt vệ sinh, phụ kiện',65000.00,'job',60,24,10,'ACTIVE','/uploads/vendor-services/3/9550/0a966d9ba4cf4e7e93b5ef4671437e64.jpg','2025-10-04 02:46:16','2025-10-04 02:46:16'),(9551,7,18,'Lắp ổ cắm, công tắc','Thay mới/lắp thêm ổ cắm, công tắc',120000.00,'job',45,12,10,'ACTIVE','/uploads/vendor-services/7/9551/bc704c24a9f549b8b489f20bc1e2d744.jpg','2025-10-04 02:46:16','2025-10-04 03:05:41'),(9552,7,19,'Kiểm tra chập điện','Tìm nguyên nhân chập, đo đạc an toàn',180000.00,'job',45,24,10,'ACTIVE','/uploads/vendor-services/7/9552/a11bebadcc5c492abef980a2e9838d3a.jpg','2025-10-04 02:46:16','2025-10-04 03:05:41'),(9553,2,25,'Lắp đặt bình nóng lạnh','Khoan treo, đấu nước, đấu điện',450000.00,'job',90,24,4,'ACTIVE','/uploads/vendor-services/2/9553/79aba26d7b3a4451a8e008e1929961f5.jpg','2025-10-04 02:46:16','2025-10-04 03:05:41'),(9554,8,17,'Lắp quạt trần','Thi công treo quạt trần và đấu dây',350000.00,'job',75,24,6,'ACTIVE','/uploads/vendor-services/8/9554/a00e9f11b2f04180a0bc1c851bdb42eb.png','2025-10-04 02:46:16','2025-10-04 03:05:41'),(9555,2,21,'Sửa điều hòa','Xử lý lỗi, nạp gas, thay linh kiện',600000.00,'job',120,24,6,'ACTIVE','/uploads/vendor-services/2/9555/4df4e8cd3f4847389fd2c9557d5b0faf.jpg','2025-10-04 02:46:16','2025-10-04 03:05:41'),(9556,3,26,'Lắp máy bơm nước','Đấu nối, căn chỉnh vận hành',750000.00,'job',120,24,4,'ACTIVE','/uploads/vendor-services/3/9556/c02e84676b444d8f81cd7afa87d8368c.jpg','2025-10-04 02:46:16','2025-10-04 03:05:41'),(9557,5,27,'Sơn chống thấm tường','Thi công lớp lót và phủ chống thấm',600000.00,'job',180,24,4,'ACTIVE','/uploads/vendor-services/5/9557/3c2de373fbfc41458bb19a7dbe413374.jpg','2025-10-04 02:46:16','2025-10-04 02:46:16'),(9558,4,28,'Sơn cửa gỗ','Sơn PU cơ bản cho cửa gỗ',400000.00,'job',120,24,4,'ACTIVE','/uploads/vendor-services/4/9558/2ee808d1db264cf8839ad93e30181e4a.webp','2025-10-04 02:46:16','2025-10-04 02:46:16'),(9559,4,29,'Bả matit tường','Xử lý bề mặt trước khi sơn',300000.00,'job',120,24,5,'ACTIVE','/uploads/vendor-services/4/9559/021a725364274e02bf9bab3c4827f141.jpg','2025-10-04 02:46:16','2025-10-04 02:46:16'),(9560,9,30,'Vệ sinh bể nước','Vệ sinh bể ngầm/bồn, bơm hút cặn',700000.00,'job',240,48,2,'ACTIVE','/uploads/vendor-services/9/9560/e837dbbd6ca14a4493e88f190fb244f9.jpg','2025-10-04 02:46:16','2025-10-04 02:46:16'),(9561,9,32,'Cắt tỉa cây thông','Tạo tán, dọn cành cho cây thông Noel',250000.00,'job',180,72,2,'ACTIVE','/uploads/vendor-services/9/9561/551819f755f94be3be2e32a14b9ac4e7.jpg','2025-10-04 02:46:16','2025-10-04 02:46:16'),(9562,9,30,'Vệ sinh bể nước - Gói cơ bản','Vệ sinh bể ngầm/bồn',1200000.00,'job',180,48,3,'ACTIVE','/uploads/vendor-services/9/9562/9afbfcc5f04546f5966b520d9e6c2531.jpg','2025-10-04 03:05:41','2025-10-04 03:05:41'),(9563,9,32,'Cắt tỉa cây thông Noel','Cắt tỉa, tạo tán cơ bản',500000.00,'2h',120,24,5,'ACTIVE','/uploads/vendor-services/9/9563/b006d48059804dda89fbb1925f64936f.jpg','2025-10-04 03:05:41','2025-10-04 03:05:41'),(9564,5,27,'Sơn chống thấm tường - Gói 1','Lăn 2 lớp vật liệu gốc xi măng',900000.00,'job',150,48,4,'ACTIVE','/uploads/vendor-services/5/9564/977ea53b80564783be9dfe1d54fc832c.jpg','2025-10-04 03:05:41','2025-10-04 03:05:41'),(9565,4,29,'Bả matit tường - Cơ bản','Xử lý bề mặt trước sơn',400000.00,'job',120,24,6,'ACTIVE','/uploads/vendor-services/4/9565/0d45820de9894a61a3d2bb4e47955993.jpg','2025-10-04 03:05:41','2025-10-04 03:05:41'),(9566,4,28,'Sơn cửa gỗ PU','Sơn PU cơ bản 1 cánh',650000.00,'job',120,24,6,'ACTIVE','/uploads/vendor-services/4/9566/29c00f3ef4524ee7bb9c6e3d5c746453.webp','2025-10-04 03:05:41','2025-10-04 03:05:41'),(9575,1,13,'Dọn nhà theo giờ','Dịch vụ dọn theo giờ',150000.00,'job',120,12,10,'ACTIVE','/uploads/vendor-services/1/9575/880034f39ae94a8b9930a4a24437ca6f.jpg','2025-10-04 03:05:41','2025-10-04 03:05:41'),(9577,10,15,'Phun khử khuẩn không gian','Khử khuẩn cơ bản căn hộ',500000.00,'job',60,12,8,'ACTIVE','/uploads/vendor-services/10/9577/3a4b6fbb3b734f969e4c16ca26756a3e.jpg','2025-10-04 03:05:41','2025-10-04 03:05:41'),(9578,1,12,'Vệ sinh kính','Lau kính trong/ngoài cơ bản',250000.00,'job',90,24,10,'ACTIVE','/uploads/vendor-services/1/9578/abb3feebbc43420bb8c40304b0edd9b4.jpg','2025-10-04 03:05:41','2025-10-04 03:05:41');
/*!40000 ALTER TABLE `vendor_service` ENABLE KEYS */;
UNLOCK TABLES;

--
-- Table structure for table `vendor_service_media`
--

DROP TABLE IF EXISTS `vendor_service_media`;
/*!40101 SET @saved_cs_client     = @@character_set_client */;
/*!50503 SET character_set_client = utf8mb4 */;
CREATE TABLE `vendor_service_media` (
  `id` bigint NOT NULL AUTO_INCREMENT,
  `vendor_service_id` bigint NOT NULL,
  `media_type` enum('IMAGE','VIDEO') COLLATE utf8mb4_unicode_ci NOT NULL,
  `url` varchar(512) COLLATE utf8mb4_unicode_ci NOT NULL,
  `alt_text` varchar(255) COLLATE utf8mb4_unicode_ci DEFAULT NULL,
  `sort_order` int NOT NULL DEFAULT '0',
  `is_cover` tinyint(1) NOT NULL DEFAULT '0',
  `created_at` datetime NOT NULL DEFAULT CURRENT_TIMESTAMP,
  `updated_at` datetime NOT NULL DEFAULT CURRENT_TIMESTAMP ON UPDATE CURRENT_TIMESTAMP,
  PRIMARY KEY (`id`),
  UNIQUE KEY `uk_vsm_vs_url` (`vendor_service_id`,`url`),
  KEY `idx_vsm_vs_order` (`vendor_service_id`,`sort_order`),
  KEY `idx_vsm_vs_cover` (`vendor_service_id`,`is_cover`),
  CONSTRAINT `fk_vsm_vendor_service` FOREIGN KEY (`vendor_service_id`) REFERENCES `vendor_service` (`id`) ON DELETE CASCADE
) ENGINE=InnoDB AUTO_INCREMENT=187 DEFAULT CHARSET=utf8mb4 COLLATE=utf8mb4_unicode_ci;
/*!40101 SET character_set_client = @saved_cs_client */;

--
-- Dumping data for table `vendor_service_media`
--

LOCK TABLES `vendor_service_media` WRITE;
/*!40000 ALTER TABLE `vendor_service_media` DISABLE KEYS */;
INSERT INTO `vendor_service_media` VALUES (39,9559,'IMAGE','/uploads/vendor-services/4/9559/021a725364274e02bf9bab3c4827f141.jpg',NULL,0,1,'2025-10-19 17:22:41','2025-10-19 17:22:41'),(40,9559,'IMAGE','/uploads/vendor-services/4/9559/c27c4a56a47b4a54abcc373ba8163416.jpg',NULL,1,0,'2025-10-19 17:22:52','2025-10-19 17:22:52'),(41,9534,'IMAGE','/uploads/vendor-services/9/9534/51a9774c8a4d40e4beec7d5780e1effe.jpg',NULL,0,1,'2025-10-19 17:24:19','2025-10-19 17:24:19'),(42,9534,'IMAGE','/uploads/vendor-services/9/9534/218be6165f5d48db9c3dc3d7b0981135.jpg',NULL,1,0,'2025-10-19 17:24:30','2025-10-19 17:24:30'),(44,9536,'IMAGE','/uploads/vendor-services/9/9536/c1cd747dfae545578a3c3f8b65297e70.jpg',NULL,1,1,'2025-10-19 17:25:12','2025-10-19 17:25:32'),(45,9536,'IMAGE','/uploads/vendor-services/9/9536/4025106982164dada5ed912dfed3802d.png',NULL,1,0,'2025-10-19 17:25:42','2025-10-19 17:25:42'),(46,9,'IMAGE','/uploads/vendor-services/9/9/bc4866d225544f88a1c055281d540afb.png',NULL,0,1,'2025-10-19 17:26:23','2025-10-19 17:26:23'),(47,9,'IMAGE','/uploads/vendor-services/9/9/4dbaac15bb854f47b800a7dc00c4e4a9.jpg',NULL,1,0,'2025-10-19 17:26:31','2025-10-19 17:26:31'),(48,9542,'IMAGE','/uploads/vendor-services/9/9542/e0f59b3891b44caf82932cfefb9e4d3d.jpg',NULL,0,1,'2025-10-19 17:27:09','2025-10-19 17:27:09'),(49,9542,'IMAGE','/uploads/vendor-services/9/9542/84fa43639abd447c94ae6e8e61b4b6b1.jpg',NULL,1,0,'2025-10-19 17:27:19','2025-10-19 17:27:19'),(50,9561,'IMAGE','/uploads/vendor-services/9/9561/551819f755f94be3be2e32a14b9ac4e7.jpg',NULL,0,1,'2025-10-19 17:28:01','2025-10-19 17:28:01'),(51,9561,'IMAGE','/uploads/vendor-services/9/9561/66e3cc2af6e94652b1e6b701bf937adf.jpg',NULL,1,0,'2025-10-19 17:28:08','2025-10-19 17:28:08'),(52,9540,'IMAGE','/uploads/vendor-services/9/9540/fecf7e9288c044528595a86163203560.jpg',NULL,0,1,'2025-10-19 17:29:51','2025-10-19 17:29:51'),(53,9540,'IMAGE','/uploads/vendor-services/9/9540/8adfbb4d5c70444e8596e59024265e3d.jpg',NULL,1,0,'2025-10-19 17:29:58','2025-10-19 17:29:58'),(54,5,'IMAGE','/uploads/vendor-services/5/5/1282db001a904bc9bb2c77357ab90732.jpg',NULL,0,1,'2025-10-19 17:30:18','2025-10-19 17:30:18'),(55,9528,'IMAGE','/uploads/vendor-services/5/9528/8a2269b285e14fcf8083d8e6bf547f0d.jpg',NULL,0,1,'2025-10-19 17:30:29','2025-10-19 17:30:29'),(56,9530,'IMAGE','/uploads/vendor-services/5/9530/2bfb73ab967c4aa6b8aad5349ec24c9c.jpg',NULL,0,1,'2025-10-19 17:30:47','2025-10-19 17:30:47'),(57,9530,'IMAGE','/uploads/vendor-services/5/9530/b754515297b34f6ab672dcb0349666b4.jpg',NULL,1,0,'2025-10-19 17:31:00','2025-10-19 17:31:00'),(58,9532,'IMAGE','/uploads/vendor-services/5/9532/504bd60d1c3f4307b3ffb2a8e6485ded.jpg',NULL,0,1,'2025-10-19 17:31:10','2025-10-19 17:31:10'),(59,9532,'IMAGE','/uploads/vendor-services/5/9532/47ca550993b44c16bb6a2fd7fc09e2dc.jpg',NULL,1,0,'2025-10-19 17:31:16','2025-10-19 17:31:16'),(60,9530,'IMAGE','/uploads/vendor-services/5/9530/25bf0101b07b47fea3248f9972af709b.jpg',NULL,2,0,'2025-10-19 17:31:28','2025-10-19 17:31:28'),(61,9530,'IMAGE','/uploads/vendor-services/5/9530/c4fdaf66b26d47faa761ef4b9f63448e.jpg',NULL,3,0,'2025-10-19 17:31:36','2025-10-19 17:31:36'),(62,9528,'IMAGE','/uploads/vendor-services/5/9528/9f45d0fad65a44b8a2c618ce36f97b5c.png',NULL,1,0,'2025-10-19 17:31:48','2025-10-19 17:31:48'),(63,9528,'IMAGE','/uploads/vendor-services/5/9528/4456d98303ae4618ab4b9632c0556aba.jpg',NULL,2,0,'2025-10-19 17:31:56','2025-10-19 17:31:56'),(64,9561,'IMAGE','/uploads/vendor-services/9/9561/18ac08d164fd4f80a982f18253ddf185.jpg',NULL,2,0,'2025-10-19 17:32:30','2025-10-19 17:32:30'),(65,9561,'IMAGE','/uploads/vendor-services/9/9561/d59a52689ce5466b9011cb333e42ec50.jpg',NULL,3,0,'2025-10-19 17:32:42','2025-10-19 17:32:42'),(66,9542,'IMAGE','/uploads/vendor-services/9/9542/3e01e0bad5904bd79ed9c586219820c8.webp',NULL,2,0,'2025-10-19 17:32:58','2025-10-19 17:32:58'),(67,9509,'IMAGE','/uploads/vendor-services/15/9509/8f6d4358779f425299481d78e01c8873.webp',NULL,2,1,'2025-10-19 17:34:04','2025-10-19 18:06:40'),(68,9509,'IMAGE','/uploads/vendor-services/15/9509/63d927621c274532b3754ccb629f247d.jpg',NULL,3,0,'2025-10-19 17:34:11','2025-10-19 17:34:11'),(69,9575,'IMAGE','/uploads/vendor-services/1/9575/880034f39ae94a8b9930a4a24437ca6f.jpg',NULL,0,1,'2025-10-19 17:34:33','2025-10-19 17:34:33'),(70,9546,'IMAGE','/uploads/vendor-services/1/9546/8e8d5436a95848ec8c32ad40a8ffda1a.jpg',NULL,0,1,'2025-10-19 17:34:39','2025-10-19 17:34:39'),(73,6,'IMAGE','/uploads/vendor-services/6/6/24b5796dc7b74395af65c463cdc936ed.webp',NULL,0,1,'2025-10-19 17:35:48','2025-10-19 17:35:48'),(74,6,'IMAGE','/uploads/vendor-services/6/6/b6a1e78eb46a4dbf93bceab9934f30c9.jpg',NULL,1,0,'2025-10-19 17:36:00','2025-10-19 17:36:00'),(75,9544,'IMAGE','/uploads/vendor-services/6/9544/82350a9bc7fa4810ada7b297133e54af.jpg',NULL,0,1,'2025-10-19 17:36:10','2025-10-19 17:36:10'),(76,9544,'IMAGE','/uploads/vendor-services/6/9544/85b20df1e419431dacfe3c28984258f2.jpg',NULL,1,0,'2025-10-19 17:36:18','2025-10-19 17:36:18'),(77,9552,'IMAGE','/uploads/vendor-services/7/9552/a11bebadcc5c492abef980a2e9838d3a.jpg',NULL,0,1,'2025-10-19 17:36:33','2025-10-19 17:36:33'),(78,9552,'IMAGE','/uploads/vendor-services/7/9552/7282f00bb82245dbb06686a718c1859b.jpg',NULL,1,0,'2025-10-19 17:36:45','2025-10-19 17:36:45'),(79,9553,'IMAGE','/uploads/vendor-services/2/9553/79aba26d7b3a4451a8e008e1929961f5.jpg',NULL,0,1,'2025-10-19 17:37:41','2025-10-19 17:37:41'),(80,9553,'IMAGE','/uploads/vendor-services/2/9553/1becec55cdb743408a0881d2cc56a8d3.jpg',NULL,1,0,'2025-10-19 17:37:47','2025-10-19 17:37:47'),(81,17,'IMAGE','/uploads/vendor-services/1/17/76aef47992834ddf8cf4a8c770d83ebd.jpg',NULL,0,1,'2025-10-19 17:38:49','2025-10-19 17:38:49'),(82,17,'IMAGE','/uploads/vendor-services/1/17/b3b1727c65524758a57caba80aec2b63.jpg',NULL,1,0,'2025-10-19 17:38:55','2025-10-19 17:38:55'),(83,9556,'IMAGE','/uploads/vendor-services/3/9556/c02e84676b444d8f81cd7afa87d8368c.jpg',NULL,0,1,'2025-10-19 17:39:11','2025-10-19 17:39:11'),(84,9556,'IMAGE','/uploads/vendor-services/3/9556/6f598f324f10436392a8e6b59becd740.jpg',NULL,1,0,'2025-10-19 17:39:17','2025-10-19 17:39:17'),(85,9551,'IMAGE','/uploads/vendor-services/7/9551/bc704c24a9f549b8b489f20bc1e2d744.jpg',NULL,0,1,'2025-10-19 17:39:32','2025-10-19 17:39:32'),(86,9551,'IMAGE','/uploads/vendor-services/7/9551/fdcbe47bd7d747f88300d890a2a5d4fb.jpg',NULL,1,0,'2025-10-19 17:39:37','2025-10-19 17:39:37'),(87,9554,'IMAGE','/uploads/vendor-services/8/9554/a00e9f11b2f04180a0bc1c851bdb42eb.png',NULL,0,1,'2025-10-19 17:39:58','2025-10-19 17:39:58'),(88,9554,'IMAGE','/uploads/vendor-services/8/9554/3ab150ddebc54b6e976da0e210e3121d.jpg',NULL,1,0,'2025-10-19 17:40:07','2025-10-19 17:40:07'),(89,9550,'IMAGE','/uploads/vendor-services/3/9550/0a966d9ba4cf4e7e93b5ef4671437e64.jpg',NULL,0,1,'2025-10-19 17:40:46','2025-10-19 17:40:46'),(90,9550,'IMAGE','/uploads/vendor-services/3/9550/c93696d9a45a4baa9ebeef5f17e8cf84.jpg',NULL,1,0,'2025-10-19 17:40:56','2025-10-19 17:40:56'),(91,9550,'IMAGE','/uploads/vendor-services/3/9550/8165d3d012714c3ab1f5e2752031ea9b.jpg',NULL,2,0,'2025-10-19 17:42:34','2025-10-19 17:42:34'),(92,9550,'IMAGE','/uploads/vendor-services/3/9550/22a81e24cdb34cb58b939b775489e267.jpg',NULL,3,0,'2025-10-19 17:42:41','2025-10-19 17:42:41'),(93,9547,'IMAGE','/uploads/vendor-services/15/9547/e16d641f9194439a93ec7a3c05455ddf.jpg',NULL,0,1,'2025-10-19 17:44:44','2025-10-19 17:44:44'),(94,9547,'IMAGE','/uploads/vendor-services/15/9547/f522ee70836c4c3284347d509b22259e.webp',NULL,1,0,'2025-10-19 17:44:55','2025-10-19 17:44:55'),(95,9526,'IMAGE','/uploads/vendor-services/4/9526/595a18b30dc24102a0d6fa38e9448f91.jpg',NULL,0,1,'2025-10-19 17:45:55','2025-10-19 17:45:55'),(96,9526,'IMAGE','/uploads/vendor-services/4/9526/94323fde3f884a64b3ec8eb3ccb401d7.webp',NULL,1,0,'2025-10-19 17:46:01','2025-10-19 17:46:01'),(97,9559,'IMAGE','/uploads/vendor-services/4/9559/b886fe5d5d9547c2a6510b14c0bdd121.jpg',NULL,2,0,'2025-10-19 17:46:39','2025-10-19 17:46:39'),(98,9557,'IMAGE','/uploads/vendor-services/5/9557/3c2de373fbfc41458bb19a7dbe413374.jpg',NULL,0,1,'2025-10-19 17:46:48','2025-10-19 17:46:48'),(99,9564,'IMAGE','/uploads/vendor-services/5/9564/977ea53b80564783be9dfe1d54fc832c.jpg',NULL,0,1,'2025-10-19 17:46:54','2025-10-19 17:46:54'),(100,9558,'IMAGE','/uploads/vendor-services/4/9558/2ee808d1db264cf8839ad93e30181e4a.webp',NULL,0,1,'2025-10-19 17:47:04','2025-10-19 17:47:04'),(101,9558,'IMAGE','/uploads/vendor-services/4/9558/14815d4e4b114924a73e05e36efbe7a6.png',NULL,1,0,'2025-10-19 17:47:12','2025-10-19 17:47:12'),(102,4,'IMAGE','/uploads/vendor-services/4/4/0252496094a44e968f25fc9d46ad0f15.jpg',NULL,0,1,'2025-10-19 17:47:26','2025-10-19 17:47:26'),(103,4,'IMAGE','/uploads/vendor-services/4/4/e01f10639c154ba0af6f0a99fbbce250.jpg',NULL,1,0,'2025-10-19 17:47:32','2025-10-19 17:47:32'),(104,9524,'IMAGE','/uploads/vendor-services/4/9524/a2e9ceff34294bee9f22ae3f084b449a.jpg',NULL,0,1,'2025-10-19 17:47:41','2025-10-19 17:47:41'),(105,9524,'IMAGE','/uploads/vendor-services/4/9524/3a9aafd554e64c26aef6e8a93e8cc16f.jpg',NULL,1,0,'2025-10-19 17:47:55','2025-10-19 17:47:55'),(106,9522,'IMAGE','/uploads/vendor-services/7/9522/22fd65db1d894fafada702fbbd97ca3e.jpg',NULL,0,1,'2025-10-19 17:48:07','2025-10-19 17:48:07'),(107,9522,'IMAGE','/uploads/vendor-services/7/9522/b2eda403e6b14a0ca14af1202527dfa6.png',NULL,1,0,'2025-10-19 17:48:07','2025-10-19 17:48:07'),(108,9555,'IMAGE','/uploads/vendor-services/2/9555/4df4e8cd3f4847389fd2c9557d5b0faf.jpg',NULL,0,1,'2025-10-19 17:48:20','2025-10-19 17:48:20'),(109,9555,'IMAGE','/uploads/vendor-services/2/9555/6c4e64757f1f41049d53401eb3352c04.jpg',NULL,1,0,'2025-10-19 17:48:20','2025-10-19 17:48:20'),(110,3,'IMAGE','/uploads/vendor-services/3/3/169c4508484348c5ad98cfba7e3b11c3.jpg',NULL,0,1,'2025-10-19 17:48:47','2025-10-19 17:48:47'),(111,3,'IMAGE','/uploads/vendor-services/3/3/ed5f7a6196f74d4b8f9b794b112731bf.jpg',NULL,1,0,'2025-10-19 17:48:47','2025-10-19 17:48:47'),(112,9522,'IMAGE','/uploads/vendor-services/7/9522/2848ba7068fc40bba0291e76fb672527.jpg',NULL,2,0,'2025-10-19 17:49:06','2025-10-19 17:49:06'),(113,9522,'IMAGE','/uploads/vendor-services/7/9522/8b42ae6d13f84ec7ab577453acfbd103.jpg',NULL,3,0,'2025-10-19 17:49:06','2025-10-19 17:49:06'),(114,10,'IMAGE','/uploads/vendor-services/10/10/3be671e0bd41450c9dbc21c86442cc8e.jpg',NULL,0,1,'2025-10-19 17:49:53','2025-10-19 17:49:53'),(115,10,'IMAGE','/uploads/vendor-services/10/10/69352ba3df6b41f3be74c846c0934798.jpg',NULL,1,0,'2025-10-19 17:49:53','2025-10-19 17:49:53'),(116,9520,'IMAGE','/uploads/vendor-services/1/9520/4ca2f689a5164d6eaefe1d36f9f6da8d.jpg',NULL,0,1,'2025-10-19 17:50:45','2025-10-19 17:50:45'),(117,9520,'IMAGE','/uploads/vendor-services/1/9520/c0860c7cded8472993d6a8a90d0bdcef.jpg',NULL,1,0,'2025-10-19 17:50:45','2025-10-19 17:50:45'),(118,9518,'IMAGE','/uploads/vendor-services/10/9518/0f30d7e39c4d4bd6b4b40b133cfa1bfd.jpg',NULL,0,1,'2025-10-19 17:50:57','2025-10-19 17:50:57'),(119,9518,'IMAGE','/uploads/vendor-services/10/9518/bb51c84d561b4571bdcf3601b836fa62.jpg',NULL,1,0,'2025-10-19 17:50:57','2025-10-19 17:50:57'),(120,9541,'IMAGE','/uploads/vendor-services/1/9541/dfa8ae37b3ee4a6884e30fe0dc3cd5a6.jpg',NULL,0,1,'2025-10-19 17:51:21','2025-10-19 17:51:21'),(121,9541,'IMAGE','/uploads/vendor-services/1/9541/8d9f4a20d81a4a8380210572e6d91169.jpg',NULL,1,0,'2025-10-19 17:51:21','2025-10-19 17:51:21'),(122,10,'IMAGE','/uploads/vendor-services/10/10/b61d11ca68694bffb05fb0394a22b472.jpg',NULL,2,0,'2025-10-19 17:51:54','2025-10-19 17:51:54'),(123,10,'IMAGE','/uploads/vendor-services/10/10/d98064b99c9d4dea99582893f2acbcf3.jpg',NULL,3,0,'2025-10-19 17:51:54','2025-10-19 17:51:54'),(128,9538,'IMAGE','/uploads/vendor-services/9/9538/ac066352a7d848828327eba8ad66b39b.jpg',NULL,0,1,'2025-10-19 17:55:41','2025-10-19 17:55:41'),(129,9538,'IMAGE','/uploads/vendor-services/9/9538/dbf93820f449402db03fd6b384e45a3f.jpg',NULL,1,0,'2025-10-19 17:55:41','2025-10-19 17:55:41'),(132,9560,'IMAGE','/uploads/vendor-services/9/9560/e837dbbd6ca14a4493e88f190fb244f9.jpg',NULL,0,1,'2025-10-19 17:56:20','2025-10-19 17:56:20'),(133,9560,'IMAGE','/uploads/vendor-services/9/9560/65123078442746638fc69efa76f3ac9e.jpg',NULL,1,0,'2025-10-19 17:56:20','2025-10-19 17:56:20'),(136,9562,'IMAGE','/uploads/vendor-services/9/9562/9afbfcc5f04546f5966b520d9e6c2531.jpg',NULL,0,1,'2025-10-19 17:56:44','2025-10-19 17:56:44'),(137,9562,'IMAGE','/uploads/vendor-services/9/9562/86c60d8d349f41a9a747d3185d7df096.jpg',NULL,1,0,'2025-10-19 17:56:44','2025-10-19 17:56:44'),(138,9543,'IMAGE','/uploads/vendor-services/1/9543/b99be18cef684bfa81cd6c6a85bd6a77.jpg',NULL,0,1,'2025-10-19 17:57:10','2025-10-19 17:57:10'),(139,9543,'IMAGE','/uploads/vendor-services/1/9543/8e886c26809f43fb8fbb46b2a50ce1bd.jpg',NULL,1,0,'2025-10-19 17:57:10','2025-10-19 17:57:10'),(140,9563,'IMAGE','/uploads/vendor-services/9/9563/b006d48059804dda89fbb1925f64936f.jpg',NULL,0,1,'2025-10-19 17:57:35','2025-10-19 17:57:35'),(141,9563,'IMAGE','/uploads/vendor-services/9/9563/e243287e7d444bcea100032847d3b802.jpg',NULL,1,0,'2025-10-19 17:57:35','2025-10-19 17:57:35'),(146,9565,'IMAGE','/uploads/vendor-services/4/9565/0d45820de9894a61a3d2bb4e47955993.jpg',NULL,0,1,'2025-10-19 17:59:31','2025-10-19 17:59:31'),(147,9565,'IMAGE','/uploads/vendor-services/4/9565/0602729ce8ef48e4a11de5a9e24533fa.jpg',NULL,1,0,'2025-10-19 17:59:31','2025-10-19 17:59:31'),(148,9558,'IMAGE','/uploads/vendor-services/4/9558/4f580827c0644ab78b95dd69c3280927.webp',NULL,2,0,'2025-10-19 18:03:17','2025-10-19 18:03:17'),(149,9558,'IMAGE','/uploads/vendor-services/4/9558/1152ddab814643599a958745eb24210b.png',NULL,3,0,'2025-10-19 18:03:17','2025-10-19 18:03:17'),(150,9566,'IMAGE','/uploads/vendor-services/4/9566/29c00f3ef4524ee7bb9c6e3d5c746453.webp',NULL,0,1,'2025-10-19 18:03:38','2025-10-19 18:03:38'),(151,9566,'IMAGE','/uploads/vendor-services/4/9566/fa3acd5e96f74a18ad72bec66e6deca5.png',NULL,1,0,'2025-10-19 18:03:38','2025-10-19 18:03:38'),(152,8,'IMAGE','/uploads/vendor-services/8/8/3bc666953ab4486e84a544cd5d9cde23.jpg',NULL,0,1,'2025-10-19 18:04:22','2025-10-19 18:04:22'),(153,8,'IMAGE','/uploads/vendor-services/8/8/7f7761834e464cc18dd18624d4b84cde.jpg',NULL,1,0,'2025-10-19 18:04:22','2025-10-19 18:04:22'),(154,9523,'IMAGE','/uploads/vendor-services/8/9523/59ff47cdedfe4961a689a1b5e4897546.jpg',NULL,0,1,'2025-10-19 18:05:09','2025-10-19 18:05:09'),(155,9523,'IMAGE','/uploads/vendor-services/8/9523/da1696d1d63e4d8b9d508d65adddd950.jpg',NULL,1,0,'2025-10-19 18:05:09','2025-10-19 18:05:09'),(156,2,'IMAGE','/uploads/vendor-services/2/2/868a4da99b0248bbb44b0977793f73d9.jpg',NULL,0,1,'2025-10-19 18:05:50','2025-10-19 18:05:50'),(157,2,'IMAGE','/uploads/vendor-services/2/2/2741d342f2cb4098bec0655b716ac9a2.jpg',NULL,1,0,'2025-10-19 18:05:50','2025-10-19 18:05:50'),(158,14,'IMAGE','/uploads/vendor-services/15/14/e626ee1913334d2fbd4462dc187b04df.jpg',NULL,1,1,'2025-10-19 18:06:24','2025-10-19 18:06:38'),(159,14,'IMAGE','/uploads/vendor-services/15/14/ddff3e5b7955401c87f6c23a4c5d486e.png',NULL,2,0,'2025-10-19 18:06:24','2025-10-19 18:06:24'),(160,16,'IMAGE','/uploads/vendor-services/15/16/12c71959eef44d5b8964826da338ea0f.webp',NULL,0,1,'2025-10-19 18:09:01','2025-10-19 18:09:01'),(161,16,'IMAGE','/uploads/vendor-services/15/16/33cfb85f84d2481e91a3897fc625e212.webp',NULL,1,0,'2025-10-19 18:09:14','2025-10-19 18:09:14'),(162,16,'IMAGE','/uploads/vendor-services/15/16/1d404771a84d46f8a30c7a458c04284a.webp',NULL,2,0,'2025-10-19 18:09:14','2025-10-19 18:09:14'),(163,16,'IMAGE','/uploads/vendor-services/15/16/5b9010bd2f444d48b4cba9a92a6c4416.webp',NULL,3,0,'2025-10-19 18:09:14','2025-10-19 18:09:14'),(164,9548,'IMAGE','/uploads/vendor-services/3/9548/419f0a6ae526446a82c4dd752a8936ce.jpg',NULL,0,1,'2025-10-19 18:09:52','2025-10-19 18:09:52'),(165,9548,'IMAGE','/uploads/vendor-services/3/9548/0638da58e4314ec3a55f58d4bd37913e.jpg',NULL,1,0,'2025-10-19 18:09:52','2025-10-19 18:09:52'),(166,9549,'IMAGE','/uploads/vendor-services/3/9549/2ceda835e7d74e439dd8db794330c0ea.jpg',NULL,0,1,'2025-10-19 18:10:14','2025-10-19 18:10:14'),(167,9549,'IMAGE','/uploads/vendor-services/3/9549/e5b0addd80d64224bc335f9435c09b27.jpg',NULL,1,0,'2025-10-19 18:10:14','2025-10-19 18:10:14'),(168,9577,'IMAGE','/uploads/vendor-services/10/9577/3a4b6fbb3b734f969e4c16ca26756a3e.jpg',NULL,0,1,'2025-10-19 18:10:45','2025-10-19 18:10:45'),(169,9577,'IMAGE','/uploads/vendor-services/10/9577/4469183b0c414ec2be9b4d60c7900323.webp',NULL,1,0,'2025-10-19 18:10:45','2025-10-19 18:10:45'),(170,9519,'IMAGE','/uploads/vendor-services/15/9519/b4f856d45510415688bcfb3befb6066f.jpg',NULL,0,1,'2025-10-19 18:11:09','2025-10-19 18:11:09'),(171,9519,'IMAGE','/uploads/vendor-services/15/9519/d29e56bf7da44c6dab2d67c331c2e5ce.jpg',NULL,1,0,'2025-10-19 18:11:09','2025-10-19 18:11:09'),(172,9521,'IMAGE','/uploads/vendor-services/15/9521/0655872ad5024402bca5014196aaec07.jpg',NULL,0,1,'2025-10-19 18:11:41','2025-10-19 18:11:41'),(173,9521,'IMAGE','/uploads/vendor-services/15/9521/436cb858f39e4b268e8a06bdda608efd.jpg',NULL,1,0,'2025-10-19 18:11:41','2025-10-19 18:11:41'),(174,9516,'IMAGE','/uploads/vendor-services/1/9516/ea012c4338e9418cb7f7bdc380b35b1f.jpg',NULL,0,1,'2025-10-19 18:12:07','2025-10-19 18:12:07'),(175,9516,'IMAGE','/uploads/vendor-services/1/9516/4291ee14a163459e9a53d13720aef56d.jpg',NULL,1,0,'2025-10-19 18:12:07','2025-10-19 18:12:07'),(176,9517,'IMAGE','/uploads/vendor-services/10/9517/7ae51fbb961a4f78b90be13eaa47b26a.jpg',NULL,0,1,'2025-10-19 18:12:25','2025-10-19 18:12:25'),(177,9517,'IMAGE','/uploads/vendor-services/10/9517/b98d039b7af34685b55b8fcfa5bb2391.jpg',NULL,1,0,'2025-10-19 18:12:25','2025-10-19 18:12:25'),(178,9578,'IMAGE','/uploads/vendor-services/1/9578/abb3feebbc43420bb8c40304b0edd9b4.jpg',NULL,0,1,'2025-10-19 18:12:44','2025-10-19 18:12:44'),(179,9578,'IMAGE','/uploads/vendor-services/1/9578/784242972ba648e29fd41bfb54dc47f7.jpg',NULL,1,0,'2025-10-19 18:12:44','2025-10-19 18:12:44'),(180,9545,'IMAGE','/uploads/vendor-services/10/9545/c4994cc5573142d69d2e97e9f61694a5.jpg',NULL,0,1,'2025-10-19 18:12:59','2025-10-19 18:12:59'),(181,9545,'IMAGE','/uploads/vendor-services/10/9545/76a7d2cc5f7045feb602e77e19b59238.jpg',NULL,1,0,'2025-10-19 18:12:59','2025-10-19 18:12:59'),(182,13,'IMAGE','/uploads/vendor-services/15/13/4f9143bf3c92419d8068589c923d2d7b.jpg',NULL,0,1,'2025-10-19 18:18:50','2025-10-19 18:18:50'),(183,13,'IMAGE','/uploads/vendor-services/15/13/eeb6d208a7244feb838eec4cc33bdbbf.jpg',NULL,1,0,'2025-10-19 18:18:50','2025-10-19 18:18:50'),(185,16,'VIDEO','https://youtu.be/Q-sp2tePZBs?si=6a1KCeiSYZwvdrJF','Video cách lắp vòi xịt của NamTun',5,0,'2025-10-19 22:03:58','2025-10-19 22:03:58'),(186,16,'VIDEO','https://www.youtube.com/watch?v=LgbO1gi50QI','Cấu tạo và nguyên tắc hoạt động của vòi xịt vệ sinh',6,0,'2025-10-19 22:38:50','2025-10-19 22:38:50');
/*!40000 ALTER TABLE `vendor_service_media` ENABLE KEYS */;
UNLOCK TABLES;

--
-- Table structure for table `vendor_service_review`
--

DROP TABLE IF EXISTS `vendor_service_review`;
/*!40101 SET @saved_cs_client     = @@character_set_client */;
/*!50503 SET character_set_client = utf8mb4 */;
CREATE TABLE `vendor_service_review` (
  `id` bigint NOT NULL AUTO_INCREMENT,
  `vendor_service_id` bigint NOT NULL,
  `customer_id` bigint NOT NULL,
  `service_order_item_id` bigint DEFAULT NULL,
  `rating` tinyint unsigned NOT NULL,
  `content` text COLLATE utf8mb4_unicode_ci NOT NULL,
  `created_at` timestamp NULL DEFAULT CURRENT_TIMESTAMP,
  `updated_at` timestamp NULL DEFAULT CURRENT_TIMESTAMP ON UPDATE CURRENT_TIMESTAMP,
  `hidden` tinyint(1) NOT NULL DEFAULT '0',
  `hidden_reason` varchar(255) COLLATE utf8mb4_unicode_ci DEFAULT NULL,
  `hidden_by_admin_id` bigint DEFAULT NULL,
  `hidden_at` datetime DEFAULT NULL,
  `vendor_id` bigint NOT NULL,
  PRIMARY KEY (`id`),
  UNIQUE KEY `uq_service_review_item` (`service_order_item_id`),
  KEY `fk_vsr_vs` (`vendor_service_id`),
  KEY `fk_vsr_customer` (`customer_id`),
  CONSTRAINT `fk_vsr_customer` FOREIGN KEY (`customer_id`) REFERENCES `user` (`id`) ON DELETE CASCADE,
  CONSTRAINT `fk_vsr_soi` FOREIGN KEY (`service_order_item_id`) REFERENCES `service_order_item` (`id`) ON DELETE SET NULL,
  CONSTRAINT `fk_vsr_vs` FOREIGN KEY (`vendor_service_id`) REFERENCES `vendor_service` (`id`) ON DELETE CASCADE,
  CONSTRAINT `vendor_service_review_chk_1` CHECK (((`rating` is null) or (`rating` between 1 and 5))),
  CONSTRAINT `vendor_service_review_chk_2` CHECK ((`rating` between 1 and 5))
) ENGINE=InnoDB AUTO_INCREMENT=148 DEFAULT CHARSET=utf8mb4 COLLATE=utf8mb4_unicode_ci;
/*!40101 SET character_set_client = @saved_cs_client */;

--
-- Dumping data for table `vendor_service_review`
--

LOCK TABLES `vendor_service_review` WRITE;
/*!40000 ALTER TABLE `vendor_service_review` DISABLE KEYS */;
INSERT INTO `vendor_service_review` VALUES (1,1,1,1,5,'Sạch sẽ','2025-09-20 05:24:29','2025-09-26 08:56:11',0,NULL,NULL,NULL,12),(2,2,2,2,4,'Mát lạnh','2025-09-20 05:24:29','2025-09-26 08:53:45',0,NULL,NULL,NULL,1),(3,3,3,3,5,'Hết rò rỉ','2025-09-20 05:24:29','2025-09-26 08:53:45',0,NULL,NULL,NULL,2),(4,4,4,4,4,'Sơn đẹp','2025-09-20 05:24:29','2025-09-26 08:53:45',0,NULL,NULL,NULL,3),(5,5,5,5,5,'Chống thấm tốt','2025-09-20 05:24:29','2025-09-26 08:53:45',0,NULL,NULL,NULL,4),(6,6,6,6,5,'OK','2025-09-20 05:24:29','2025-09-26 08:53:45',0,NULL,NULL,NULL,5),(7,7,7,7,5,'Điện ổn','2025-09-20 05:24:29','2025-09-26 08:53:45',0,NULL,NULL,NULL,6),(8,8,8,8,4,'Lắp đẹp','2025-09-20 05:24:29','2025-09-26 08:53:45',0,NULL,NULL,NULL,7),(9,9,9,9,5,'Đúng mô tả','2025-09-20 05:24:29','2025-09-26 08:53:45',0,NULL,NULL,NULL,8),(10,10,10,10,4,'Ổn','2025-09-20 05:24:29','2025-09-26 08:53:45',0,NULL,NULL,NULL,9),(11,11,19,11,5,'Dọn sạch, đúng giờ.','2025-09-21 11:00:00','2025-09-26 08:53:45',0,NULL,NULL,NULL,10),(22,11,14,NULL,5,'Gói 1 làm kỹ, đáng tiền.','2025-09-26 16:51:31','2025-10-01 16:51:31',0,NULL,NULL,NULL,15),(23,12,17,NULL,4,'Vệ sinh ổn, hơi chậm khâu lắp.','2025-09-27 16:51:31','2025-10-01 16:51:31',0,NULL,NULL,NULL,15),(24,13,18,NULL,5,'Khử khuẩn nhanh, chuyên nghiệp.','2025-09-28 16:51:31','2025-10-01 16:51:31',0,NULL,NULL,NULL,15),(25,14,19,NULL,3,'Giặt sofa sạch nhưng hơi mùi.','2025-09-29 16:51:31','2025-10-01 16:51:31',0,NULL,NULL,NULL,15),(26,16,20,NULL,4,'Vệ sinh kính tốt.','2025-09-30 16:51:31','2025-10-01 16:51:31',0,NULL,NULL,NULL,15),(28,9559,14,NULL,5,'Dịch vụ tốt','2025-10-04 02:56:25','2025-10-04 02:56:25',0,NULL,NULL,NULL,4),(29,9561,14,NULL,5,'Dịch vụ tốt','2025-10-04 02:56:25','2025-10-04 02:56:25',0,NULL,NULL,NULL,9),(30,9546,14,NULL,5,'Dịch vụ tốt','2025-10-04 02:56:25','2025-10-04 02:56:25',0,NULL,NULL,NULL,1),(31,9544,14,NULL,5,'Dịch vụ tốt','2025-10-04 02:56:25','2025-10-04 02:56:25',0,NULL,NULL,NULL,6),(32,9552,14,NULL,5,'Dịch vụ tốt','2025-10-04 02:56:25','2025-10-04 02:56:25',0,NULL,NULL,NULL,7),(33,9553,14,NULL,5,'Dịch vụ tốt','2025-10-04 02:56:25','2025-10-04 02:56:25',0,NULL,NULL,NULL,2),(34,9556,14,NULL,5,'Dịch vụ tốt','2025-10-04 02:56:25','2025-10-04 02:56:25',0,NULL,NULL,NULL,3),(35,9551,14,NULL,5,'Dịch vụ tốt','2025-10-04 02:56:25','2025-10-04 02:56:25',0,NULL,NULL,NULL,7),(36,9554,14,NULL,5,'Dịch vụ tốt','2025-10-04 02:56:25','2025-10-04 02:56:25',0,NULL,NULL,NULL,8),(37,9547,14,NULL,5,'Dịch vụ tốt','2025-10-04 02:56:25','2025-10-04 02:56:25',0,NULL,NULL,NULL,15),(38,9557,14,NULL,5,'Dịch vụ tốt','2025-10-04 02:56:25','2025-10-04 02:56:25',0,NULL,NULL,NULL,5),(39,9558,14,NULL,5,'Dịch vụ tốt','2025-10-04 02:56:25','2025-10-04 02:56:25',0,NULL,NULL,NULL,4),(40,9555,14,NULL,5,'Dịch vụ tốt','2025-10-04 02:56:25','2025-10-04 02:56:25',0,NULL,NULL,NULL,2),(41,9548,14,NULL,5,'Dịch vụ tốt','2025-10-04 02:56:25','2025-10-04 02:56:25',0,NULL,NULL,NULL,3),(42,9549,14,NULL,5,'Dịch vụ tốt','2025-10-04 02:56:25','2025-10-04 02:56:25',0,NULL,NULL,NULL,3),(43,9560,14,NULL,5,'Dịch vụ tốt','2025-10-04 02:56:25','2025-10-04 02:56:25',0,NULL,NULL,NULL,9),(44,9545,14,NULL,5,'Dịch vụ tốt','2025-10-04 02:56:25','2025-10-04 02:56:25',0,NULL,NULL,NULL,10),(59,17,14,NULL,4,'Dịch vụ tốt','2025-10-04 02:56:25','2025-10-04 02:56:25',0,NULL,NULL,NULL,1),(60,9516,14,NULL,4,'Dịch vụ tốt','2025-10-04 02:56:25','2025-10-04 02:56:25',0,NULL,NULL,NULL,1),(61,9520,14,NULL,4,'Dịch vụ tốt','2025-10-04 02:56:25','2025-10-04 02:56:25',0,NULL,NULL,NULL,1),(62,9541,14,NULL,4,'Dịch vụ tốt','2025-10-04 02:56:25','2025-10-04 02:56:25',0,NULL,NULL,NULL,1),(63,9543,14,NULL,4,'Dịch vụ tốt','2025-10-04 02:56:25','2025-10-04 02:56:25',0,NULL,NULL,NULL,1),(64,9550,14,NULL,4,'Dịch vụ tốt','2025-10-04 02:56:25','2025-10-04 02:56:25',0,NULL,NULL,NULL,3),(65,9524,14,NULL,4,'Dịch vụ tốt','2025-10-04 02:56:25','2025-10-04 02:56:25',0,NULL,NULL,NULL,4),(66,9526,14,NULL,4,'Dịch vụ tốt','2025-10-04 02:56:25','2025-10-04 02:56:25',0,NULL,NULL,NULL,4),(67,9528,14,NULL,4,'Dịch vụ tốt','2025-10-04 02:56:25','2025-10-04 02:56:25',0,NULL,NULL,NULL,5),(68,9530,14,NULL,4,'Dịch vụ tốt','2025-10-04 02:56:25','2025-10-04 02:56:25',0,NULL,NULL,NULL,5),(69,9532,14,NULL,4,'Dịch vụ tốt','2025-10-04 02:56:25','2025-10-04 02:56:25',0,NULL,NULL,NULL,5),(70,9522,14,NULL,4,'Dịch vụ tốt','2025-10-04 02:56:25','2025-10-04 02:56:25',0,NULL,NULL,NULL,7),(71,9523,14,NULL,4,'Dịch vụ tốt','2025-10-04 02:56:25','2025-10-04 02:56:25',0,NULL,NULL,NULL,8),(72,9534,14,NULL,4,'Dịch vụ tốt','2025-10-04 02:56:25','2025-10-04 02:56:25',0,NULL,NULL,NULL,9),(73,9536,14,NULL,4,'Dịch vụ tốt','2025-10-04 02:56:25','2025-10-04 02:56:25',0,NULL,NULL,NULL,9),(74,9538,14,NULL,4,'Dịch vụ tốt','2025-10-04 02:56:25','2025-10-04 02:56:25',0,NULL,NULL,NULL,9),(75,9540,14,NULL,4,'Dịch vụ tốt','2025-10-04 02:56:25','2025-10-04 02:56:25',0,NULL,NULL,NULL,9),(76,9542,14,NULL,4,'Dịch vụ tốt','2025-10-04 02:56:25','2025-10-04 02:56:25',0,NULL,NULL,NULL,9),(77,9517,14,NULL,4,'Dịch vụ tốt','2025-10-04 02:56:25','2025-10-04 02:56:25',0,NULL,NULL,NULL,10),(78,9518,14,NULL,4,'Dịch vụ tốt','2025-10-04 02:56:25','2025-10-04 02:56:25',0,NULL,NULL,NULL,10),(79,9509,14,NULL,4,'Dịch vụ tốt','2025-10-04 02:56:25','2025-10-04 02:56:25',0,NULL,NULL,NULL,15),(80,9519,14,NULL,4,'Dịch vụ tốt','2025-10-04 02:56:25','2025-10-04 02:56:25',0,NULL,NULL,NULL,15),(81,9521,14,NULL,4,'Dịch vụ tốt','2025-10-04 02:56:25','2025-10-04 02:56:25',0,NULL,NULL,NULL,15),(122,9547,1,NULL,4,'Phun khử khuẩn ổn','2025-10-04 02:57:33','2025-10-04 02:57:33',0,NULL,NULL,NULL,15),(123,9552,2,NULL,5,'Kiểm tra chập chuẩn xác','2025-10-04 02:57:33','2025-10-04 02:57:33',0,NULL,NULL,NULL,7),(124,9556,3,NULL,4,'Lắp máy bơm gọn gàng','2025-10-04 02:57:33','2025-10-04 02:57:33',0,NULL,NULL,NULL,3),(125,9560,4,NULL,4,'Vệ sinh bể nước kỹ','2025-10-04 02:57:33','2025-10-04 02:57:33',0,NULL,NULL,NULL,9),(126,9557,5,NULL,4,'Thi công chống thấm ổn','2025-10-04 02:57:33','2025-10-04 02:57:33',0,NULL,NULL,NULL,5),(127,9561,6,NULL,5,'Cắt tỉa đúng ý','2025-10-04 02:57:33','2025-10-04 02:57:33',0,NULL,NULL,NULL,9),(134,9562,14,NULL,5,'Dịch vụ tốt','2025-10-04 03:09:12','2025-10-04 03:09:12',0,NULL,NULL,NULL,9),(135,9563,17,NULL,4,'Ổn, đúng hẹn','2025-10-04 03:09:12','2025-10-04 03:09:12',0,NULL,NULL,NULL,9),(136,9564,14,NULL,5,'Chống thấm hiệu quả','2025-10-04 03:09:12','2025-10-04 03:09:12',0,NULL,NULL,NULL,5),(137,9565,17,NULL,4,'Bề mặt phẳng','2025-10-04 03:09:12','2025-10-04 03:09:12',0,NULL,NULL,NULL,4),(138,9566,14,NULL,5,'Màu đều đẹp','2025-10-04 03:09:12','2025-10-04 03:09:12',0,NULL,NULL,NULL,4),(139,9575,17,NULL,5,'Sạch sẽ gọn gàng','2025-10-04 03:09:12','2025-10-04 03:09:12',0,NULL,NULL,NULL,1),(140,9577,17,NULL,4,'Khử khuẩn nhanh','2025-10-04 03:09:12','2025-10-04 03:09:12',0,NULL,NULL,NULL,10),(141,9578,14,NULL,5,'Kính bóng sạch','2025-10-04 03:09:12','2025-10-04 03:09:12',0,NULL,NULL,NULL,1),(142,16,15,NULL,5,'Vệ sinh vòi xịt tuyệt vời','2025-09-30 16:51:31','2025-10-01 16:51:31',0,NULL,NULL,NULL,15),(143,16,14,9924,5,'Cảm ơn ạ','2025-10-17 13:25:15','2025-10-17 13:25:14',0,NULL,NULL,NULL,15),(144,13,14,9907,5,'Dịch vụ tuyệt vời quá !!!','2025-10-17 13:36:09','2025-10-17 13:36:09',0,NULL,NULL,NULL,15),(145,16,14,9925,5,'Hay quá','2025-10-17 13:36:55','2025-10-17 13:36:54',0,NULL,NULL,NULL,15),(146,16,14,9898,4,'Dịch vụ hôm này chờ hơi lâu nhưng nhiệt tình','2025-10-17 13:43:02','2025-10-17 13:43:01',0,NULL,NULL,NULL,15),(147,16,14,9902,5,'Dịch vụ tốt','2025-10-18 10:46:45','2025-10-18 10:46:44',0,NULL,NULL,NULL,15);
/*!40000 ALTER TABLE `vendor_service_review` ENABLE KEYS */;
UNLOCK TABLES;

--
-- Table structure for table `vendor_skill`
--

DROP TABLE IF EXISTS `vendor_skill`;
/*!40101 SET @saved_cs_client     = @@character_set_client */;
/*!50503 SET character_set_client = utf8mb4 */;
CREATE TABLE `vendor_skill` (
  `id` bigint NOT NULL AUTO_INCREMENT,
  `vendor_id` bigint NOT NULL,
  `name` varchar(150) COLLATE utf8mb4_unicode_ci NOT NULL,
  `slug` varchar(180) COLLATE utf8mb4_unicode_ci NOT NULL,
  PRIMARY KEY (`id`),
  UNIQUE KEY `uk_vendor_skill` (`vendor_id`,`slug`),
  CONSTRAINT `fk_vskill_vendor` FOREIGN KEY (`vendor_id`) REFERENCES `vendor_profile` (`user_id`) ON DELETE CASCADE
) ENGINE=InnoDB AUTO_INCREMENT=17 DEFAULT CHARSET=utf8mb4 COLLATE=utf8mb4_unicode_ci;
/*!40101 SET character_set_client = @saved_cs_client */;

--
-- Dumping data for table `vendor_skill`
--

LOCK TABLES `vendor_skill` WRITE;
/*!40000 ALTER TABLE `vendor_skill` DISABLE KEYS */;
INSERT INTO `vendor_skill` VALUES (1,1,'Vệ sinh nhà','ve-sinh-nha'),(2,2,'Bảo dưỡng điều hòa','bao-duong-dieu-hoa'),(3,3,'Sửa ống nước','sua-ong-nuoc'),(4,4,'Sơn tường','son-tuong'),(5,5,'Chống thấm sân thượng','chong-tham-san-thuong'),(6,6,'Giặt thảm','giat-tham'),(7,7,'Sửa điện ổ cắm','sua-dien-o-cam'),(8,8,'Lắp đèn downlight','lap-den-downlight'),(9,9,'Bảo trì hệ thống','bao-tri-he-thong'),(10,10,'Vệ sinh công nghiệp','ve-sinh-cong-nghiep'),(11,15,'Vệ sinh căn hộ','ve-sinh-can-ho'),(12,15,'Vệ sinh điều hòa','ve-sinh-dieu-hoa'),(13,15,'Thợ nước cơ bản','tho-nuoc-co-ban'),(14,15,'Sửa điện gia dụng','sua-dien-gia-dung'),(15,15,'Vệ sinh công nghiệp','ve-sinh-cong-nghiep');
/*!40000 ALTER TABLE `vendor_skill` ENABLE KEYS */;
UNLOCK TABLES;
/*!40103 SET TIME_ZONE=@OLD_TIME_ZONE */;

/*!40101 SET SQL_MODE=@OLD_SQL_MODE */;
/*!40014 SET FOREIGN_KEY_CHECKS=@OLD_FOREIGN_KEY_CHECKS */;
/*!40014 SET UNIQUE_CHECKS=@OLD_UNIQUE_CHECKS */;
/*!40101 SET CHARACTER_SET_CLIENT=@OLD_CHARACTER_SET_CLIENT */;
/*!40101 SET CHARACTER_SET_RESULTS=@OLD_CHARACTER_SET_RESULTS */;
/*!40101 SET COLLATION_CONNECTION=@OLD_COLLATION_CONNECTION */;
/*!40111 SET SQL_NOTES=@OLD_SQL_NOTES */;

-- Dump completed on 2025-10-19 22:41:46
